   Qt/MSBuild: 3.4.1.0
  Reading Qt configuration (E:/Qt/Qt5.14.2/5.14.2/msvc2017_64/bin/qmake)
   Qt: 5.14.2
  uic frmEdgeWidthMeasure.ui
  rcc sub_res.qrc
  moc autoMeasure\component\CvMediaPlayer.h
  moc autoMeasure\controller\CvFrameController.h
  moc autoMeasure\controller\MediaController.h
  moc autoMeasure\model\ObjectListModel.h
  moc autoMeasure\system\FileHandler.h
  moc autoMeasure\system\HttpManager.h
  moc autoMeasure\system\ImageProvider.h
  moc autoMeasure\service\CvBaseService.h
  moc autoMeasure\service\GrayService.h
  moc autoMeasure\service\MeasureA4Service.h
  moc autoMeasure\service\MeasureCoinService.h
  moc autoMeasure\service\UnDistortService.h
  moc Toolnterface.h
  moc QToolBase.h
  moc mytitlebar.h
  moc frmEdgeWidthMeasure.h
  moc QGraphicsViews.h
  moc QGraphicsScenes.h
  moc ImageItem.h
  moc BaseItem.h
  moc ControlItem.h
  moc EdgeWidthMeasure.h
  CvMediaPlayer.cpp
  CvMediaPlayerRenderer.cpp
  CvFrameController.cpp
  MediaController.cpp
  ObjectListModel.cpp
  CvBaseService.cpp
  GrayService.cpp
  MeasureA4Service.cpp
  MeasureCoinService.cpp
  UnDistortService.cpp
  WipeOffService.cpp
  FileHandler.cpp
  HttpManager.cpp
  ImageProvider.cpp
  CvImageUtil.cpp
  CvLineUtil.cpp
  CvPointUtil.cpp
  find_line.cpp
  frmEdgeWidthMeasure.cpp
  imageBaseOP.cpp
G:\QMacVisual(CV3)(25000)\QMacVisual(CV3)2022.9.21(25000)\QMacVisual(CV3)\QPlugins\GeometryMeasure\EdgeWidthMeasure\autoMeasure\model\ObjectListModel.cpp(1,1): warning C4828: 文件包含在偏移 0x14fa 处开始的字符，该字符在当前源字符集中无效(代码页 65001)。
G:\QMacVisual(CV3)(25000)\QMacVisual(CV3)2022.9.21(25000)\QMacVisual(CV3)\QPlugins\GeometryMeasure\EdgeWidthMeasure\autoMeasure\model\ObjectListModel.cpp(1,1): warning C4828: 文件包含在偏移 0x14fc 处开始的字符，该字符在当前源字符集中无效(代码页 65001)。
G:\QMacVisual(CV3)(25000)\QMacVisual(CV3)2022.9.21(25000)\QMacVisual(CV3)\QPlugins\GeometryMeasure\EdgeWidthMeasure\autoMeasure\model\ObjectListModel.cpp(1,1): warning C4828: 文件包含在偏移 0x14fd 处开始的字符，该字符在当前源字符集中无效(代码页 65001)。
G:\QMacVisual(CV3)(25000)\QMacVisual(CV3)2022.9.21(25000)\QMacVisual(CV3)\QPlugins\GeometryMeasure\EdgeWidthMeasure\autoMeasure\model\ObjectListModel.cpp(1,1): warning C4828: 文件包含在偏移 0x1505 处开始的字符，该字符在当前源字符集中无效(代码页 65001)。
G:\QMacVisual(CV3)(25000)\QMacVisual(CV3)2022.9.21(25000)\QMacVisual(CV3)\QPlugins\GeometryMeasure\EdgeWidthMeasure\autoMeasure\model\ObjectListModel.cpp(1,1): warning C4828: 文件包含在偏移 0x1506 处开始的字符，该字符在当前源字符集中无效(代码页 65001)。
G:\QMacVisual(CV3)(25000)\QMacVisual(CV3)2022.9.21(25000)\QMacVisual(CV3)\QPlugins\GeometryMeasure\EdgeWidthMeasure\autoMeasure\model\ObjectListModel.cpp(1,1): warning C4828: 文件包含在偏移 0x150e 处开始的字符，该字符在当前源字符集中无效(代码页 65001)。
G:\QMacVisual(CV3)(25000)\QMacVisual(CV3)2022.9.21(25000)\QMacVisual(CV3)\QPlugins\GeometryMeasure\EdgeWidthMeasure\autoMeasure\model\ObjectListModel.cpp(1,1): warning C4828: 文件包含在偏移 0x150f 处开始的字符，该字符在当前源字符集中无效(代码页 65001)。
G:\QMacVisual(CV3)(25000)\QMacVisual(CV3)2022.9.21(25000)\QMacVisual(CV3)\QPlugins\GeometryMeasure\EdgeWidthMeasure\imageBaseOP.h(1,1): warning C4828: 文件包含在偏移 0x57 处开始的字符，该字符在当前源字符集中无效(代码页 65001)。
  (编译源文件“imageBaseOP.cpp”)
  
G:\QMacVisual(CV3)(25000)\QMacVisual(CV3)2022.9.21(25000)\QMacVisual(CV3)\QPlugins\GeometryMeasure\EdgeWidthMeasure\imageBaseOP.h(1,1): warning C4828: 文件包含在偏移 0x59 处开始的字符，该字符在当前源字符集中无效(代码页 65001)。
  (编译源文件“imageBaseOP.cpp”)
  
G:\QMacVisual(CV3)(25000)\QMacVisual(CV3)2022.9.21(25000)\QMacVisual(CV3)\QPlugins\GeometryMeasure\EdgeWidthMeasure\imageBaseOP.h(1,1): warning C4828: 文件包含在偏移 0x5b 处开始的字符，该字符在当前源字符集中无效(代码页 65001)。
  (编译源文件“imageBaseOP.cpp”)
  
G:\QMacVisual(CV3)(25000)\QMacVisual(CV3)2022.9.21(25000)\QMacVisual(CV3)\QPlugins\GeometryMeasure\EdgeWidthMeasure\imageBaseOP.h(1,1): warning C4828: 文件包含在偏移 0x5d 处开始的字符，该字符在当前源字符集中无效(代码页 65001)。
  (编译源文件“imageBaseOP.cpp”)
  
G:\QMacVisual(CV3)(25000)\QMacVisual(CV3)2022.9.21(25000)\QMacVisual(CV3)\QPlugins\GeometryMeasure\EdgeWidthMeasure\imageBaseOP.h(1,1): warning C4828: 文件包含在偏移 0x5f 处开始的字符，该字符在当前源字符集中无效(代码页 65001)。
  (编译源文件“imageBaseOP.cpp”)
  
G:\QMacVisual(CV3)(25000)\QMacVisual(CV3)2022.9.21(25000)\QMacVisual(CV3)\QPlugins\GeometryMeasure\EdgeWidthMeasure\imageBaseOP.h(1,1): warning C4828: 文件包含在偏移 0x8c 处开始的字符，该字符在当前源字符集中无效(代码页 65001)。
  (编译源文件“imageBaseOP.cpp”)
  
G:\QMacVisual(CV3)(25000)\QMacVisual(CV3)2022.9.21(25000)\QMacVisual(CV3)\QPlugins\GeometryMeasure\EdgeWidthMeasure\imageBaseOP.h(1,1): warning C4828: 文件包含在偏移 0x8d 处开始的字符，该字符在当前源字符集中无效(代码页 65001)。
  (编译源文件“imageBaseOP.cpp”)
  
G:\QMacVisual(CV3)(25000)\QMacVisual(CV3)2022.9.21(25000)\QMacVisual(CV3)\QPlugins\GeometryMeasure\EdgeWidthMeasure\imageBaseOP.h(1,1): warning C4828: 文件包含在偏移 0xbc 处开始的字符，该字符在当前源字符集中无效(代码页 65001)。
  (编译源文件“imageBaseOP.cpp”)
  
G:\QMacVisual(CV3)(25000)\QMacVisual(CV3)2022.9.21(25000)\QMacVisual(CV3)\QPlugins\GeometryMeasure\EdgeWidthMeasure\imageBaseOP.h(1,1): warning C4828: 文件包含在偏移 0xbd 处开始的字符，该字符在当前源字符集中无效(代码页 65001)。
  (编译源文件“imageBaseOP.cpp”)
  
G:\QMacVisual(CV3)(25000)\QMacVisual(CV3)2022.9.21(25000)\QMacVisual(CV3)\QPlugins\GeometryMeasure\EdgeWidthMeasure\imageBaseOP.h(1,1): warning C4828: 文件包含在偏移 0xf2 处开始的字符，该字符在当前源字符集中无效(代码页 65001)。
  (编译源文件“imageBaseOP.cpp”)
  
G:\QMacVisual(CV3)(25000)\QMacVisual(CV3)2022.9.21(25000)\QMacVisual(CV3)\QPlugins\GeometryMeasure\EdgeWidthMeasure\imageBaseOP.h(1,1): warning C4828: 文件包含在偏移 0xf3 处开始的字符，该字符在当前源字符集中无效(代码页 65001)。
  (编译源文件“imageBaseOP.cpp”)
  
G:\QMacVisual(CV3)(25000)\QMacVisual(CV3)2022.9.21(25000)\QMacVisual(CV3)\QPlugins\GeometryMeasure\EdgeWidthMeasure\imageBaseOP.h(1,1): warning C4828: 文件包含在偏移 0x125 处开始的字符，该字符在当前源字符集中无效(代码页 65001)。
  (编译源文件“imageBaseOP.cpp”)
  
G:\QMacVisual(CV3)(25000)\QMacVisual(CV3)2022.9.21(25000)\QMacVisual(CV3)\QPlugins\GeometryMeasure\EdgeWidthMeasure\imageBaseOP.h(1,1): warning C4828: 文件包含在偏移 0x126 处开始的字符，该字符在当前源字符集中无效(代码页 65001)。
  (编译源文件“imageBaseOP.cpp”)
  
G:\QMacVisual(CV3)(25000)\QMacVisual(CV3)2022.9.21(25000)\QMacVisual(CV3)\QPlugins\GeometryMeasure\EdgeWidthMeasure\imageBaseOP.h(1,1): warning C4828: 文件包含在偏移 0x132 处开始的字符，该字符在当前源字符集中无效(代码页 65001)。
  (编译源文件“imageBaseOP.cpp”)
  
G:\QMacVisual(CV3)(25000)\QMacVisual(CV3)2022.9.21(25000)\QMacVisual(CV3)\QPlugins\GeometryMeasure\EdgeWidthMeasure\imageBaseOP.h(1,1): warning C4828: 文件包含在偏移 0x133 处开始的字符，该字符在当前源字符集中无效(代码页 65001)。
  (编译源文件“imageBaseOP.cpp”)
  
G:\QMacVisual(CV3)(25000)\QMacVisual(CV3)2022.9.21(25000)\QMacVisual(CV3)\QPlugins\GeometryMeasure\EdgeWidthMeasure\imageBaseOP.h(1,1): warning C4828: 文件包含在偏移 0x175 处开始的字符，该字符在当前源字符集中无效(代码页 65001)。
  (编译源文件“imageBaseOP.cpp”)
  
G:\QMacVisual(CV3)(25000)\QMacVisual(CV3)2022.9.21(25000)\QMacVisual(CV3)\QPlugins\GeometryMeasure\EdgeWidthMeasure\imageBaseOP.h(1,1): warning C4828: 文件包含在偏移 0x176 处开始的字符，该字符在当前源字符集中无效(代码页 65001)。
  (编译源文件“imageBaseOP.cpp”)
  
G:\QMacVisual(CV3)(25000)\QMacVisual(CV3)2022.9.21(25000)\QMacVisual(CV3)\QPlugins\GeometryMeasure\EdgeWidthMeasure\imageBaseOP.h(1,1): warning C4828: 文件包含在偏移 0x177 处开始的字符，该字符在当前源字符集中无效(代码页 65001)。
  (编译源文件“imageBaseOP.cpp”)
  
G:\QMacVisual(CV3)(25000)\QMacVisual(CV3)2022.9.21(25000)\QMacVisual(CV3)\QPlugins\GeometryMeasure\EdgeWidthMeasure\imageBaseOP.h(1,1): warning C4828: 文件包含在偏移 0x178 处开始的字符，该字符在当前源字符集中无效(代码页 65001)。
  (编译源文件“imageBaseOP.cpp”)
  
G:\QMacVisual(CV3)(25000)\QMacVisual(CV3)2022.9.21(25000)\QMacVisual(CV3)\QPlugins\GeometryMeasure\EdgeWidthMeasure\imageBaseOP.h(1,1): warning C4828: 文件包含在偏移 0x1c0 处开始的字符，该字符在当前源字符集中无效(代码页 65001)。
  (编译源文件“imageBaseOP.cpp”)
  
G:\QMacVisual(CV3)(25000)\QMacVisual(CV3)2022.9.21(25000)\QMacVisual(CV3)\QPlugins\GeometryMeasure\EdgeWidthMeasure\imageBaseOP.h(1,1): warning C4828: 文件包含在偏移 0x1ce 处开始的字符，该字符在当前源字符集中无效(代码页 65001)。
  (编译源文件“imageBaseOP.cpp”)
  
G:\QMacVisual(CV3)(25000)\QMacVisual(CV3)2022.9.21(25000)\QMacVisual(CV3)\QPlugins\GeometryMeasure\EdgeWidthMeasure\imageBaseOP.h(1,1): warning C4828: 文件包含在偏移 0x1cf 处开始的字符，该字符在当前源字符集中无效(代码页 65001)。
  (编译源文件“imageBaseOP.cpp”)
  
G:\QMacVisual(CV3)(25000)\QMacVisual(CV3)2022.9.21(25000)\QMacVisual(CV3)\QPlugins\GeometryMeasure\EdgeWidthMeasure\imageBaseOP.h(1,1): warning C4828: 文件包含在偏移 0x1e2 处开始的字符，该字符在当前源字符集中无效(代码页 65001)。
  (编译源文件“imageBaseOP.cpp”)
  
G:\QMacVisual(CV3)(25000)\QMacVisual(CV3)2022.9.21(25000)\QMacVisual(CV3)\QPlugins\GeometryMeasure\EdgeWidthMeasure\imageBaseOP.h(1,1): warning C4828: 文件包含在偏移 0x1e3 处开始的字符，该字符在当前源字符集中无效(代码页 65001)。
  (编译源文件“imageBaseOP.cpp”)
  
G:\QMacVisual(CV3)(25000)\QMacVisual(CV3)2022.9.21(25000)\QMacVisual(CV3)\QPlugins\GeometryMeasure\EdgeWidthMeasure\imageBaseOP.h(1,1): warning C4828: 文件包含在偏移 0x1e5 处开始的字符，该字符在当前源字符集中无效(代码页 65001)。
  (编译源文件“imageBaseOP.cpp”)
  
G:\QMacVisual(CV3)(25000)\QMacVisual(CV3)2022.9.21(25000)\QMacVisual(CV3)\QPlugins\GeometryMeasure\EdgeWidthMeasure\imageBaseOP.h(1,1): warning C4828: 文件包含在偏移 0x1e9 处开始的字符，该字符在当前源字符集中无效(代码页 65001)。
  (编译源文件“imageBaseOP.cpp”)
  
G:\QMacVisual(CV3)(25000)\QMacVisual(CV3)2022.9.21(25000)\QMacVisual(CV3)\QPlugins\GeometryMeasure\EdgeWidthMeasure\imageBaseOP.h(1,1): warning C4828: 文件包含在偏移 0x1ed 处开始的字符，该字符在当前源字符集中无效(代码页 65001)。
  (编译源文件“imageBaseOP.cpp”)
  
G:\QMacVisual(CV3)(25000)\QMacVisual(CV3)2022.9.21(25000)\QMacVisual(CV3)\QPlugins\GeometryMeasure\EdgeWidthMeasure\imageBaseOP.h(1,1): warning C4828: 文件包含在偏移 0x1f1 处开始的字符，该字符在当前源字符集中无效(代码页 65001)。
  (编译源文件“imageBaseOP.cpp”)
  
G:\QMacVisual(CV3)(25000)\QMacVisual(CV3)2022.9.21(25000)\QMacVisual(CV3)\QPlugins\GeometryMeasure\EdgeWidthMeasure\imageBaseOP.h(1,1): warning C4828: 文件包含在偏移 0x1f3 处开始的字符，该字符在当前源字符集中无效(代码页 65001)。
  (编译源文件“imageBaseOP.cpp”)
  
G:\QMacVisual(CV3)(25000)\QMacVisual(CV3)2022.9.21(25000)\QMacVisual(CV3)\QPlugins\GeometryMeasure\EdgeWidthMeasure\imageBaseOP.h(1,1): warning C4828: 文件包含在偏移 0x1f4 处开始的字符，该字符在当前源字符集中无效(代码页 65001)。
  (编译源文件“imageBaseOP.cpp”)
  
G:\QMacVisual(CV3)(25000)\QMacVisual(CV3)2022.9.21(25000)\QMacVisual(CV3)\QPlugins\GeometryMeasure\EdgeWidthMeasure\imageBaseOP.h(1,1): warning C4828: 文件包含在偏移 0x206 处开始的字符，该字符在当前源字符集中无效(代码页 65001)。
  (编译源文件“imageBaseOP.cpp”)
  
G:\QMacVisual(CV3)(25000)\QMacVisual(CV3)2022.9.21(25000)\QMacVisual(CV3)\QPlugins\GeometryMeasure\EdgeWidthMeasure\imageBaseOP.h(1,1): warning C4828: 文件包含在偏移 0x207 处开始的字符，该字符在当前源字符集中无效(代码页 65001)。
  (编译源文件“imageBaseOP.cpp”)
  
G:\QMacVisual(CV3)(25000)\QMacVisual(CV3)2022.9.21(25000)\QMacVisual(CV3)\QPlugins\GeometryMeasure\EdgeWidthMeasure\imageBaseOP.h(1,1): warning C4828: 文件包含在偏移 0x208 处开始的字符，该字符在当前源字符集中无效(代码页 65001)。
  (编译源文件“imageBaseOP.cpp”)
  
G:\QMacVisual(CV3)(25000)\QMacVisual(CV3)2022.9.21(25000)\QMacVisual(CV3)\QPlugins\GeometryMeasure\EdgeWidthMeasure\imageBaseOP.h(1,1): warning C4828: 文件包含在偏移 0x20b 处开始的字符，该字符在当前源字符集中无效(代码页 65001)。
  (编译源文件“imageBaseOP.cpp”)
  
G:\QMacVisual(CV3)(25000)\QMacVisual(CV3)2022.9.21(25000)\QMacVisual(CV3)\QPlugins\GeometryMeasure\EdgeWidthMeasure\imageBaseOP.h(1,1): warning C4828: 文件包含在偏移 0x20f 处开始的字符，该字符在当前源字符集中无效(代码页 65001)。
  (编译源文件“imageBaseOP.cpp”)
  
G:\QMacVisual(CV3)(25000)\QMacVisual(CV3)2022.9.21(25000)\QMacVisual(CV3)\QPlugins\GeometryMeasure\EdgeWidthMeasure\imageBaseOP.h(1,1): warning C4828: 文件包含在偏移 0x264 处开始的字符，该字符在当前源字符集中无效(代码页 65001)。
  (编译源文件“imageBaseOP.cpp”)
  
G:\QMacVisual(CV3)(25000)\QMacVisual(CV3)2022.9.21(25000)\QMacVisual(CV3)\QPlugins\GeometryMeasure\EdgeWidthMeasure\imageBaseOP.h(1,1): warning C4828: 文件包含在偏移 0x265 处开始的字符，该字符在当前源字符集中无效(代码页 65001)。
  (编译源文件“imageBaseOP.cpp”)
  
G:\QMacVisual(CV3)(25000)\QMacVisual(CV3)2022.9.21(25000)\QMacVisual(CV3)\QPlugins\GeometryMeasure\EdgeWidthMeasure\imageBaseOP.h(1,1): warning C4828: 文件包含在偏移 0x266 处开始的字符，该字符在当前源字符集中无效(代码页 65001)。
  (编译源文件“imageBaseOP.cpp”)
  
G:\QMacVisual(CV3)(25000)\QMacVisual(CV3)2022.9.21(25000)\QMacVisual(CV3)\QPlugins\GeometryMeasure\EdgeWidthMeasure\imageBaseOP.h(1,1): warning C4828: 文件包含在偏移 0x2d8 处开始的字符，该字符在当前源字符集中无效(代码页 65001)。
  (编译源文件“imageBaseOP.cpp”)
  
G:\QMacVisual(CV3)(25000)\QMacVisual(CV3)2022.9.21(25000)\QMacVisual(CV3)\QPlugins\GeometryMeasure\EdgeWidthMeasure\imageBaseOP.h(1,1): warning C4828: 文件包含在偏移 0x2d9 处开始的字符，该字符在当前源字符集中无效(代码页 65001)。
  (编译源文件“imageBaseOP.cpp”)
  
G:\QMacVisual(CV3)(25000)\QMacVisual(CV3)2022.9.21(25000)\QMacVisual(CV3)\QPlugins\GeometryMeasure\EdgeWidthMeasure\imageBaseOP.h(1,1): warning C4828: 文件包含在偏移 0x2da 处开始的字符，该字符在当前源字符集中无效(代码页 65001)。
  (编译源文件“imageBaseOP.cpp”)
  
G:\QMacVisual(CV3)(25000)\QMacVisual(CV3)2022.9.21(25000)\QMacVisual(CV3)\QPlugins\GeometryMeasure\EdgeWidthMeasure\imageBaseOP.h(1,1): warning C4828: 文件包含在偏移 0x2db 处开始的字符，该字符在当前源字符集中无效(代码页 65001)。
  (编译源文件“imageBaseOP.cpp”)
  
G:\QMacVisual(CV3)(25000)\QMacVisual(CV3)2022.9.21(25000)\QMacVisual(CV3)\QPlugins\GeometryMeasure\EdgeWidthMeasure\imageBaseOP.h(1,1): warning C4828: 文件包含在偏移 0x2dd 处开始的字符，该字符在当前源字符集中无效(代码页 65001)。
  (编译源文件“imageBaseOP.cpp”)
  
G:\QMacVisual(CV3)(25000)\QMacVisual(CV3)2022.9.21(25000)\QMacVisual(CV3)\QPlugins\GeometryMeasure\EdgeWidthMeasure\imageBaseOP.h(1,1): warning C4828: 文件包含在偏移 0x341 处开始的字符，该字符在当前源字符集中无效(代码页 65001)。
  (编译源文件“imageBaseOP.cpp”)
  
G:\QMacVisual(CV3)(25000)\QMacVisual(CV3)2022.9.21(25000)\QMacVisual(CV3)\QPlugins\GeometryMeasure\EdgeWidthMeasure\imageBaseOP.h(1,1): warning C4828: 文件包含在偏移 0x342 处开始的字符，该字符在当前源字符集中无效(代码页 65001)。
  (编译源文件“imageBaseOP.cpp”)
  
G:\QMacVisual(CV3)(25000)\QMacVisual(CV3)2022.9.21(25000)\QMacVisual(CV3)\QPlugins\GeometryMeasure\EdgeWidthMeasure\imageBaseOP.h(1,1): warning C4828: 文件包含在偏移 0x3b0 处开始的字符，该字符在当前源字符集中无效(代码页 65001)。
  (编译源文件“imageBaseOP.cpp”)
  
G:\QMacVisual(CV3)(25000)\QMacVisual(CV3)2022.9.21(25000)\QMacVisual(CV3)\QPlugins\GeometryMeasure\EdgeWidthMeasure\imageBaseOP.h(1,1): warning C4828: 文件包含在偏移 0x3b8 处开始的字符，该字符在当前源字符集中无效(代码页 65001)。
  (编译源文件“imageBaseOP.cpp”)
  
G:\QMacVisual(CV3)(25000)\QMacVisual(CV3)2022.9.21(25000)\QMacVisual(CV3)\QPlugins\GeometryMeasure\EdgeWidthMeasure\imageBaseOP.h(1,1): warning C4828: 文件包含在偏移 0x3b9 处开始的字符，该字符在当前源字符集中无效(代码页 65001)。
  (编译源文件“imageBaseOP.cpp”)
  
G:\QMacVisual(CV3)(25000)\QMacVisual(CV3)2022.9.21(25000)\QMacVisual(CV3)\QPlugins\GeometryMeasure\EdgeWidthMeasure\imageBaseOP.h(1,1): warning C4828: 文件包含在偏移 0x3bc 处开始的字符，该字符在当前源字符集中无效(代码页 65001)。
  (编译源文件“imageBaseOP.cpp”)
  
G:\QMacVisual(CV3)(25000)\QMacVisual(CV3)2022.9.21(25000)\QMacVisual(CV3)\QPlugins\GeometryMeasure\EdgeWidthMeasure\imageBaseOP.h(1,1): warning C4828: 文件包含在偏移 0x3be 处开始的字符，该字符在当前源字符集中无效(代码页 65001)。
  (编译源文件“imageBaseOP.cpp”)
  
G:\QMacVisual(CV3)(25000)\QMacVisual(CV3)2022.9.21(25000)\QMacVisual(CV3)\QPlugins\GeometryMeasure\EdgeWidthMeasure\imageBaseOP.h(1,1): warning C4828: 文件包含在偏移 0x3c2 处开始的字符，该字符在当前源字符集中无效(代码页 65001)。
  (编译源文件“imageBaseOP.cpp”)
  
G:\QMacVisual(CV3)(25000)\QMacVisual(CV3)2022.9.21(25000)\QMacVisual(CV3)\QPlugins\GeometryMeasure\EdgeWidthMeasure\imageBaseOP.h(1,1): warning C4828: 文件包含在偏移 0x3c3 处开始的字符，该字符在当前源字符集中无效(代码页 65001)。
  (编译源文件“imageBaseOP.cpp”)
  
G:\QMacVisual(CV3)(25000)\QMacVisual(CV3)2022.9.21(25000)\QMacVisual(CV3)\QPlugins\GeometryMeasure\EdgeWidthMeasure\imageBaseOP.h(1,1): warning C4828: 文件包含在偏移 0x3c4 处开始的字符，该字符在当前源字符集中无效(代码页 65001)。
  (编译源文件“imageBaseOP.cpp”)
  
G:\QMacVisual(CV3)(25000)\QMacVisual(CV3)2022.9.21(25000)\QMacVisual(CV3)\QPlugins\GeometryMeasure\EdgeWidthMeasure\imageBaseOP.h(1,1): warning C4828: 文件包含在偏移 0x3f2 处开始的字符，该字符在当前源字符集中无效(代码页 65001)。
  (编译源文件“imageBaseOP.cpp”)
  
G:\QMacVisual(CV3)(25000)\QMacVisual(CV3)2022.9.21(25000)\QMacVisual(CV3)\QPlugins\GeometryMeasure\EdgeWidthMeasure\imageBaseOP.h(1,1): warning C4828: 文件包含在偏移 0x3f3 处开始的字符，该字符在当前源字符集中无效(代码页 65001)。
  (编译源文件“imageBaseOP.cpp”)
  
G:\QMacVisual(CV3)(25000)\QMacVisual(CV3)2022.9.21(25000)\QMacVisual(CV3)\QPlugins\GeometryMeasure\EdgeWidthMeasure\imageBaseOP.h(1,1): warning C4828: 文件包含在偏移 0x3f6 处开始的字符，该字符在当前源字符集中无效(代码页 65001)。
  (编译源文件“imageBaseOP.cpp”)
  
G:\QMacVisual(CV3)(25000)\QMacVisual(CV3)2022.9.21(25000)\QMacVisual(CV3)\QPlugins\GeometryMeasure\EdgeWidthMeasure\imageBaseOP.h(1,1): warning C4828: 文件包含在偏移 0x3f7 处开始的字符，该字符在当前源字符集中无效(代码页 65001)。
  (编译源文件“imageBaseOP.cpp”)
  
G:\QMacVisual(CV3)(25000)\QMacVisual(CV3)2022.9.21(25000)\QMacVisual(CV3)\QPlugins\GeometryMeasure\EdgeWidthMeasure\imageBaseOP.h(1,1): warning C4828: 文件包含在偏移 0x468 处开始的字符，该字符在当前源字符集中无效(代码页 65001)。
  (编译源文件“imageBaseOP.cpp”)
  
G:\QMacVisual(CV3)(25000)\QMacVisual(CV3)2022.9.21(25000)\QMacVisual(CV3)\QPlugins\GeometryMeasure\EdgeWidthMeasure\imageBaseOP.h(1,1): warning C4828: 文件包含在偏移 0x46a 处开始的字符，该字符在当前源字符集中无效(代码页 65001)。
  (编译源文件“imageBaseOP.cpp”)
  
G:\QMacVisual(CV3)(25000)\QMacVisual(CV3)2022.9.21(25000)\QMacVisual(CV3)\QPlugins\GeometryMeasure\EdgeWidthMeasure\imageBaseOP.h(1,1): warning C4828: 文件包含在偏移 0x48f 处开始的字符，该字符在当前源字符集中无效(代码页 65001)。
  (编译源文件“imageBaseOP.cpp”)
  
G:\QMacVisual(CV3)(25000)\QMacVisual(CV3)2022.9.21(25000)\QMacVisual(CV3)\QPlugins\GeometryMeasure\EdgeWidthMeasure\imageBaseOP.h(1,1): warning C4828: 文件包含在偏移 0x490 处开始的字符，该字符在当前源字符集中无效(代码页 65001)。
  (编译源文件“imageBaseOP.cpp”)
  
G:\QMacVisual(CV3)(25000)\QMacVisual(CV3)2022.9.21(25000)\QMacVisual(CV3)\QPlugins\GeometryMeasure\EdgeWidthMeasure\imageBaseOP.h(1,1): warning C4828: 文件包含在偏移 0x491 处开始的字符，该字符在当前源字符集中无效(代码页 65001)。
  (编译源文件“imageBaseOP.cpp”)
  
G:\QMacVisual(CV3)(25000)\QMacVisual(CV3)2022.9.21(25000)\QMacVisual(CV3)\QPlugins\GeometryMeasure\EdgeWidthMeasure\imageBaseOP.h(1,1): warning C4828: 文件包含在偏移 0x492 处开始的字符，该字符在当前源字符集中无效(代码页 65001)。
  (编译源文件“imageBaseOP.cpp”)
  
G:\QMacVisual(CV3)(25000)\QMacVisual(CV3)2022.9.21(25000)\QMacVisual(CV3)\QPlugins\GeometryMeasure\EdgeWidthMeasure\imageBaseOP.h(1,1): warning C4828: 文件包含在偏移 0x495 处开始的字符，该字符在当前源字符集中无效(代码页 65001)。
  (编译源文件“imageBaseOP.cpp”)
  
G:\QMacVisual(CV3)(25000)\QMacVisual(CV3)2022.9.21(25000)\QMacVisual(CV3)\QPlugins\GeometryMeasure\EdgeWidthMeasure\imageBaseOP.h(1,1): warning C4828: 文件包含在偏移 0x496 处开始的字符，该字符在当前源字符集中无效(代码页 65001)。
  (编译源文件“imageBaseOP.cpp”)
  
G:\QMacVisual(CV3)(25000)\QMacVisual(CV3)2022.9.21(25000)\QMacVisual(CV3)\QPlugins\GeometryMeasure\EdgeWidthMeasure\imageBaseOP.h(1,1): warning C4828: 文件包含在偏移 0x498 处开始的字符，该字符在当前源字符集中无效(代码页 65001)。
  (编译源文件“imageBaseOP.cpp”)
  
G:\QMacVisual(CV3)(25000)\QMacVisual(CV3)2022.9.21(25000)\QMacVisual(CV3)\QPlugins\GeometryMeasure\EdgeWidthMeasure\imageBaseOP.h(1,1): warning C4828: 文件包含在偏移 0x499 处开始的字符，该字符在当前源字符集中无效(代码页 65001)。
  (编译源文件“imageBaseOP.cpp”)
  
G:\QMacVisual(CV3)(25000)\QMacVisual(CV3)2022.9.21(25000)\QMacVisual(CV3)\QPlugins\GeometryMeasure\EdgeWidthMeasure\imageBaseOP.h(1,1): warning C4828: 文件包含在偏移 0x4b8 处开始的字符，该字符在当前源字符集中无效(代码页 65001)。
  (编译源文件“imageBaseOP.cpp”)
  
G:\QMacVisual(CV3)(25000)\QMacVisual(CV3)2022.9.21(25000)\QMacVisual(CV3)\QPlugins\GeometryMeasure\EdgeWidthMeasure\imageBaseOP.h(1,1): warning C4828: 文件包含在偏移 0x4b9 处开始的字符，该字符在当前源字符集中无效(代码页 65001)。
  (编译源文件“imageBaseOP.cpp”)
  
G:\QMacVisual(CV3)(25000)\QMacVisual(CV3)2022.9.21(25000)\QMacVisual(CV3)\QPlugins\GeometryMeasure\EdgeWidthMeasure\imageBaseOP.h(1,1): warning C4828: 文件包含在偏移 0x4ba 处开始的字符，该字符在当前源字符集中无效(代码页 65001)。
  (编译源文件“imageBaseOP.cpp”)
  
G:\QMacVisual(CV3)(25000)\QMacVisual(CV3)2022.9.21(25000)\QMacVisual(CV3)\QPlugins\GeometryMeasure\EdgeWidthMeasure\imageBaseOP.h(1,1): warning C4828: 文件包含在偏移 0x4bb 处开始的字符，该字符在当前源字符集中无效(代码页 65001)。
  (编译源文件“imageBaseOP.cpp”)
  
G:\QMacVisual(CV3)(25000)\QMacVisual(CV3)2022.9.21(25000)\QMacVisual(CV3)\QPlugins\GeometryMeasure\EdgeWidthMeasure\imageBaseOP.h(1,1): warning C4828: 文件包含在偏移 0x4be 处开始的字符，该字符在当前源字符集中无效(代码页 65001)。
  (编译源文件“imageBaseOP.cpp”)
  
G:\QMacVisual(CV3)(25000)\QMacVisual(CV3)2022.9.21(25000)\QMacVisual(CV3)\QPlugins\GeometryMeasure\EdgeWidthMeasure\imageBaseOP.h(1,1): warning C4828: 文件包含在偏移 0x4bf 处开始的字符，该字符在当前源字符集中无效(代码页 65001)。
  (编译源文件“imageBaseOP.cpp”)
  
G:\QMacVisual(CV3)(25000)\QMacVisual(CV3)2022.9.21(25000)\QMacVisual(CV3)\QPlugins\GeometryMeasure\EdgeWidthMeasure\imageBaseOP.h(1,1): warning C4828: 文件包含在偏移 0x4c1 处开始的字符，该字符在当前源字符集中无效(代码页 65001)。
  (编译源文件“imageBaseOP.cpp”)
  
G:\QMacVisual(CV3)(25000)\QMacVisual(CV3)2022.9.21(25000)\QMacVisual(CV3)\QPlugins\GeometryMeasure\EdgeWidthMeasure\imageBaseOP.h(1,1): warning C4828: 文件包含在偏移 0x4c3 处开始的字符，该字符在当前源字符集中无效(代码页 65001)。
  (编译源文件“imageBaseOP.cpp”)
  
G:\QMacVisual(CV3)(25000)\QMacVisual(CV3)2022.9.21(25000)\QMacVisual(CV3)\QPlugins\GeometryMeasure\EdgeWidthMeasure\imageBaseOP.h(1,1): warning C4828: 文件包含在偏移 0x4db 处开始的字符，该字符在当前源字符集中无效(代码页 65001)。
  (编译源文件“imageBaseOP.cpp”)
  
G:\QMacVisual(CV3)(25000)\QMacVisual(CV3)2022.9.21(25000)\QMacVisual(CV3)\QPlugins\GeometryMeasure\EdgeWidthMeasure\imageBaseOP.h(1,1): warning C4828: 文件包含在偏移 0x4dd 处开始的字符，该字符在当前源字符集中无效(代码页 65001)。
  (编译源文件“imageBaseOP.cpp”)
  
G:\QMacVisual(CV3)(25000)\QMacVisual(CV3)2022.9.21(25000)\QMacVisual(CV3)\QPlugins\GeometryMeasure\EdgeWidthMeasure\imageBaseOP.h(1,1): warning C4828: 文件包含在偏移 0x4de 处开始的字符，该字符在当前源字符集中无效(代码页 65001)。
  (编译源文件“imageBaseOP.cpp”)
  
G:\QMacVisual(CV3)(25000)\QMacVisual(CV3)2022.9.21(25000)\QMacVisual(CV3)\QPlugins\GeometryMeasure\EdgeWidthMeasure\imageBaseOP.h(1,1): warning C4828: 文件包含在偏移 0x4df 处开始的字符，该字符在当前源字符集中无效(代码页 65001)。
  (编译源文件“imageBaseOP.cpp”)
  
G:\QMacVisual(CV3)(25000)\QMacVisual(CV3)2022.9.21(25000)\QMacVisual(CV3)\QPlugins\GeometryMeasure\EdgeWidthMeasure\imageBaseOP.h(1,1): warning C4828: 文件包含在偏移 0x4e0 处开始的字符，该字符在当前源字符集中无效(代码页 65001)。
  (编译源文件“imageBaseOP.cpp”)
  
G:\QMacVisual(CV3)(25000)\QMacVisual(CV3)2022.9.21(25000)\QMacVisual(CV3)\QPlugins\GeometryMeasure\EdgeWidthMeasure\imageBaseOP.h(1,1): warning C4828: 文件包含在偏移 0x4e4 处开始的字符，该字符在当前源字符集中无效(代码页 65001)。
  (编译源文件“imageBaseOP.cpp”)
  
G:\QMacVisual(CV3)(25000)\QMacVisual(CV3)2022.9.21(25000)\QMacVisual(CV3)\QPlugins\GeometryMeasure\EdgeWidthMeasure\imageBaseOP.h(1,1): warning C4828: 文件包含在偏移 0x4e8 处开始的字符，该字符在当前源字符集中无效(代码页 65001)。
  (编译源文件“imageBaseOP.cpp”)
  
G:\QMacVisual(CV3)(25000)\QMacVisual(CV3)2022.9.21(25000)\QMacVisual(CV3)\QPlugins\GeometryMeasure\EdgeWidthMeasure\imageBaseOP.h(1,1): warning C4828: 文件包含在偏移 0x4fc 处开始的字符，该字符在当前源字符集中无效(代码页 65001)。
  (编译源文件“imageBaseOP.cpp”)
  
G:\QMacVisual(CV3)(25000)\QMacVisual(CV3)2022.9.21(25000)\QMacVisual(CV3)\QPlugins\GeometryMeasure\EdgeWidthMeasure\imageBaseOP.h(1,1): warning C4828: 文件包含在偏移 0x4fe 处开始的字符，该字符在当前源字符集中无效(代码页 65001)。
  (编译源文件“imageBaseOP.cpp”)
  
G:\QMacVisual(CV3)(25000)\QMacVisual(CV3)2022.9.21(25000)\QMacVisual(CV3)\QPlugins\GeometryMeasure\EdgeWidthMeasure\imageBaseOP.h(1,1): warning C4828: 文件包含在偏移 0x502 处开始的字符，该字符在当前源字符集中无效(代码页 65001)。
  (编译源文件“imageBaseOP.cpp”)
  
G:\QMacVisual(CV3)(25000)\QMacVisual(CV3)2022.9.21(25000)\QMacVisual(CV3)\QPlugins\GeometryMeasure\EdgeWidthMeasure\imageBaseOP.h(1,1): warning C4828: 文件包含在偏移 0x532 处开始的字符，该字符在当前源字符集中无效(代码页 65001)。
  (编译源文件“imageBaseOP.cpp”)
  
G:\QMacVisual(CV3)(25000)\QMacVisual(CV3)2022.9.21(25000)\QMacVisual(CV3)\QPlugins\GeometryMeasure\EdgeWidthMeasure\imageBaseOP.h(1,1): warning C4828: 文件包含在偏移 0x535 处开始的字符，该字符在当前源字符集中无效(代码页 65001)。
  (编译源文件“imageBaseOP.cpp”)
  
G:\QMacVisual(CV3)(25000)\QMacVisual(CV3)2022.9.21(25000)\QMacVisual(CV3)\QPlugins\GeometryMeasure\EdgeWidthMeasure\imageBaseOP.h(1,1): warning C4828: 文件包含在偏移 0x538 处开始的字符，该字符在当前源字符集中无效(代码页 65001)。
  (编译源文件“imageBaseOP.cpp”)
  
G:\QMacVisual(CV3)(25000)\QMacVisual(CV3)2022.9.21(25000)\QMacVisual(CV3)\QPlugins\GeometryMeasure\EdgeWidthMeasure\imageBaseOP.h(1,1): warning C4828: 文件包含在偏移 0x53a 处开始的字符，该字符在当前源字符集中无效(代码页 65001)。
  (编译源文件“imageBaseOP.cpp”)
  
G:\QMacVisual(CV3)(25000)\QMacVisual(CV3)2022.9.21(25000)\QMacVisual(CV3)\QPlugins\GeometryMeasure\EdgeWidthMeasure\imageBaseOP.h(1,1): warning C4828: 文件包含在偏移 0x53b 处开始的字符，该字符在当前源字符集中无效(代码页 65001)。
  (编译源文件“imageBaseOP.cpp”)
  
G:\QMacVisual(CV3)(25000)\QMacVisual(CV3)2022.9.21(25000)\QMacVisual(CV3)\QPlugins\GeometryMeasure\EdgeWidthMeasure\imageBaseOP.h(1,1): warning C4828: 文件包含在偏移 0x540 处开始的字符，该字符在当前源字符集中无效(代码页 65001)。
  (编译源文件“imageBaseOP.cpp”)
  
G:\QMacVisual(CV3)(25000)\QMacVisual(CV3)2022.9.21(25000)\QMacVisual(CV3)\QPlugins\GeometryMeasure\EdgeWidthMeasure\imageBaseOP.h(1,1): warning C4828: 文件包含在偏移 0x541 处开始的字符，该字符在当前源字符集中无效(代码页 65001)。
  (编译源文件“imageBaseOP.cpp”)
  
G:\QMacVisual(CV3)(25000)\QMacVisual(CV3)2022.9.21(25000)\QMacVisual(CV3)\QPlugins\GeometryMeasure\EdgeWidthMeasure\imageBaseOP.h(1,1): warning C4828: 文件包含在偏移 0x545 处开始的字符，该字符在当前源字符集中无效(代码页 65001)。
  (编译源文件“imageBaseOP.cpp”)
  
G:\QMacVisual(CV3)(25000)\QMacVisual(CV3)2022.9.21(25000)\QMacVisual(CV3)\QPlugins\GeometryMeasure\EdgeWidthMeasure\imageBaseOP.h(1,1): warning C4828: 文件包含在偏移 0x547 处开始的字符，该字符在当前源字符集中无效(代码页 65001)。
  (编译源文件“imageBaseOP.cpp”)
  
G:\QMacVisual(CV3)(25000)\QMacVisual(CV3)2022.9.21(25000)\QMacVisual(CV3)\QPlugins\GeometryMeasure\EdgeWidthMeasure\imageBaseOP.h(1,1): warning C4828: 文件包含在偏移 0x548 处开始的字符，该字符在当前源字符集中无效(代码页 65001)。
  (编译源文件“imageBaseOP.cpp”)
  
G:\QMacVisual(CV3)(25000)\QMacVisual(CV3)2022.9.21(25000)\QMacVisual(CV3)\QPlugins\GeometryMeasure\EdgeWidthMeasure\imageBaseOP.h(1,1): warning C4828: 文件包含在偏移 0x549 处开始的字符，该字符在当前源字符集中无效(代码页 65001)。
  (编译源文件“imageBaseOP.cpp”)
  
G:\QMacVisual(CV3)(25000)\QMacVisual(CV3)2022.9.21(25000)\QMacVisual(CV3)\QPlugins\GeometryMeasure\EdgeWidthMeasure\imageBaseOP.h(1,1): warning C4828: 文件包含在偏移 0x561 处开始的字符，该字符在当前源字符集中无效(代码页 65001)。
  (编译源文件“imageBaseOP.cpp”)
  
G:\QMacVisual(CV3)(25000)\QMacVisual(CV3)2022.9.21(25000)\QMacVisual(CV3)\QPlugins\GeometryMeasure\EdgeWidthMeasure\imageBaseOP.h(1,1): warning C4828: 文件包含在偏移 0x563 处开始的字符，该字符在当前源字符集中无效(代码页 65001)。
  (编译源文件“imageBaseOP.cpp”)
  
G:\QMacVisual(CV3)(25000)\QMacVisual(CV3)2022.9.21(25000)\QMacVisual(CV3)\QPlugins\GeometryMeasure\EdgeWidthMeasure\imageBaseOP.h(1,1): warning C4828: 文件包含在偏移 0x565 处开始的字符，该字符在当前源字符集中无效(代码页 65001)。
  (编译源文件“imageBaseOP.cpp”)
  
G:\QMacVisual(CV3)(25000)\QMacVisual(CV3)2022.9.21(25000)\QMacVisual(CV3)\QPlugins\GeometryMeasure\EdgeWidthMeasure\imageBaseOP.h(1,1): warning C4828: 文件包含在偏移 0x566 处开始的字符，该字符在当前源字符集中无效(代码页 65001)。
  (编译源文件“imageBaseOP.cpp”)
  
G:\QMacVisual(CV3)(25000)\QMacVisual(CV3)2022.9.21(25000)\QMacVisual(CV3)\QPlugins\GeometryMeasure\EdgeWidthMeasure\imageBaseOP.h(1,1): warning C4828: 文件包含在偏移 0x568 处开始的字符，该字符在当前源字符集中无效(代码页 65001)。
  (编译源文件“imageBaseOP.cpp”)
  
G:\QMacVisual(CV3)(25000)\QMacVisual(CV3)2022.9.21(25000)\QMacVisual(CV3)\QPlugins\GeometryMeasure\EdgeWidthMeasure\imageBaseOP.h(1,1): warning C4828: 文件包含在偏移 0x56a 处开始的字符，该字符在当前源字符集中无效(代码页 65001)。
  (编译源文件“imageBaseOP.cpp”)
  
G:\QMacVisual(CV3)(25000)\QMacVisual(CV3)2022.9.21(25000)\QMacVisual(CV3)\QPlugins\GeometryMeasure\EdgeWidthMeasure\imageBaseOP.h(1,1): warning C4828: 文件包含在偏移 0x56b 处开始的字符，该字符在当前源字符集中无效(代码页 65001)。
  (编译源文件“imageBaseOP.cpp”)
  
G:\QMacVisual(CV3)(25000)\QMacVisual(CV3)2022.9.21(25000)\QMacVisual(CV3)\QPlugins\GeometryMeasure\EdgeWidthMeasure\imageBaseOP.h(1,1): warning C4828: 文件包含在偏移 0x56c 处开始的字符，该字符在当前源字符集中无效(代码页 65001)。
  (编译源文件“imageBaseOP.cpp”)
  
G:\QMacVisual(CV3)(25000)\QMacVisual(CV3)2022.9.21(25000)\QMacVisual(CV3)\QPlugins\GeometryMeasure\EdgeWidthMeasure\imageBaseOP.h(1,1): warning C4828: 文件包含在偏移 0x570 处开始的字符，该字符在当前源字符集中无效(代码页 65001)。
  (编译源文件“imageBaseOP.cpp”)
  
G:\QMacVisual(CV3)(25000)\QMacVisual(CV3)2022.9.21(25000)\QMacVisual(CV3)\QPlugins\GeometryMeasure\EdgeWidthMeasure\imageBaseOP.h(1,1): warning C4828: 文件包含在偏移 0x571 处开始的字符，该字符在当前源字符集中无效(代码页 65001)。
  (编译源文件“imageBaseOP.cpp”)
  
G:\QMacVisual(CV3)(25000)\QMacVisual(CV3)2022.9.21(25000)\QMacVisual(CV3)\QPlugins\GeometryMeasure\EdgeWidthMeasure\imageBaseOP.h(1,1): warning C4828: 文件包含在偏移 0x586 处开始的字符，该字符在当前源字符集中无效(代码页 65001)。
  (编译源文件“imageBaseOP.cpp”)
  
G:\QMacVisual(CV3)(25000)\QMacVisual(CV3)2022.9.21(25000)\QMacVisual(CV3)\QPlugins\GeometryMeasure\EdgeWidthMeasure\imageBaseOP.h(1,1): warning C4828: 文件包含在偏移 0x587 处开始的字符，该字符在当前源字符集中无效(代码页 65001)。
  (编译源文件“imageBaseOP.cpp”)
  
G:\QMacVisual(CV3)(25000)\QMacVisual(CV3)2022.9.21(25000)\QMacVisual(CV3)\QPlugins\GeometryMeasure\EdgeWidthMeasure\imageBaseOP.h(1,1): warning C4828: 文件包含在偏移 0x588 处开始的字符，该字符在当前源字符集中无效(代码页 65001)。
  (编译源文件“imageBaseOP.cpp”)
  
G:\QMacVisual(CV3)(25000)\QMacVisual(CV3)2022.9.21(25000)\QMacVisual(CV3)\QPlugins\GeometryMeasure\EdgeWidthMeasure\imageBaseOP.h(1,1): warning C4828: 文件包含在偏移 0x589 处开始的字符，该字符在当前源字符集中无效(代码页 65001)。
  (编译源文件“imageBaseOP.cpp”)
  
G:\QMacVisual(CV3)(25000)\QMacVisual(CV3)2022.9.21(25000)\QMacVisual(CV3)\QPlugins\GeometryMeasure\EdgeWidthMeasure\imageBaseOP.h(1,1): warning C4828: 文件包含在偏移 0x58c 处开始的字符，该字符在当前源字符集中无效(代码页 65001)。
  (编译源文件“imageBaseOP.cpp”)
  
G:\QMacVisual(CV3)(25000)\QMacVisual(CV3)2022.9.21(25000)\QMacVisual(CV3)\QPlugins\GeometryMeasure\EdgeWidthMeasure\imageBaseOP.h(1,1): warning C4828: 文件包含在偏移 0x5cc 处开始的字符，该字符在当前源字符集中无效(代码页 65001)。
  (编译源文件“imageBaseOP.cpp”)
  
G:\QMacVisual(CV3)(25000)\QMacVisual(CV3)2022.9.21(25000)\QMacVisual(CV3)\QPlugins\GeometryMeasure\EdgeWidthMeasure\imageBaseOP.h(1,1): warning C4828: 文件包含在偏移 0x5cd 处开始的字符，该字符在当前源字符集中无效(代码页 65001)。
  (编译源文件“imageBaseOP.cpp”)
  
G:\QMacVisual(CV3)(25000)\QMacVisual(CV3)2022.9.21(25000)\QMacVisual(CV3)\QPlugins\GeometryMeasure\EdgeWidthMeasure\imageBaseOP.h(1,1): warning C4828: 文件包含在偏移 0x5ce 处开始的字符，该字符在当前源字符集中无效(代码页 65001)。
  (编译源文件“imageBaseOP.cpp”)
  
G:\QMacVisual(CV3)(25000)\QMacVisual(CV3)2022.9.21(25000)\QMacVisual(CV3)\QPlugins\GeometryMeasure\EdgeWidthMeasure\imageBaseOP.h(1,1): warning C4828: 文件包含在偏移 0x5d0 处开始的字符，该字符在当前源字符集中无效(代码页 65001)。
  (编译源文件“imageBaseOP.cpp”)
  
G:\QMacVisual(CV3)(25000)\QMacVisual(CV3)2022.9.21(25000)\QMacVisual(CV3)\QPlugins\GeometryMeasure\EdgeWidthMeasure\imageBaseOP.h(1,1): warning C4828: 文件包含在偏移 0x5d2 处开始的字符，该字符在当前源字符集中无效(代码页 65001)。
  (编译源文件“imageBaseOP.cpp”)
  
G:\QMacVisual(CV3)(25000)\QMacVisual(CV3)2022.9.21(25000)\QMacVisual(CV3)\QPlugins\GeometryMeasure\EdgeWidthMeasure\imageBaseOP.h(1,1): warning C4828: 文件包含在偏移 0x5d4 处开始的字符，该字符在当前源字符集中无效(代码页 65001)。
  (编译源文件“imageBaseOP.cpp”)
  
G:\QMacVisual(CV3)(25000)\QMacVisual(CV3)2022.9.21(25000)\QMacVisual(CV3)\QPlugins\GeometryMeasure\EdgeWidthMeasure\imageBaseOP.h(1,1): warning C4828: 文件包含在偏移 0x5d5 处开始的字符，该字符在当前源字符集中无效(代码页 65001)。
  (编译源文件“imageBaseOP.cpp”)
  
G:\QMacVisual(CV3)(25000)\QMacVisual(CV3)2022.9.21(25000)\QMacVisual(CV3)\QPlugins\GeometryMeasure\EdgeWidthMeasure\imageBaseOP.h(1,1): warning C4828: 文件包含在偏移 0x5d8 处开始的字符，该字符在当前源字符集中无效(代码页 65001)。
  (编译源文件“imageBaseOP.cpp”)
  
G:\QMacVisual(CV3)(25000)\QMacVisual(CV3)2022.9.21(25000)\QMacVisual(CV3)\QPlugins\GeometryMeasure\EdgeWidthMeasure\imageBaseOP.h(1,1): warning C4828: 文件包含在偏移 0x606 处开始的字符，该字符在当前源字符集中无效(代码页 65001)。
  (编译源文件“imageBaseOP.cpp”)
  
G:\QMacVisual(CV3)(25000)\QMacVisual(CV3)2022.9.21(25000)\QMacVisual(CV3)\QPlugins\GeometryMeasure\EdgeWidthMeasure\imageBaseOP.h(1,1): warning C4828: 文件包含在偏移 0x607 处开始的字符，该字符在当前源字符集中无效(代码页 65001)。
  (编译源文件“imageBaseOP.cpp”)
  
G:\QMacVisual(CV3)(25000)\QMacVisual(CV3)2022.9.21(25000)\QMacVisual(CV3)\QPlugins\GeometryMeasure\EdgeWidthMeasure\imageBaseOP.h(1,1): warning C4828: 文件包含在偏移 0x609 处开始的字符，该字符在当前源字符集中无效(代码页 65001)。
  (编译源文件“imageBaseOP.cpp”)
  
G:\QMacVisual(CV3)(25000)\QMacVisual(CV3)2022.9.21(25000)\QMacVisual(CV3)\QPlugins\GeometryMeasure\EdgeWidthMeasure\imageBaseOP.h(1,1): warning C4828: 文件包含在偏移 0x60a 处开始的字符，该字符在当前源字符集中无效(代码页 65001)。
  (编译源文件“imageBaseOP.cpp”)
  
G:\QMacVisual(CV3)(25000)\QMacVisual(CV3)2022.9.21(25000)\QMacVisual(CV3)\QPlugins\GeometryMeasure\EdgeWidthMeasure\imageBaseOP.h(1,1): warning C4828: 文件包含在偏移 0x60c 处开始的字符，该字符在当前源字符集中无效(代码页 65001)。
  (编译源文件“imageBaseOP.cpp”)
  
G:\QMacVisual(CV3)(25000)\QMacVisual(CV3)2022.9.21(25000)\QMacVisual(CV3)\QPlugins\GeometryMeasure\EdgeWidthMeasure\imageBaseOP.h(1,1): warning C4828: 文件包含在偏移 0x60d 处开始的字符，该字符在当前源字符集中无效(代码页 65001)。
  (编译源文件“imageBaseOP.cpp”)
  
G:\QMacVisual(CV3)(25000)\QMacVisual(CV3)2022.9.21(25000)\QMacVisual(CV3)\QPlugins\GeometryMeasure\EdgeWidthMeasure\imageBaseOP.h(1,1): warning C4828: 文件包含在偏移 0x61a 处开始的字符，该字符在当前源字符集中无效(代码页 65001)。
  (编译源文件“imageBaseOP.cpp”)
  
G:\QMacVisual(CV3)(25000)\QMacVisual(CV3)2022.9.21(25000)\QMacVisual(CV3)\QPlugins\GeometryMeasure\EdgeWidthMeasure\imageBaseOP.h(1,1): warning C4828: 文件包含在偏移 0x61b 处开始的字符，该字符在当前源字符集中无效(代码页 65001)。
  (编译源文件“imageBaseOP.cpp”)
  
G:\QMacVisual(CV3)(25000)\QMacVisual(CV3)2022.9.21(25000)\QMacVisual(CV3)\QPlugins\GeometryMeasure\EdgeWidthMeasure\imageBaseOP.h(1,1): warning C4828: 文件包含在偏移 0x61d 处开始的字符，该字符在当前源字符集中无效(代码页 65001)。
  (编译源文件“imageBaseOP.cpp”)
  
G:\QMacVisual(CV3)(25000)\QMacVisual(CV3)2022.9.21(25000)\QMacVisual(CV3)\QPlugins\GeometryMeasure\EdgeWidthMeasure\imageBaseOP.h(1,1): warning C4828: 文件包含在偏移 0x61e 处开始的字符，该字符在当前源字符集中无效(代码页 65001)。
  (编译源文件“imageBaseOP.cpp”)
  
G:\QMacVisual(CV3)(25000)\QMacVisual(CV3)2022.9.21(25000)\QMacVisual(CV3)\QPlugins\GeometryMeasure\EdgeWidthMeasure\imageBaseOP.h(1,1): warning C4828: 文件包含在偏移 0x620 处开始的字符，该字符在当前源字符集中无效(代码页 65001)。
  (编译源文件“imageBaseOP.cpp”)
  
G:\QMacVisual(CV3)(25000)\QMacVisual(CV3)2022.9.21(25000)\QMacVisual(CV3)\QPlugins\GeometryMeasure\EdgeWidthMeasure\imageBaseOP.h(1,1): warning C4828: 文件包含在偏移 0x621 处开始的字符，该字符在当前源字符集中无效(代码页 65001)。
  (编译源文件“imageBaseOP.cpp”)
  
G:\QMacVisual(CV3)(25000)\QMacVisual(CV3)2022.9.21(25000)\QMacVisual(CV3)\QPlugins\GeometryMeasure\EdgeWidthMeasure\imageBaseOP.h(1,1): warning C4828: 文件包含在偏移 0x629 处开始的字符，该字符在当前源字符集中无效(代码页 65001)。
  (编译源文件“imageBaseOP.cpp”)
  
G:\QMacVisual(CV3)(25000)\QMacVisual(CV3)2022.9.21(25000)\QMacVisual(CV3)\QPlugins\GeometryMeasure\EdgeWidthMeasure\imageBaseOP.h(1,1): warning C4828: 文件包含在偏移 0x62a 处开始的字符，该字符在当前源字符集中无效(代码页 65001)。
  (编译源文件“imageBaseOP.cpp”)
  
G:\QMacVisual(CV3)(25000)\QMacVisual(CV3)2022.9.21(25000)\QMacVisual(CV3)\QPlugins\GeometryMeasure\EdgeWidthMeasure\imageBaseOP.h(1,1): warning C4828: 文件包含在偏移 0x62c 处开始的字符，该字符在当前源字符集中无效(代码页 65001)。
  (编译源文件“imageBaseOP.cpp”)
  
G:\QMacVisual(CV3)(25000)\QMacVisual(CV3)2022.9.21(25000)\QMacVisual(CV3)\QPlugins\GeometryMeasure\EdgeWidthMeasure\imageBaseOP.h(1,1): warning C4828: 文件包含在偏移 0x62f 处开始的字符，该字符在当前源字符集中无效(代码页 65001)。
  (编译源文件“imageBaseOP.cpp”)
  
G:\QMacVisual(CV3)(25000)\QMacVisual(CV3)2022.9.21(25000)\QMacVisual(CV3)\QPlugins\GeometryMeasure\EdgeWidthMeasure\imageBaseOP.h(1,1): warning C4828: 文件包含在偏移 0x630 处开始的字符，该字符在当前源字符集中无效(代码页 65001)。
  (编译源文件“imageBaseOP.cpp”)
  
G:\QMacVisual(CV3)(25000)\QMacVisual(CV3)2022.9.21(25000)\QMacVisual(CV3)\QPlugins\GeometryMeasure\EdgeWidthMeasure\imageBaseOP.h(1,1): warning C4828: 文件包含在偏移 0x685 处开始的字符，该字符在当前源字符集中无效(代码页 65001)。
  (编译源文件“imageBaseOP.cpp”)
  
G:\QMacVisual(CV3)(25000)\QMacVisual(CV3)2022.9.21(25000)\QMacVisual(CV3)\QPlugins\GeometryMeasure\EdgeWidthMeasure\imageBaseOP.h(1,1): warning C4828: 文件包含在偏移 0x687 处开始的字符，该字符在当前源字符集中无效(代码页 65001)。
  (编译源文件“imageBaseOP.cpp”)
  
G:\QMacVisual(CV3)(25000)\QMacVisual(CV3)2022.9.21(25000)\QMacVisual(CV3)\QPlugins\GeometryMeasure\EdgeWidthMeasure\imageBaseOP.h(1,1): warning C4828: 文件包含在偏移 0x688 处开始的字符，该字符在当前源字符集中无效(代码页 65001)。
  (编译源文件“imageBaseOP.cpp”)
  
G:\QMacVisual(CV3)(25000)\QMacVisual(CV3)2022.9.21(25000)\QMacVisual(CV3)\QPlugins\GeometryMeasure\EdgeWidthMeasure\imageBaseOP.h(1,1): warning C4828: 文件包含在偏移 0x68a 处开始的字符，该字符在当前源字符集中无效(代码页 65001)。
  (编译源文件“imageBaseOP.cpp”)
  
G:\QMacVisual(CV3)(25000)\QMacVisual(CV3)2022.9.21(25000)\QMacVisual(CV3)\QPlugins\GeometryMeasure\EdgeWidthMeasure\imageBaseOP.h(1,1): warning C4828: 文件包含在偏移 0x68d 处开始的字符，该字符在当前源字符集中无效(代码页 65001)。
  (编译源文件“imageBaseOP.cpp”)
  
G:\QMacVisual(CV3)(25000)\QMacVisual(CV3)2022.9.21(25000)\QMacVisual(CV3)\QPlugins\GeometryMeasure\EdgeWidthMeasure\imageBaseOP.h(1,1): warning C4828: 文件包含在偏移 0x690 处开始的字符，该字符在当前源字符集中无效(代码页 65001)。
  (编译源文件“imageBaseOP.cpp”)
  
G:\QMacVisual(CV3)(25000)\QMacVisual(CV3)2022.9.21(25000)\QMacVisual(CV3)\QPlugins\GeometryMeasure\EdgeWidthMeasure\imageBaseOP.h(1,1): warning C4828: 文件包含在偏移 0x691 处开始的字符，该字符在当前源字符集中无效(代码页 65001)。
  (编译源文件“imageBaseOP.cpp”)
  
G:\QMacVisual(CV3)(25000)\QMacVisual(CV3)2022.9.21(25000)\QMacVisual(CV3)\QPlugins\GeometryMeasure\EdgeWidthMeasure\imageBaseOP.h(1,1): warning C4828: 文件包含在偏移 0x692 处开始的字符，该字符在当前源字符集中无效(代码页 65001)。
  (编译源文件“imageBaseOP.cpp”)
  
G:\QMacVisual(CV3)(25000)\QMacVisual(CV3)2022.9.21(25000)\QMacVisual(CV3)\QPlugins\GeometryMeasure\EdgeWidthMeasure\imageBaseOP.h(1,1): warning C4828: 文件包含在偏移 0x693 处开始的字符，该字符在当前源字符集中无效(代码页 65001)。
  (编译源文件“imageBaseOP.cpp”)
  
G:\QMacVisual(CV3)(25000)\QMacVisual(CV3)2022.9.21(25000)\QMacVisual(CV3)\QPlugins\GeometryMeasure\EdgeWidthMeasure\imageBaseOP.h(1,1): warning C4828: 文件包含在偏移 0x695 处开始的字符，该字符在当前源字符集中无效(代码页 65001)。
  (编译源文件“imageBaseOP.cpp”)
  
G:\QMacVisual(CV3)(25000)\QMacVisual(CV3)2022.9.21(25000)\QMacVisual(CV3)\QPlugins\GeometryMeasure\EdgeWidthMeasure\imageBaseOP.h(1,1): warning C4828: 文件包含在偏移 0x696 处开始的字符，该字符在当前源字符集中无效(代码页 65001)。
  (编译源文件“imageBaseOP.cpp”)
  
G:\QMacVisual(CV3)(25000)\QMacVisual(CV3)2022.9.21(25000)\QMacVisual(CV3)\QPlugins\GeometryMeasure\EdgeWidthMeasure\imageBaseOP.h(1,1): warning C4828: 文件包含在偏移 0x697 处开始的字符，该字符在当前源字符集中无效(代码页 65001)。
  (编译源文件“imageBaseOP.cpp”)
  
G:\QMacVisual(CV3)(25000)\QMacVisual(CV3)2022.9.21(25000)\QMacVisual(CV3)\QPlugins\GeometryMeasure\EdgeWidthMeasure\imageBaseOP.h(1,1): warning C4828: 文件包含在偏移 0x69b 处开始的字符，该字符在当前源字符集中无效(代码页 65001)。
  (编译源文件“imageBaseOP.cpp”)
  
G:\QMacVisual(CV3)(25000)\QMacVisual(CV3)2022.9.21(25000)\QMacVisual(CV3)\QPlugins\GeometryMeasure\EdgeWidthMeasure\imageBaseOP.h(1,1): warning C4828: 文件包含在偏移 0x69e 处开始的字符，该字符在当前源字符集中无效(代码页 65001)。
  (编译源文件“imageBaseOP.cpp”)
  
G:\QMacVisual(CV3)(25000)\QMacVisual(CV3)2022.9.21(25000)\QMacVisual(CV3)\QPlugins\GeometryMeasure\EdgeWidthMeasure\imageBaseOP.h(1,1): warning C4828: 文件包含在偏移 0x6a0 处开始的字符，该字符在当前源字符集中无效(代码页 65001)。
  (编译源文件“imageBaseOP.cpp”)
  
G:\QMacVisual(CV3)(25000)\QMacVisual(CV3)2022.9.21(25000)\QMacVisual(CV3)\QPlugins\GeometryMeasure\EdgeWidthMeasure\imageBaseOP.h(1,1): warning C4828: 文件包含在偏移 0x6a4 处开始的字符，该字符在当前源字符集中无效(代码页 65001)。
  (编译源文件“imageBaseOP.cpp”)
  
G:\QMacVisual(CV3)(25000)\QMacVisual(CV3)2022.9.21(25000)\QMacVisual(CV3)\QPlugins\GeometryMeasure\EdgeWidthMeasure\imageBaseOP.h(1,1): warning C4828: 文件包含在偏移 0x6b0 处开始的字符，该字符在当前源字符集中无效(代码页 65001)。
  (编译源文件“imageBaseOP.cpp”)
  
G:\QMacVisual(CV3)(25000)\QMacVisual(CV3)2022.9.21(25000)\QMacVisual(CV3)\QPlugins\GeometryMeasure\EdgeWidthMeasure\imageBaseOP.h(1,1): warning C4828: 文件包含在偏移 0x6b4 处开始的字符，该字符在当前源字符集中无效(代码页 65001)。
  (编译源文件“imageBaseOP.cpp”)
  
G:\QMacVisual(CV3)(25000)\QMacVisual(CV3)2022.9.21(25000)\QMacVisual(CV3)\QPlugins\GeometryMeasure\EdgeWidthMeasure\imageBaseOP.h(1,1): warning C4828: 文件包含在偏移 0x6b5 处开始的字符，该字符在当前源字符集中无效(代码页 65001)。
  (编译源文件“imageBaseOP.cpp”)
  
G:\QMacVisual(CV3)(25000)\QMacVisual(CV3)2022.9.21(25000)\QMacVisual(CV3)\QPlugins\GeometryMeasure\EdgeWidthMeasure\imageBaseOP.h(1,1): warning C4828: 文件包含在偏移 0x6b6 处开始的字符，该字符在当前源字符集中无效(代码页 65001)。
  (编译源文件“imageBaseOP.cpp”)
  
G:\QMacVisual(CV3)(25000)\QMacVisual(CV3)2022.9.21(25000)\QMacVisual(CV3)\QPlugins\GeometryMeasure\EdgeWidthMeasure\imageBaseOP.h(1,1): warning C4828: 文件包含在偏移 0x6b8 处开始的字符，该字符在当前源字符集中无效(代码页 65001)。
  (编译源文件“imageBaseOP.cpp”)
  
G:\QMacVisual(CV3)(25000)\QMacVisual(CV3)2022.9.21(25000)\QMacVisual(CV3)\QPlugins\GeometryMeasure\EdgeWidthMeasure\imageBaseOP.h(1,1): warning C4828: 文件包含在偏移 0x6ba 处开始的字符，该字符在当前源字符集中无效(代码页 65001)。
  (编译源文件“imageBaseOP.cpp”)
  
G:\QMacVisual(CV3)(25000)\QMacVisual(CV3)2022.9.21(25000)\QMacVisual(CV3)\QPlugins\GeometryMeasure\EdgeWidthMeasure\imageBaseOP.h(1,1): warning C4828: 文件包含在偏移 0x6bb 处开始的字符，该字符在当前源字符集中无效(代码页 65001)。
  (编译源文件“imageBaseOP.cpp”)
  
G:\QMacVisual(CV3)(25000)\QMacVisual(CV3)2022.9.21(25000)\QMacVisual(CV3)\QPlugins\GeometryMeasure\EdgeWidthMeasure\imageBaseOP.h(1,1): warning C4828: 文件包含在偏移 0x715 处开始的字符，该字符在当前源字符集中无效(代码页 65001)。
  (编译源文件“imageBaseOP.cpp”)
  
G:\QMacVisual(CV3)(25000)\QMacVisual(CV3)2022.9.21(25000)\QMacVisual(CV3)\QPlugins\GeometryMeasure\EdgeWidthMeasure\imageBaseOP.h(1,1): warning C4828: 文件包含在偏移 0x719 处开始的字符，该字符在当前源字符集中无效(代码页 65001)。
  (编译源文件“imageBaseOP.cpp”)
  
G:\QMacVisual(CV3)(25000)\QMacVisual(CV3)2022.9.21(25000)\QMacVisual(CV3)\QPlugins\GeometryMeasure\EdgeWidthMeasure\imageBaseOP.h(1,1): warning C4828: 文件包含在偏移 0x71b 处开始的字符，该字符在当前源字符集中无效(代码页 65001)。
  (编译源文件“imageBaseOP.cpp”)
  
G:\QMacVisual(CV3)(25000)\QMacVisual(CV3)2022.9.21(25000)\QMacVisual(CV3)\QPlugins\GeometryMeasure\EdgeWidthMeasure\imageBaseOP.h(1,1): warning C4828: 文件包含在偏移 0x71f 处开始的字符，该字符在当前源字符集中无效(代码页 65001)。
  (编译源文件“imageBaseOP.cpp”)
  
G:\QMacVisual(CV3)(25000)\QMacVisual(CV3)2022.9.21(25000)\QMacVisual(CV3)\QPlugins\GeometryMeasure\EdgeWidthMeasure\imageBaseOP.h(1,1): warning C4828: 文件包含在偏移 0x720 处开始的字符，该字符在当前源字符集中无效(代码页 65001)。
  (编译源文件“imageBaseOP.cpp”)
  
G:\QMacVisual(CV3)(25000)\QMacVisual(CV3)2022.9.21(25000)\QMacVisual(CV3)\QPlugins\GeometryMeasure\EdgeWidthMeasure\imageBaseOP.h(1,1): warning C4828: 文件包含在偏移 0x722 处开始的字符，该字符在当前源字符集中无效(代码页 65001)。
  (编译源文件“imageBaseOP.cpp”)
  
G:\QMacVisual(CV3)(25000)\QMacVisual(CV3)2022.9.21(25000)\QMacVisual(CV3)\QPlugins\GeometryMeasure\EdgeWidthMeasure\imageBaseOP.h(1,1): warning C4828: 文件包含在偏移 0x728 处开始的字符，该字符在当前源字符集中无效(代码页 65001)。
  (编译源文件“imageBaseOP.cpp”)
  
G:\QMacVisual(CV3)(25000)\QMacVisual(CV3)2022.9.21(25000)\QMacVisual(CV3)\QPlugins\GeometryMeasure\EdgeWidthMeasure\imageBaseOP.h(1,1): warning C4828: 文件包含在偏移 0x729 处开始的字符，该字符在当前源字符集中无效(代码页 65001)。
  (编译源文件“imageBaseOP.cpp”)
  
G:\QMacVisual(CV3)(25000)\QMacVisual(CV3)2022.9.21(25000)\QMacVisual(CV3)\QPlugins\GeometryMeasure\EdgeWidthMeasure\imageBaseOP.h(1,1): warning C4828: 文件包含在偏移 0x72a 处开始的字符，该字符在当前源字符集中无效(代码页 65001)。
  (编译源文件“imageBaseOP.cpp”)
  
G:\QMacVisual(CV3)(25000)\QMacVisual(CV3)2022.9.21(25000)\QMacVisual(CV3)\QPlugins\GeometryMeasure\EdgeWidthMeasure\imageBaseOP.h(1,1): warning C4828: 文件包含在偏移 0x72c 处开始的字符，该字符在当前源字符集中无效(代码页 65001)。
  (编译源文件“imageBaseOP.cpp”)
  
G:\QMacVisual(CV3)(25000)\QMacVisual(CV3)2022.9.21(25000)\QMacVisual(CV3)\QPlugins\GeometryMeasure\EdgeWidthMeasure\imageBaseOP.h(1,1): warning C4828: 文件包含在偏移 0x72e 处开始的字符，该字符在当前源字符集中无效(代码页 65001)。
  (编译源文件“imageBaseOP.cpp”)
  
G:\QMacVisual(CV3)(25000)\QMacVisual(CV3)2022.9.21(25000)\QMacVisual(CV3)\QPlugins\GeometryMeasure\EdgeWidthMeasure\imageBaseOP.h(1,1): warning C4828: 文件包含在偏移 0x72f 处开始的字符，该字符在当前源字符集中无效(代码页 65001)。
  (编译源文件“imageBaseOP.cpp”)
  
G:\QMacVisual(CV3)(25000)\QMacVisual(CV3)2022.9.21(25000)\QMacVisual(CV3)\QPlugins\GeometryMeasure\EdgeWidthMeasure\imageBaseOP.h(1,1): warning C4828: 文件包含在偏移 0x790 处开始的字符，该字符在当前源字符集中无效(代码页 65001)。
  (编译源文件“imageBaseOP.cpp”)
  
G:\QMacVisual(CV3)(25000)\QMacVisual(CV3)2022.9.21(25000)\QMacVisual(CV3)\QPlugins\GeometryMeasure\EdgeWidthMeasure\imageBaseOP.h(1,1): warning C4828: 文件包含在偏移 0x792 处开始的字符，该字符在当前源字符集中无效(代码页 65001)。
  (编译源文件“imageBaseOP.cpp”)
  
  ImageItem.cpp
  locate.cpp
  mytitlebar.cpp
G:\QMacVisual(CV3)(25000)\QMacVisual(CV3)2022.9.21(25000)\QMacVisual(CV3)\QPlugins\GeometryMeasure\EdgeWidthMeasure\imageBaseOP.cpp(50,1): warning C4715: “QF_ReadImage”: 不是所有的控件路径都返回值
  QGraphicsScenes.cpp
G:\QMacVisual(CV3)(25000)\QMacVisual(CV3)2022.9.21(25000)\QMacVisual(CV3)\QPlugins\GeometryMeasure\EdgeWidthMeasure\locate.cpp(1,1): warning C4828: 文件包含在偏移 0xe5 处开始的字符，该字符在当前源字符集中无效(代码页 65001)。
G:\QMacVisual(CV3)(25000)\QMacVisual(CV3)2022.9.21(25000)\QMacVisual(CV3)\QPlugins\GeometryMeasure\EdgeWidthMeasure\locate.cpp(1,1): warning C4828: 文件包含在偏移 0xe8 处开始的字符，该字符在当前源字符集中无效(代码页 65001)。
G:\QMacVisual(CV3)(25000)\QMacVisual(CV3)2022.9.21(25000)\QMacVisual(CV3)\QPlugins\GeometryMeasure\EdgeWidthMeasure\locate.cpp(1,1): warning C4828: 文件包含在偏移 0xe9 处开始的字符，该字符在当前源字符集中无效(代码页 65001)。
G:\QMacVisual(CV3)(25000)\QMacVisual(CV3)2022.9.21(25000)\QMacVisual(CV3)\QPlugins\GeometryMeasure\EdgeWidthMeasure\locate.cpp(1,1): warning C4828: 文件包含在偏移 0xea 处开始的字符，该字符在当前源字符集中无效(代码页 65001)。
G:\QMacVisual(CV3)(25000)\QMacVisual(CV3)2022.9.21(25000)\QMacVisual(CV3)\QPlugins\GeometryMeasure\EdgeWidthMeasure\locate.cpp(1,1): warning C4828: 文件包含在偏移 0xf0 处开始的字符，该字符在当前源字符集中无效(代码页 65001)。
G:\QMacVisual(CV3)(25000)\QMacVisual(CV3)2022.9.21(25000)\QMacVisual(CV3)\QPlugins\GeometryMeasure\EdgeWidthMeasure\locate.cpp(1,1): warning C4828: 文件包含在偏移 0xf1 处开始的字符，该字符在当前源字符集中无效(代码页 65001)。
G:\QMacVisual(CV3)(25000)\QMacVisual(CV3)2022.9.21(25000)\QMacVisual(CV3)\QPlugins\GeometryMeasure\EdgeWidthMeasure\locate.cpp(1,1): warning C4828: 文件包含在偏移 0xf3 处开始的字符，该字符在当前源字符集中无效(代码页 65001)。
G:\QMacVisual(CV3)(25000)\QMacVisual(CV3)2022.9.21(25000)\QMacVisual(CV3)\QPlugins\GeometryMeasure\EdgeWidthMeasure\locate.cpp(1,1): warning C4828: 文件包含在偏移 0xf6 处开始的字符，该字符在当前源字符集中无效(代码页 65001)。
G:\QMacVisual(CV3)(25000)\QMacVisual(CV3)2022.9.21(25000)\QMacVisual(CV3)\QPlugins\GeometryMeasure\EdgeWidthMeasure\locate.cpp(1,1): warning C4828: 文件包含在偏移 0xf7 处开始的字符，该字符在当前源字符集中无效(代码页 65001)。
G:\QMacVisual(CV3)(25000)\QMacVisual(CV3)2022.9.21(25000)\QMacVisual(CV3)\QPlugins\GeometryMeasure\EdgeWidthMeasure\locate.cpp(1,1): warning C4828: 文件包含在偏移 0xfb 处开始的字符，该字符在当前源字符集中无效(代码页 65001)。
G:\QMacVisual(CV3)(25000)\QMacVisual(CV3)2022.9.21(25000)\QMacVisual(CV3)\QPlugins\GeometryMeasure\EdgeWidthMeasure\locate.cpp(1,1): warning C4828: 文件包含在偏移 0x171 处开始的字符，该字符在当前源字符集中无效(代码页 65001)。
G:\QMacVisual(CV3)(25000)\QMacVisual(CV3)2022.9.21(25000)\QMacVisual(CV3)\QPlugins\GeometryMeasure\EdgeWidthMeasure\locate.cpp(1,1): warning C4828: 文件包含在偏移 0x175 处开始的字符，该字符在当前源字符集中无效(代码页 65001)。
G:\QMacVisual(CV3)(25000)\QMacVisual(CV3)2022.9.21(25000)\QMacVisual(CV3)\QPlugins\GeometryMeasure\EdgeWidthMeasure\locate.cpp(1,1): warning C4828: 文件包含在偏移 0x177 处开始的字符，该字符在当前源字符集中无效(代码页 65001)。
G:\QMacVisual(CV3)(25000)\QMacVisual(CV3)2022.9.21(25000)\QMacVisual(CV3)\QPlugins\GeometryMeasure\EdgeWidthMeasure\locate.cpp(1,1): warning C4828: 文件包含在偏移 0x178 处开始的字符，该字符在当前源字符集中无效(代码页 65001)。
G:\QMacVisual(CV3)(25000)\QMacVisual(CV3)2022.9.21(25000)\QMacVisual(CV3)\QPlugins\GeometryMeasure\EdgeWidthMeasure\locate.cpp(1,1): warning C4828: 文件包含在偏移 0x193 处开始的字符，该字符在当前源字符集中无效(代码页 65001)。
G:\QMacVisual(CV3)(25000)\QMacVisual(CV3)2022.9.21(25000)\QMacVisual(CV3)\QPlugins\GeometryMeasure\EdgeWidthMeasure\locate.cpp(1,1): warning C4828: 文件包含在偏移 0x195 处开始的字符，该字符在当前源字符集中无效(代码页 65001)。
G:\QMacVisual(CV3)(25000)\QMacVisual(CV3)2022.9.21(25000)\QMacVisual(CV3)\QPlugins\GeometryMeasure\EdgeWidthMeasure\locate.cpp(1,1): warning C4828: 文件包含在偏移 0x261 处开始的字符，该字符在当前源字符集中无效(代码页 65001)。
G:\QMacVisual(CV3)(25000)\QMacVisual(CV3)2022.9.21(25000)\QMacVisual(CV3)\QPlugins\GeometryMeasure\EdgeWidthMeasure\locate.cpp(1,1): warning C4828: 文件包含在偏移 0x262 处开始的字符，该字符在当前源字符集中无效(代码页 65001)。
G:\QMacVisual(CV3)(25000)\QMacVisual(CV3)2022.9.21(25000)\QMacVisual(CV3)\QPlugins\GeometryMeasure\EdgeWidthMeasure\locate.cpp(1,1): warning C4828: 文件包含在偏移 0x264 处开始的字符，该字符在当前源字符集中无效(代码页 65001)。
G:\QMacVisual(CV3)(25000)\QMacVisual(CV3)2022.9.21(25000)\QMacVisual(CV3)\QPlugins\GeometryMeasure\EdgeWidthMeasure\locate.cpp(1,1): warning C4828: 文件包含在偏移 0x265 处开始的字符，该字符在当前源字符集中无效(代码页 65001)。
G:\QMacVisual(CV3)(25000)\QMacVisual(CV3)2022.9.21(25000)\QMacVisual(CV3)\QPlugins\GeometryMeasure\EdgeWidthMeasure\locate.cpp(1,1): warning C4828: 文件包含在偏移 0x268 处开始的字符，该字符在当前源字符集中无效(代码页 65001)。
G:\QMacVisual(CV3)(25000)\QMacVisual(CV3)2022.9.21(25000)\QMacVisual(CV3)\QPlugins\GeometryMeasure\EdgeWidthMeasure\locate.cpp(1,1): warning C4828: 文件包含在偏移 0x26a 处开始的字符，该字符在当前源字符集中无效(代码页 65001)。
G:\QMacVisual(CV3)(25000)\QMacVisual(CV3)2022.9.21(25000)\QMacVisual(CV3)\QPlugins\GeometryMeasure\EdgeWidthMeasure\locate.cpp(1,1): warning C4828: 文件包含在偏移 0x26c 处开始的字符，该字符在当前源字符集中无效(代码页 65001)。
G:\QMacVisual(CV3)(25000)\QMacVisual(CV3)2022.9.21(25000)\QMacVisual(CV3)\QPlugins\GeometryMeasure\EdgeWidthMeasure\locate.cpp(1,1): warning C4828: 文件包含在偏移 0x2a0 处开始的字符，该字符在当前源字符集中无效(代码页 65001)。
G:\QMacVisual(CV3)(25000)\QMacVisual(CV3)2022.9.21(25000)\QMacVisual(CV3)\QPlugins\GeometryMeasure\EdgeWidthMeasure\locate.cpp(1,1): warning C4828: 文件包含在偏移 0x2a1 处开始的字符，该字符在当前源字符集中无效(代码页 65001)。
G:\QMacVisual(CV3)(25000)\QMacVisual(CV3)2022.9.21(25000)\QMacVisual(CV3)\QPlugins\GeometryMeasure\EdgeWidthMeasure\locate.cpp(1,1): warning C4828: 文件包含在偏移 0x2a3 处开始的字符，该字符在当前源字符集中无效(代码页 65001)。
G:\QMacVisual(CV3)(25000)\QMacVisual(CV3)2022.9.21(25000)\QMacVisual(CV3)\QPlugins\GeometryMeasure\EdgeWidthMeasure\locate.cpp(1,1): warning C4828: 文件包含在偏移 0x2a4 处开始的字符，该字符在当前源字符集中无效(代码页 65001)。
G:\QMacVisual(CV3)(25000)\QMacVisual(CV3)2022.9.21(25000)\QMacVisual(CV3)\QPlugins\GeometryMeasure\EdgeWidthMeasure\locate.cpp(1,1): warning C4828: 文件包含在偏移 0x2a7 处开始的字符，该字符在当前源字符集中无效(代码页 65001)。
G:\QMacVisual(CV3)(25000)\QMacVisual(CV3)2022.9.21(25000)\QMacVisual(CV3)\QPlugins\GeometryMeasure\EdgeWidthMeasure\locate.cpp(1,1): warning C4828: 文件包含在偏移 0x2c6 处开始的字符，该字符在当前源字符集中无效(代码页 65001)。
G:\QMacVisual(CV3)(25000)\QMacVisual(CV3)2022.9.21(25000)\QMacVisual(CV3)\QPlugins\GeometryMeasure\EdgeWidthMeasure\locate.cpp(1,1): warning C4828: 文件包含在偏移 0x2c7 处开始的字符，该字符在当前源字符集中无效(代码页 65001)。
G:\QMacVisual(CV3)(25000)\QMacVisual(CV3)2022.9.21(25000)\QMacVisual(CV3)\QPlugins\GeometryMeasure\EdgeWidthMeasure\locate.cpp(1,1): warning C4828: 文件包含在偏移 0x2c8 处开始的字符，该字符在当前源字符集中无效(代码页 65001)。
G:\QMacVisual(CV3)(25000)\QMacVisual(CV3)2022.9.21(25000)\QMacVisual(CV3)\QPlugins\GeometryMeasure\EdgeWidthMeasure\locate.cpp(1,1): warning C4828: 文件包含在偏移 0x2c9 处开始的字符，该字符在当前源字符集中无效(代码页 65001)。
G:\QMacVisual(CV3)(25000)\QMacVisual(CV3)2022.9.21(25000)\QMacVisual(CV3)\QPlugins\GeometryMeasure\EdgeWidthMeasure\locate.cpp(1,1): warning C4828: 文件包含在偏移 0x763 处开始的字符，该字符在当前源字符集中无效(代码页 65001)。
G:\QMacVisual(CV3)(25000)\QMacVisual(CV3)2022.9.21(25000)\QMacVisual(CV3)\QPlugins\GeometryMeasure\EdgeWidthMeasure\locate.cpp(1,1): warning C4828: 文件包含在偏移 0x764 处开始的字符，该字符在当前源字符集中无效(代码页 65001)。
G:\QMacVisual(CV3)(25000)\QMacVisual(CV3)2022.9.21(25000)\QMacVisual(CV3)\QPlugins\GeometryMeasure\EdgeWidthMeasure\locate.cpp(1,1): warning C4828: 文件包含在偏移 0x766 处开始的字符，该字符在当前源字符集中无效(代码页 65001)。
G:\QMacVisual(CV3)(25000)\QMacVisual(CV3)2022.9.21(25000)\QMacVisual(CV3)\QPlugins\GeometryMeasure\EdgeWidthMeasure\locate.cpp(1,1): warning C4828: 文件包含在偏移 0x769 处开始的字符，该字符在当前源字符集中无效(代码页 65001)。
G:\QMacVisual(CV3)(25000)\QMacVisual(CV3)2022.9.21(25000)\QMacVisual(CV3)\QPlugins\GeometryMeasure\EdgeWidthMeasure\locate.cpp(1,1): warning C4828: 文件包含在偏移 0x76a 处开始的字符，该字符在当前源字符集中无效(代码页 65001)。
G:\QMacVisual(CV3)(25000)\QMacVisual(CV3)2022.9.21(25000)\QMacVisual(CV3)\QPlugins\GeometryMeasure\EdgeWidthMeasure\locate.cpp(1,1): warning C4828: 文件包含在偏移 0x76c 处开始的字符，该字符在当前源字符集中无效(代码页 65001)。
G:\QMacVisual(CV3)(25000)\QMacVisual(CV3)2022.9.21(25000)\QMacVisual(CV3)\QPlugins\GeometryMeasure\EdgeWidthMeasure\locate.cpp(1,1): warning C4828: 文件包含在偏移 0x773 处开始的字符，该字符在当前源字符集中无效(代码页 65001)。
G:\QMacVisual(CV3)(25000)\QMacVisual(CV3)2022.9.21(25000)\QMacVisual(CV3)\QPlugins\GeometryMeasure\EdgeWidthMeasure\locate.cpp(1,1): warning C4828: 文件包含在偏移 0x775 处开始的字符，该字符在当前源字符集中无效(代码页 65001)。
G:\QMacVisual(CV3)(25000)\QMacVisual(CV3)2022.9.21(25000)\QMacVisual(CV3)\QPlugins\GeometryMeasure\EdgeWidthMeasure\locate.cpp(1,1): warning C4828: 文件包含在偏移 0x7c1 处开始的字符，该字符在当前源字符集中无效(代码页 65001)。
G:\QMacVisual(CV3)(25000)\QMacVisual(CV3)2022.9.21(25000)\QMacVisual(CV3)\QPlugins\GeometryMeasure\EdgeWidthMeasure\locate.cpp(1,1): warning C4828: 文件包含在偏移 0x7c3 处开始的字符，该字符在当前源字符集中无效(代码页 65001)。
G:\QMacVisual(CV3)(25000)\QMacVisual(CV3)2022.9.21(25000)\QMacVisual(CV3)\QPlugins\GeometryMeasure\EdgeWidthMeasure\locate.cpp(1,1): warning C4828: 文件包含在偏移 0x7c4 处开始的字符，该字符在当前源字符集中无效(代码页 65001)。
G:\QMacVisual(CV3)(25000)\QMacVisual(CV3)2022.9.21(25000)\QMacVisual(CV3)\QPlugins\GeometryMeasure\EdgeWidthMeasure\locate.cpp(1,1): warning C4828: 文件包含在偏移 0x80b 处开始的字符，该字符在当前源字符集中无效(代码页 65001)。
G:\QMacVisual(CV3)(25000)\QMacVisual(CV3)2022.9.21(25000)\QMacVisual(CV3)\QPlugins\GeometryMeasure\EdgeWidthMeasure\locate.cpp(1,1): warning C4828: 文件包含在偏移 0x80c 处开始的字符，该字符在当前源字符集中无效(代码页 65001)。
G:\QMacVisual(CV3)(25000)\QMacVisual(CV3)2022.9.21(25000)\QMacVisual(CV3)\QPlugins\GeometryMeasure\EdgeWidthMeasure\locate.cpp(1,1): warning C4828: 文件包含在偏移 0x80f 处开始的字符，该字符在当前源字符集中无效(代码页 65001)。
G:\QMacVisual(CV3)(25000)\QMacVisual(CV3)2022.9.21(25000)\QMacVisual(CV3)\QPlugins\GeometryMeasure\EdgeWidthMeasure\locate.cpp(1,1): warning C4828: 文件包含在偏移 0x811 处开始的字符，该字符在当前源字符集中无效(代码页 65001)。
G:\QMacVisual(CV3)(25000)\QMacVisual(CV3)2022.9.21(25000)\QMacVisual(CV3)\QPlugins\GeometryMeasure\EdgeWidthMeasure\locate.cpp(1,1): warning C4828: 文件包含在偏移 0x812 处开始的字符，该字符在当前源字符集中无效(代码页 65001)。
G:\QMacVisual(CV3)(25000)\QMacVisual(CV3)2022.9.21(25000)\QMacVisual(CV3)\QPlugins\GeometryMeasure\EdgeWidthMeasure\locate.cpp(1,1): warning C4828: 文件包含在偏移 0x859 处开始的字符，该字符在当前源字符集中无效(代码页 65001)。
G:\QMacVisual(CV3)(25000)\QMacVisual(CV3)2022.9.21(25000)\QMacVisual(CV3)\QPlugins\GeometryMeasure\EdgeWidthMeasure\locate.cpp(1,1): warning C4828: 文件包含在偏移 0x85b 处开始的字符，该字符在当前源字符集中无效(代码页 65001)。
G:\QMacVisual(CV3)(25000)\QMacVisual(CV3)2022.9.21(25000)\QMacVisual(CV3)\QPlugins\GeometryMeasure\EdgeWidthMeasure\locate.cpp(1,1): warning C4828: 文件包含在偏移 0x85e 处开始的字符，该字符在当前源字符集中无效(代码页 65001)。
G:\QMacVisual(CV3)(25000)\QMacVisual(CV3)2022.9.21(25000)\QMacVisual(CV3)\QPlugins\GeometryMeasure\EdgeWidthMeasure\locate.cpp(1,1): warning C4828: 文件包含在偏移 0x8a7 处开始的字符，该字符在当前源字符集中无效(代码页 65001)。
G:\QMacVisual(CV3)(25000)\QMacVisual(CV3)2022.9.21(25000)\QMacVisual(CV3)\QPlugins\GeometryMeasure\EdgeWidthMeasure\locate.cpp(1,1): warning C4828: 文件包含在偏移 0x8a9 处开始的字符，该字符在当前源字符集中无效(代码页 65001)。
G:\QMacVisual(CV3)(25000)\QMacVisual(CV3)2022.9.21(25000)\QMacVisual(CV3)\QPlugins\GeometryMeasure\EdgeWidthMeasure\locate.cpp(1,1): warning C4828: 文件包含在偏移 0x8ae 处开始的字符，该字符在当前源字符集中无效(代码页 65001)。
G:\QMacVisual(CV3)(25000)\QMacVisual(CV3)2022.9.21(25000)\QMacVisual(CV3)\QPlugins\GeometryMeasure\EdgeWidthMeasure\locate.cpp(1,1): warning C4828: 文件包含在偏移 0x8f9 处开始的字符，该字符在当前源字符集中无效(代码页 65001)。
G:\QMacVisual(CV3)(25000)\QMacVisual(CV3)2022.9.21(25000)\QMacVisual(CV3)\QPlugins\GeometryMeasure\EdgeWidthMeasure\locate.cpp(1,1): warning C4828: 文件包含在偏移 0x8fb 处开始的字符，该字符在当前源字符集中无效(代码页 65001)。
G:\QMacVisual(CV3)(25000)\QMacVisual(CV3)2022.9.21(25000)\QMacVisual(CV3)\QPlugins\GeometryMeasure\EdgeWidthMeasure\locate.cpp(1,1): warning C4828: 文件包含在偏移 0x906 处开始的字符，该字符在当前源字符集中无效(代码页 65001)。
G:\QMacVisual(CV3)(25000)\QMacVisual(CV3)2022.9.21(25000)\QMacVisual(CV3)\QPlugins\GeometryMeasure\EdgeWidthMeasure\locate.cpp(1,1): warning C4828: 文件包含在偏移 0x907 处开始的字符，该字符在当前源字符集中无效(代码页 65001)。
G:\QMacVisual(CV3)(25000)\QMacVisual(CV3)2022.9.21(25000)\QMacVisual(CV3)\QPlugins\GeometryMeasure\EdgeWidthMeasure\locate.cpp(1,1): warning C4828: 文件包含在偏移 0x908 处开始的字符，该字符在当前源字符集中无效(代码页 65001)。
G:\QMacVisual(CV3)(25000)\QMacVisual(CV3)2022.9.21(25000)\QMacVisual(CV3)\QPlugins\GeometryMeasure\EdgeWidthMeasure\locate.cpp(1,1): warning C4828: 文件包含在偏移 0x90a 处开始的字符，该字符在当前源字符集中无效(代码页 65001)。
G:\QMacVisual(CV3)(25000)\QMacVisual(CV3)2022.9.21(25000)\QMacVisual(CV3)\QPlugins\GeometryMeasure\EdgeWidthMeasure\locate.cpp(1,1): warning C4828: 文件包含在偏移 0x90b 处开始的字符，该字符在当前源字符集中无效(代码页 65001)。
G:\QMacVisual(CV3)(25000)\QMacVisual(CV3)2022.9.21(25000)\QMacVisual(CV3)\QPlugins\GeometryMeasure\EdgeWidthMeasure\locate.cpp(1,1): warning C4828: 文件包含在偏移 0x911 处开始的字符，该字符在当前源字符集中无效(代码页 65001)。
G:\QMacVisual(CV3)(25000)\QMacVisual(CV3)2022.9.21(25000)\QMacVisual(CV3)\QPlugins\GeometryMeasure\EdgeWidthMeasure\locate.cpp(1,1): warning C4828: 文件包含在偏移 0x913 处开始的字符，该字符在当前源字符集中无效(代码页 65001)。
G:\QMacVisual(CV3)(25000)\QMacVisual(CV3)2022.9.21(25000)\QMacVisual(CV3)\QPlugins\GeometryMeasure\EdgeWidthMeasure\locate.cpp(1,1): warning C4828: 文件包含在偏移 0x9ee 处开始的字符，该字符在当前源字符集中无效(代码页 65001)。
G:\QMacVisual(CV3)(25000)\QMacVisual(CV3)2022.9.21(25000)\QMacVisual(CV3)\QPlugins\GeometryMeasure\EdgeWidthMeasure\locate.cpp(1,1): warning C4828: 文件包含在偏移 0x9ef 处开始的字符，该字符在当前源字符集中无效(代码页 65001)。
G:\QMacVisual(CV3)(25000)\QMacVisual(CV3)2022.9.21(25000)\QMacVisual(CV3)\QPlugins\GeometryMeasure\EdgeWidthMeasure\locate.cpp(1,1): warning C4828: 文件包含在偏移 0x9f0 处开始的字符，该字符在当前源字符集中无效(代码页 65001)。
G:\QMacVisual(CV3)(25000)\QMacVisual(CV3)2022.9.21(25000)\QMacVisual(CV3)\QPlugins\GeometryMeasure\EdgeWidthMeasure\locate.cpp(1,1): warning C4828: 文件包含在偏移 0x9f7 处开始的字符，该字符在当前源字符集中无效(代码页 65001)。
G:\QMacVisual(CV3)(25000)\QMacVisual(CV3)2022.9.21(25000)\QMacVisual(CV3)\QPlugins\GeometryMeasure\EdgeWidthMeasure\locate.cpp(1,1): warning C4828: 文件包含在偏移 0x9f9 处开始的字符，该字符在当前源字符集中无效(代码页 65001)。
G:\QMacVisual(CV3)(25000)\QMacVisual(CV3)2022.9.21(25000)\QMacVisual(CV3)\QPlugins\GeometryMeasure\EdgeWidthMeasure\locate.cpp(1,1): warning C4828: 文件包含在偏移 0xaa6 处开始的字符，该字符在当前源字符集中无效(代码页 65001)。
G:\QMacVisual(CV3)(25000)\QMacVisual(CV3)2022.9.21(25000)\QMacVisual(CV3)\QPlugins\GeometryMeasure\EdgeWidthMeasure\locate.cpp(1,1): warning C4828: 文件包含在偏移 0xaa7 处开始的字符，该字符在当前源字符集中无效(代码页 65001)。
G:\QMacVisual(CV3)(25000)\QMacVisual(CV3)2022.9.21(25000)\QMacVisual(CV3)\QPlugins\GeometryMeasure\EdgeWidthMeasure\locate.cpp(1,1): warning C4828: 文件包含在偏移 0xaa9 处开始的字符，该字符在当前源字符集中无效(代码页 65001)。
G:\QMacVisual(CV3)(25000)\QMacVisual(CV3)2022.9.21(25000)\QMacVisual(CV3)\QPlugins\GeometryMeasure\EdgeWidthMeasure\locate.cpp(1,1): warning C4828: 文件包含在偏移 0xaac 处开始的字符，该字符在当前源字符集中无效(代码页 65001)。
G:\QMacVisual(CV3)(25000)\QMacVisual(CV3)2022.9.21(25000)\QMacVisual(CV3)\QPlugins\GeometryMeasure\EdgeWidthMeasure\locate.cpp(1,1): warning C4828: 文件包含在偏移 0xaaf 处开始的字符，该字符在当前源字符集中无效(代码页 65001)。
G:\QMacVisual(CV3)(25000)\QMacVisual(CV3)2022.9.21(25000)\QMacVisual(CV3)\QPlugins\GeometryMeasure\EdgeWidthMeasure\locate.cpp(1,1): warning C4828: 文件包含在偏移 0xab2 处开始的字符，该字符在当前源字符集中无效(代码页 65001)。
G:\QMacVisual(CV3)(25000)\QMacVisual(CV3)2022.9.21(25000)\QMacVisual(CV3)\QPlugins\GeometryMeasure\EdgeWidthMeasure\locate.cpp(1,1): warning C4828: 文件包含在偏移 0xab7 处开始的字符，该字符在当前源字符集中无效(代码页 65001)。
G:\QMacVisual(CV3)(25000)\QMacVisual(CV3)2022.9.21(25000)\QMacVisual(CV3)\QPlugins\GeometryMeasure\EdgeWidthMeasure\locate.cpp(1,1): warning C4828: 文件包含在偏移 0xb26 处开始的字符，该字符在当前源字符集中无效(代码页 65001)。
G:\QMacVisual(CV3)(25000)\QMacVisual(CV3)2022.9.21(25000)\QMacVisual(CV3)\QPlugins\GeometryMeasure\EdgeWidthMeasure\locate.cpp(1,1): warning C4828: 文件包含在偏移 0xb27 处开始的字符，该字符在当前源字符集中无效(代码页 65001)。
G:\QMacVisual(CV3)(25000)\QMacVisual(CV3)2022.9.21(25000)\QMacVisual(CV3)\QPlugins\GeometryMeasure\EdgeWidthMeasure\locate.cpp(1,1): warning C4828: 文件包含在偏移 0xb2a 处开始的字符，该字符在当前源字符集中无效(代码页 65001)。
G:\QMacVisual(CV3)(25000)\QMacVisual(CV3)2022.9.21(25000)\QMacVisual(CV3)\QPlugins\GeometryMeasure\EdgeWidthMeasure\locate.cpp(1,1): warning C4828: 文件包含在偏移 0xb2c 处开始的字符，该字符在当前源字符集中无效(代码页 65001)。
G:\QMacVisual(CV3)(25000)\QMacVisual(CV3)2022.9.21(25000)\QMacVisual(CV3)\QPlugins\GeometryMeasure\EdgeWidthMeasure\locate.cpp(1,1): warning C4828: 文件包含在偏移 0xc1e 处开始的字符，该字符在当前源字符集中无效(代码页 65001)。
G:\QMacVisual(CV3)(25000)\QMacVisual(CV3)2022.9.21(25000)\QMacVisual(CV3)\QPlugins\GeometryMeasure\EdgeWidthMeasure\locate.cpp(1,1): warning C4828: 文件包含在偏移 0xc20 处开始的字符，该字符在当前源字符集中无效(代码页 65001)。
G:\QMacVisual(CV3)(25000)\QMacVisual(CV3)2022.9.21(25000)\QMacVisual(CV3)\QPlugins\GeometryMeasure\EdgeWidthMeasure\locate.cpp(1,1): warning C4828: 文件包含在偏移 0xc27 处开始的字符，该字符在当前源字符集中无效(代码页 65001)。
G:\QMacVisual(CV3)(25000)\QMacVisual(CV3)2022.9.21(25000)\QMacVisual(CV3)\QPlugins\GeometryMeasure\EdgeWidthMeasure\locate.cpp(1,1): warning C4828: 文件包含在偏移 0xd8d 处开始的字符，该字符在当前源字符集中无效(代码页 65001)。
G:\QMacVisual(CV3)(25000)\QMacVisual(CV3)2022.9.21(25000)\QMacVisual(CV3)\QPlugins\GeometryMeasure\EdgeWidthMeasure\locate.cpp(1,1): warning C4828: 文件包含在偏移 0xd8f 处开始的字符，该字符在当前源字符集中无效(代码页 65001)。
G:\QMacVisual(CV3)(25000)\QMacVisual(CV3)2022.9.21(25000)\QMacVisual(CV3)\QPlugins\GeometryMeasure\EdgeWidthMeasure\locate.cpp(1,1): warning C4828: 文件包含在偏移 0xd91 处开始的字符，该字符在当前源字符集中无效(代码页 65001)。
G:\QMacVisual(CV3)(25000)\QMacVisual(CV3)2022.9.21(25000)\QMacVisual(CV3)\QPlugins\GeometryMeasure\EdgeWidthMeasure\locate.cpp(1,1): warning C4828: 文件包含在偏移 0xd93 处开始的字符，该字符在当前源字符集中无效(代码页 65001)。
G:\QMacVisual(CV3)(25000)\QMacVisual(CV3)2022.9.21(25000)\QMacVisual(CV3)\QPlugins\GeometryMeasure\EdgeWidthMeasure\locate.cpp(1,1): warning C4828: 文件包含在偏移 0xd94 处开始的字符，该字符在当前源字符集中无效(代码页 65001)。
G:\QMacVisual(CV3)(25000)\QMacVisual(CV3)2022.9.21(25000)\QMacVisual(CV3)\QPlugins\GeometryMeasure\EdgeWidthMeasure\locate.cpp(1,1): warning C4828: 文件包含在偏移 0xd98 处开始的字符，该字符在当前源字符集中无效(代码页 65001)。
G:\QMacVisual(CV3)(25000)\QMacVisual(CV3)2022.9.21(25000)\QMacVisual(CV3)\QPlugins\GeometryMeasure\EdgeWidthMeasure\locate.cpp(1,1): warning C4828: 文件包含在偏移 0xfbc 处开始的字符，该字符在当前源字符集中无效(代码页 65001)。
G:\QMacVisual(CV3)(25000)\QMacVisual(CV3)2022.9.21(25000)\QMacVisual(CV3)\QPlugins\GeometryMeasure\EdgeWidthMeasure\locate.cpp(1,1): warning C4828: 文件包含在偏移 0xfbe 处开始的字符，该字符在当前源字符集中无效(代码页 65001)。
G:\QMacVisual(CV3)(25000)\QMacVisual(CV3)2022.9.21(25000)\QMacVisual(CV3)\QPlugins\GeometryMeasure\EdgeWidthMeasure\locate.cpp(1,1): warning C4828: 文件包含在偏移 0xfc1 处开始的字符，该字符在当前源字符集中无效(代码页 65001)。
G:\QMacVisual(CV3)(25000)\QMacVisual(CV3)2022.9.21(25000)\QMacVisual(CV3)\QPlugins\GeometryMeasure\EdgeWidthMeasure\locate.cpp(1,1): warning C4828: 文件包含在偏移 0xfc4 处开始的字符，该字符在当前源字符集中无效(代码页 65001)。
G:\QMacVisual(CV3)(25000)\QMacVisual(CV3)2022.9.21(25000)\QMacVisual(CV3)\QPlugins\GeometryMeasure\EdgeWidthMeasure\locate.cpp(1,1): warning C4828: 文件包含在偏移 0xfc5 处开始的字符，该字符在当前源字符集中无效(代码页 65001)。
G:\QMacVisual(CV3)(25000)\QMacVisual(CV3)2022.9.21(25000)\QMacVisual(CV3)\QPlugins\GeometryMeasure\EdgeWidthMeasure\locate.cpp(1,1): warning C4828: 文件包含在偏移 0x1001 处开始的字符，该字符在当前源字符集中无效(代码页 65001)。
G:\QMacVisual(CV3)(25000)\QMacVisual(CV3)2022.9.21(25000)\QMacVisual(CV3)\QPlugins\GeometryMeasure\EdgeWidthMeasure\locate.cpp(1,1): warning C4828: 文件包含在偏移 0x1003 处开始的字符，该字符在当前源字符集中无效(代码页 65001)。
G:\QMacVisual(CV3)(25000)\QMacVisual(CV3)2022.9.21(25000)\QMacVisual(CV3)\QPlugins\GeometryMeasure\EdgeWidthMeasure\locate.cpp(1,1): warning C4828: 文件包含在偏移 0x1005 处开始的字符，该字符在当前源字符集中无效(代码页 65001)。
G:\QMacVisual(CV3)(25000)\QMacVisual(CV3)2022.9.21(25000)\QMacVisual(CV3)\QPlugins\GeometryMeasure\EdgeWidthMeasure\locate.cpp(1,1): warning C4828: 文件包含在偏移 0x1006 处开始的字符，该字符在当前源字符集中无效(代码页 65001)。
G:\QMacVisual(CV3)(25000)\QMacVisual(CV3)2022.9.21(25000)\QMacVisual(CV3)\QPlugins\GeometryMeasure\EdgeWidthMeasure\locate.cpp(1,1): warning C4828: 文件包含在偏移 0x10bd 处开始的字符，该字符在当前源字符集中无效(代码页 65001)。
G:\QMacVisual(CV3)(25000)\QMacVisual(CV3)2022.9.21(25000)\QMacVisual(CV3)\QPlugins\GeometryMeasure\EdgeWidthMeasure\locate.cpp(1,1): warning C4828: 文件包含在偏移 0x10c0 处开始的字符，该字符在当前源字符集中无效(代码页 65001)。
G:\QMacVisual(CV3)(25000)\QMacVisual(CV3)2022.9.21(25000)\QMacVisual(CV3)\QPlugins\GeometryMeasure\EdgeWidthMeasure\locate.cpp(1,1): warning C4828: 文件包含在偏移 0x10c3 处开始的字符，该字符在当前源字符集中无效(代码页 65001)。
G:\QMacVisual(CV3)(25000)\QMacVisual(CV3)2022.9.21(25000)\QMacVisual(CV3)\QPlugins\GeometryMeasure\EdgeWidthMeasure\locate.cpp(1,1): warning C4828: 文件包含在偏移 0x10c4 处开始的字符，该字符在当前源字符集中无效(代码页 65001)。
G:\QMacVisual(CV3)(25000)\QMacVisual(CV3)2022.9.21(25000)\QMacVisual(CV3)\QPlugins\GeometryMeasure\EdgeWidthMeasure\locate.cpp(1,1): warning C4828: 文件包含在偏移 0x1117 处开始的字符，该字符在当前源字符集中无效(代码页 65001)。
G:\QMacVisual(CV3)(25000)\QMacVisual(CV3)2022.9.21(25000)\QMacVisual(CV3)\QPlugins\GeometryMeasure\EdgeWidthMeasure\locate.cpp(1,1): warning C4828: 文件包含在偏移 0x1118 处开始的字符，该字符在当前源字符集中无效(代码页 65001)。
G:\QMacVisual(CV3)(25000)\QMacVisual(CV3)2022.9.21(25000)\QMacVisual(CV3)\QPlugins\GeometryMeasure\EdgeWidthMeasure\locate.cpp(1,1): warning C4828: 文件包含在偏移 0x11fd 处开始的字符，该字符在当前源字符集中无效(代码页 65001)。
G:\QMacVisual(CV3)(25000)\QMacVisual(CV3)2022.9.21(25000)\QMacVisual(CV3)\QPlugins\GeometryMeasure\EdgeWidthMeasure\locate.cpp(1,1): warning C4828: 文件包含在偏移 0x11ff 处开始的字符，该字符在当前源字符集中无效(代码页 65001)。
G:\QMacVisual(CV3)(25000)\QMacVisual(CV3)2022.9.21(25000)\QMacVisual(CV3)\QPlugins\GeometryMeasure\EdgeWidthMeasure\locate.cpp(1,1): warning C4828: 文件包含在偏移 0x1280 处开始的字符，该字符在当前源字符集中无效(代码页 65001)。
G:\QMacVisual(CV3)(25000)\QMacVisual(CV3)2022.9.21(25000)\QMacVisual(CV3)\QPlugins\GeometryMeasure\EdgeWidthMeasure\locate.cpp(1,1): warning C4828: 文件包含在偏移 0x1282 处开始的字符，该字符在当前源字符集中无效(代码页 65001)。
G:\QMacVisual(CV3)(25000)\QMacVisual(CV3)2022.9.21(25000)\QMacVisual(CV3)\QPlugins\GeometryMeasure\EdgeWidthMeasure\locate.cpp(1,1): warning C4828: 文件包含在偏移 0x1283 处开始的字符，该字符在当前源字符集中无效(代码页 65001)。
G:\QMacVisual(CV3)(25000)\QMacVisual(CV3)2022.9.21(25000)\QMacVisual(CV3)\QPlugins\GeometryMeasure\EdgeWidthMeasure\locate.cpp(1,1): warning C4828: 文件包含在偏移 0x1287 处开始的字符，该字符在当前源字符集中无效(代码页 65001)。
G:\QMacVisual(CV3)(25000)\QMacVisual(CV3)2022.9.21(25000)\QMacVisual(CV3)\QPlugins\GeometryMeasure\EdgeWidthMeasure\locate.cpp(1,1): warning C4828: 文件包含在偏移 0x132c 处开始的字符，该字符在当前源字符集中无效(代码页 65001)。
G:\QMacVisual(CV3)(25000)\QMacVisual(CV3)2022.9.21(25000)\QMacVisual(CV3)\QPlugins\GeometryMeasure\EdgeWidthMeasure\locate.cpp(1,1): warning C4828: 文件包含在偏移 0x1330 处开始的字符，该字符在当前源字符集中无效(代码页 65001)。
G:\QMacVisual(CV3)(25000)\QMacVisual(CV3)2022.9.21(25000)\QMacVisual(CV3)\QPlugins\GeometryMeasure\EdgeWidthMeasure\locate.cpp(1,1): warning C4828: 文件包含在偏移 0x1333 处开始的字符，该字符在当前源字符集中无效(代码页 65001)。
G:\QMacVisual(CV3)(25000)\QMacVisual(CV3)2022.9.21(25000)\QMacVisual(CV3)\QPlugins\GeometryMeasure\EdgeWidthMeasure\locate.cpp(1,1): warning C4828: 文件包含在偏移 0x133e 处开始的字符，该字符在当前源字符集中无效(代码页 65001)。
G:\QMacVisual(CV3)(25000)\QMacVisual(CV3)2022.9.21(25000)\QMacVisual(CV3)\QPlugins\GeometryMeasure\EdgeWidthMeasure\locate.cpp(1,1): warning C4828: 文件包含在偏移 0x1341 处开始的字符，该字符在当前源字符集中无效(代码页 65001)。
G:\QMacVisual(CV3)(25000)\QMacVisual(CV3)2022.9.21(25000)\QMacVisual(CV3)\QPlugins\GeometryMeasure\EdgeWidthMeasure\locate.cpp(1,1): warning C4828: 文件包含在偏移 0x1342 处开始的字符，该字符在当前源字符集中无效(代码页 65001)。
G:\QMacVisual(CV3)(25000)\QMacVisual(CV3)2022.9.21(25000)\QMacVisual(CV3)\QPlugins\GeometryMeasure\EdgeWidthMeasure\locate.cpp(1,1): warning C4828: 文件包含在偏移 0x1343 处开始的字符，该字符在当前源字符集中无效(代码页 65001)。
G:\QMacVisual(CV3)(25000)\QMacVisual(CV3)2022.9.21(25000)\QMacVisual(CV3)\QPlugins\GeometryMeasure\EdgeWidthMeasure\locate.cpp(1,1): warning C4828: 文件包含在偏移 0x1347 处开始的字符，该字符在当前源字符集中无效(代码页 65001)。
G:\QMacVisual(CV3)(25000)\QMacVisual(CV3)2022.9.21(25000)\QMacVisual(CV3)\QPlugins\GeometryMeasure\EdgeWidthMeasure\locate.cpp(1,1): warning C4828: 文件包含在偏移 0x134b 处开始的字符，该字符在当前源字符集中无效(代码页 65001)。
G:\QMacVisual(CV3)(25000)\QMacVisual(CV3)2022.9.21(25000)\QMacVisual(CV3)\QPlugins\GeometryMeasure\EdgeWidthMeasure\locate.cpp(1,1): warning C4828: 文件包含在偏移 0x134d 处开始的字符，该字符在当前源字符集中无效(代码页 65001)。
G:\QMacVisual(CV3)(25000)\QMacVisual(CV3)2022.9.21(25000)\QMacVisual(CV3)\QPlugins\GeometryMeasure\EdgeWidthMeasure\locate.cpp(1,1): warning C4828: 文件包含在偏移 0x134e 处开始的字符，该字符在当前源字符集中无效(代码页 65001)。
G:\QMacVisual(CV3)(25000)\QMacVisual(CV3)2022.9.21(25000)\QMacVisual(CV3)\QPlugins\GeometryMeasure\EdgeWidthMeasure\locate.cpp(1,1): warning C4828: 文件包含在偏移 0x1350 处开始的字符，该字符在当前源字符集中无效(代码页 65001)。
G:\QMacVisual(CV3)(25000)\QMacVisual(CV3)2022.9.21(25000)\QMacVisual(CV3)\QPlugins\GeometryMeasure\EdgeWidthMeasure\locate.cpp(1,1): warning C4828: 文件包含在偏移 0x1352 处开始的字符，该字符在当前源字符集中无效(代码页 65001)。
G:\QMacVisual(CV3)(25000)\QMacVisual(CV3)2022.9.21(25000)\QMacVisual(CV3)\QPlugins\GeometryMeasure\EdgeWidthMeasure\locate.cpp(1,1): warning C4828: 文件包含在偏移 0x1356 处开始的字符，该字符在当前源字符集中无效(代码页 65001)。
G:\QMacVisual(CV3)(25000)\QMacVisual(CV3)2022.9.21(25000)\QMacVisual(CV3)\QPlugins\GeometryMeasure\EdgeWidthMeasure\locate.cpp(1,1): warning C4828: 文件包含在偏移 0x13c7 处开始的字符，该字符在当前源字符集中无效(代码页 65001)。
G:\QMacVisual(CV3)(25000)\QMacVisual(CV3)2022.9.21(25000)\QMacVisual(CV3)\QPlugins\GeometryMeasure\EdgeWidthMeasure\locate.cpp(1,1): warning C4828: 文件包含在偏移 0x13ca 处开始的字符，该字符在当前源字符集中无效(代码页 65001)。
G:\QMacVisual(CV3)(25000)\QMacVisual(CV3)2022.9.21(25000)\QMacVisual(CV3)\QPlugins\GeometryMeasure\EdgeWidthMeasure\locate.cpp(1,1): warning C4828: 文件包含在偏移 0x13ce 处开始的字符，该字符在当前源字符集中无效(代码页 65001)。
G:\QMacVisual(CV3)(25000)\QMacVisual(CV3)2022.9.21(25000)\QMacVisual(CV3)\QPlugins\GeometryMeasure\EdgeWidthMeasure\locate.cpp(1,1): warning C4828: 文件包含在偏移 0x1583 处开始的字符，该字符在当前源字符集中无效(代码页 65001)。
G:\QMacVisual(CV3)(25000)\QMacVisual(CV3)2022.9.21(25000)\QMacVisual(CV3)\QPlugins\GeometryMeasure\EdgeWidthMeasure\locate.cpp(1,1): warning C4828: 文件包含在偏移 0x1585 处开始的字符，该字符在当前源字符集中无效(代码页 65001)。
G:\QMacVisual(CV3)(25000)\QMacVisual(CV3)2022.9.21(25000)\QMacVisual(CV3)\QPlugins\GeometryMeasure\EdgeWidthMeasure\locate.cpp(1,1): warning C4828: 文件包含在偏移 0x1587 处开始的字符，该字符在当前源字符集中无效(代码页 65001)。
G:\QMacVisual(CV3)(25000)\QMacVisual(CV3)2022.9.21(25000)\QMacVisual(CV3)\QPlugins\GeometryMeasure\EdgeWidthMeasure\locate.cpp(1,1): warning C4828: 文件包含在偏移 0x1589 处开始的字符，该字符在当前源字符集中无效(代码页 65001)。
G:\QMacVisual(CV3)(25000)\QMacVisual(CV3)2022.9.21(25000)\QMacVisual(CV3)\QPlugins\GeometryMeasure\EdgeWidthMeasure\locate.cpp(1,1): warning C4828: 文件包含在偏移 0x158c 处开始的字符，该字符在当前源字符集中无效(代码页 65001)。
G:\QMacVisual(CV3)(25000)\QMacVisual(CV3)2022.9.21(25000)\QMacVisual(CV3)\QPlugins\GeometryMeasure\EdgeWidthMeasure\locate.cpp(1,1): warning C4828: 文件包含在偏移 0x158d 处开始的字符，该字符在当前源字符集中无效(代码页 65001)。
G:\QMacVisual(CV3)(25000)\QMacVisual(CV3)2022.9.21(25000)\QMacVisual(CV3)\QPlugins\GeometryMeasure\EdgeWidthMeasure\locate.cpp(1,1): warning C4828: 文件包含在偏移 0x158f 处开始的字符，该字符在当前源字符集中无效(代码页 65001)。
G:\QMacVisual(CV3)(25000)\QMacVisual(CV3)2022.9.21(25000)\QMacVisual(CV3)\QPlugins\GeometryMeasure\EdgeWidthMeasure\locate.cpp(1,1): warning C4828: 文件包含在偏移 0x1591 处开始的字符，该字符在当前源字符集中无效(代码页 65001)。
G:\QMacVisual(CV3)(25000)\QMacVisual(CV3)2022.9.21(25000)\QMacVisual(CV3)\QPlugins\GeometryMeasure\EdgeWidthMeasure\locate.cpp(1,1): warning C4828: 文件包含在偏移 0x1592 处开始的字符，该字符在当前源字符集中无效(代码页 65001)。
G:\QMacVisual(CV3)(25000)\QMacVisual(CV3)2022.9.21(25000)\QMacVisual(CV3)\QPlugins\GeometryMeasure\EdgeWidthMeasure\locate.cpp(1,1): warning C4828: 文件包含在偏移 0x1595 处开始的字符，该字符在当前源字符集中无效(代码页 65001)。
G:\QMacVisual(CV3)(25000)\QMacVisual(CV3)2022.9.21(25000)\QMacVisual(CV3)\QPlugins\GeometryMeasure\EdgeWidthMeasure\locate.cpp(1,1): warning C4828: 文件包含在偏移 0x1596 处开始的字符，该字符在当前源字符集中无效(代码页 65001)。
G:\QMacVisual(CV3)(25000)\QMacVisual(CV3)2022.9.21(25000)\QMacVisual(CV3)\QPlugins\GeometryMeasure\EdgeWidthMeasure\locate.cpp(1,1): warning C4828: 文件包含在偏移 0x1597 处开始的字符，该字符在当前源字符集中无效(代码页 65001)。
G:\QMacVisual(CV3)(25000)\QMacVisual(CV3)2022.9.21(25000)\QMacVisual(CV3)\QPlugins\GeometryMeasure\EdgeWidthMeasure\locate.cpp(1,1): warning C4828: 文件包含在偏移 0x1598 处开始的字符，该字符在当前源字符集中无效(代码页 65001)。
G:\QMacVisual(CV3)(25000)\QMacVisual(CV3)2022.9.21(25000)\QMacVisual(CV3)\QPlugins\GeometryMeasure\EdgeWidthMeasure\locate.cpp(1,1): warning C4828: 文件包含在偏移 0x15bd 处开始的字符，该字符在当前源字符集中无效(代码页 65001)。
G:\QMacVisual(CV3)(25000)\QMacVisual(CV3)2022.9.21(25000)\QMacVisual(CV3)\QPlugins\GeometryMeasure\EdgeWidthMeasure\locate.cpp(1,1): warning C4828: 文件包含在偏移 0x15c0 处开始的字符，该字符在当前源字符集中无效(代码页 65001)。
G:\QMacVisual(CV3)(25000)\QMacVisual(CV3)2022.9.21(25000)\QMacVisual(CV3)\QPlugins\GeometryMeasure\EdgeWidthMeasure\locate.cpp(1,1): warning C4828: 文件包含在偏移 0x15dd 处开始的字符，该字符在当前源字符集中无效(代码页 65001)。
G:\QMacVisual(CV3)(25000)\QMacVisual(CV3)2022.9.21(25000)\QMacVisual(CV3)\QPlugins\GeometryMeasure\EdgeWidthMeasure\locate.cpp(1,1): warning C4828: 文件包含在偏移 0x15de 处开始的字符，该字符在当前源字符集中无效(代码页 65001)。
G:\QMacVisual(CV3)(25000)\QMacVisual(CV3)2022.9.21(25000)\QMacVisual(CV3)\QPlugins\GeometryMeasure\EdgeWidthMeasure\locate.cpp(1,1): warning C4828: 文件包含在偏移 0x15df 处开始的字符，该字符在当前源字符集中无效(代码页 65001)。
G:\QMacVisual(CV3)(25000)\QMacVisual(CV3)2022.9.21(25000)\QMacVisual(CV3)\QPlugins\GeometryMeasure\EdgeWidthMeasure\locate.cpp(1,1): warning C4828: 文件包含在偏移 0x15e0 处开始的字符，该字符在当前源字符集中无效(代码页 65001)。
G:\QMacVisual(CV3)(25000)\QMacVisual(CV3)2022.9.21(25000)\QMacVisual(CV3)\QPlugins\GeometryMeasure\EdgeWidthMeasure\locate.cpp(1,1): warning C4828: 文件包含在偏移 0x15e4 处开始的字符，该字符在当前源字符集中无效(代码页 65001)。
G:\QMacVisual(CV3)(25000)\QMacVisual(CV3)2022.9.21(25000)\QMacVisual(CV3)\QPlugins\GeometryMeasure\EdgeWidthMeasure\locate.cpp(1,1): warning C4828: 文件包含在偏移 0x15ea 处开始的字符，该字符在当前源字符集中无效(代码页 65001)。
G:\QMacVisual(CV3)(25000)\QMacVisual(CV3)2022.9.21(25000)\QMacVisual(CV3)\QPlugins\GeometryMeasure\EdgeWidthMeasure\locate.cpp(1,1): warning C4828: 文件包含在偏移 0x15ec 处开始的字符，该字符在当前源字符集中无效(代码页 65001)。
G:\QMacVisual(CV3)(25000)\QMacVisual(CV3)2022.9.21(25000)\QMacVisual(CV3)\QPlugins\GeometryMeasure\EdgeWidthMeasure\locate.cpp(1,1): warning C4828: 文件包含在偏移 0x15ed 处开始的字符，该字符在当前源字符集中无效(代码页 65001)。
G:\QMacVisual(CV3)(25000)\QMacVisual(CV3)2022.9.21(25000)\QMacVisual(CV3)\QPlugins\GeometryMeasure\EdgeWidthMeasure\locate.cpp(1,1): warning C4828: 文件包含在偏移 0x15ee 处开始的字符，该字符在当前源字符集中无效(代码页 65001)。
G:\QMacVisual(CV3)(25000)\QMacVisual(CV3)2022.9.21(25000)\QMacVisual(CV3)\QPlugins\GeometryMeasure\EdgeWidthMeasure\locate.cpp(1,1): warning C4828: 文件包含在偏移 0x1617 处开始的字符，该字符在当前源字符集中无效(代码页 65001)。
G:\QMacVisual(CV3)(25000)\QMacVisual(CV3)2022.9.21(25000)\QMacVisual(CV3)\QPlugins\GeometryMeasure\EdgeWidthMeasure\locate.cpp(1,1): warning C4828: 文件包含在偏移 0x1619 处开始的字符，该字符在当前源字符集中无效(代码页 65001)。
G:\QMacVisual(CV3)(25000)\QMacVisual(CV3)2022.9.21(25000)\QMacVisual(CV3)\QPlugins\GeometryMeasure\EdgeWidthMeasure\locate.cpp(1,1): warning C4828: 文件包含在偏移 0x161e 处开始的字符，该字符在当前源字符集中无效(代码页 65001)。
G:\QMacVisual(CV3)(25000)\QMacVisual(CV3)2022.9.21(25000)\QMacVisual(CV3)\QPlugins\GeometryMeasure\EdgeWidthMeasure\locate.cpp(1,1): warning C4828: 文件包含在偏移 0x161f 处开始的字符，该字符在当前源字符集中无效(代码页 65001)。
G:\QMacVisual(CV3)(25000)\QMacVisual(CV3)2022.9.21(25000)\QMacVisual(CV3)\QPlugins\GeometryMeasure\EdgeWidthMeasure\locate.cpp(1,1): warning C4828: 文件包含在偏移 0x1620 处开始的字符，该字符在当前源字符集中无效(代码页 65001)。
G:\QMacVisual(CV3)(25000)\QMacVisual(CV3)2022.9.21(25000)\QMacVisual(CV3)\QPlugins\GeometryMeasure\EdgeWidthMeasure\locate.cpp(1,1): warning C4828: 文件包含在偏移 0x1621 处开始的字符，该字符在当前源字符集中无效(代码页 65001)。
G:\QMacVisual(CV3)(25000)\QMacVisual(CV3)2022.9.21(25000)\QMacVisual(CV3)\QPlugins\GeometryMeasure\EdgeWidthMeasure\locate.cpp(1,1): warning C4828: 文件包含在偏移 0x1622 处开始的字符，该字符在当前源字符集中无效(代码页 65001)。
G:\QMacVisual(CV3)(25000)\QMacVisual(CV3)2022.9.21(25000)\QMacVisual(CV3)\QPlugins\GeometryMeasure\EdgeWidthMeasure\locate.cpp(1,1): warning C4828: 文件包含在偏移 0x1624 处开始的字符，该字符在当前源字符集中无效(代码页 65001)。
G:\QMacVisual(CV3)(25000)\QMacVisual(CV3)2022.9.21(25000)\QMacVisual(CV3)\QPlugins\GeometryMeasure\EdgeWidthMeasure\locate.cpp(1,1): warning C4828: 文件包含在偏移 0x1961 处开始的字符，该字符在当前源字符集中无效(代码页 65001)。
G:\QMacVisual(CV3)(25000)\QMacVisual(CV3)2022.9.21(25000)\QMacVisual(CV3)\QPlugins\GeometryMeasure\EdgeWidthMeasure\locate.cpp(1,1): warning C4828: 文件包含在偏移 0x1964 处开始的字符，该字符在当前源字符集中无效(代码页 65001)。
G:\QMacVisual(CV3)(25000)\QMacVisual(CV3)2022.9.21(25000)\QMacVisual(CV3)\QPlugins\GeometryMeasure\EdgeWidthMeasure\locate.cpp(1,1): warning C4828: 文件包含在偏移 0x1965 处开始的字符，该字符在当前源字符集中无效(代码页 65001)。
G:\QMacVisual(CV3)(25000)\QMacVisual(CV3)2022.9.21(25000)\QMacVisual(CV3)\QPlugins\GeometryMeasure\EdgeWidthMeasure\locate.cpp(1,1): warning C4828: 文件包含在偏移 0x1966 处开始的字符，该字符在当前源字符集中无效(代码页 65001)。
G:\QMacVisual(CV3)(25000)\QMacVisual(CV3)2022.9.21(25000)\QMacVisual(CV3)\QPlugins\GeometryMeasure\EdgeWidthMeasure\locate.cpp(1,1): warning C4828: 文件包含在偏移 0x196a 处开始的字符，该字符在当前源字符集中无效(代码页 65001)。
G:\QMacVisual(CV3)(25000)\QMacVisual(CV3)2022.9.21(25000)\QMacVisual(CV3)\QPlugins\GeometryMeasure\EdgeWidthMeasure\locate.cpp(1,1): warning C4828: 文件包含在偏移 0x196e 处开始的字符，该字符在当前源字符集中无效(代码页 65001)。
G:\QMacVisual(CV3)(25000)\QMacVisual(CV3)2022.9.21(25000)\QMacVisual(CV3)\QPlugins\GeometryMeasure\EdgeWidthMeasure\locate.cpp(1,1): warning C4828: 文件包含在偏移 0x1970 处开始的字符，该字符在当前源字符集中无效(代码页 65001)。
G:\QMacVisual(CV3)(25000)\QMacVisual(CV3)2022.9.21(25000)\QMacVisual(CV3)\QPlugins\GeometryMeasure\EdgeWidthMeasure\locate.cpp(1,1): warning C4828: 文件包含在偏移 0x1971 处开始的字符，该字符在当前源字符集中无效(代码页 65001)。
G:\QMacVisual(CV3)(25000)\QMacVisual(CV3)2022.9.21(25000)\QMacVisual(CV3)\QPlugins\GeometryMeasure\EdgeWidthMeasure\locate.cpp(1,1): warning C4828: 文件包含在偏移 0x1974 处开始的字符，该字符在当前源字符集中无效(代码页 65001)。
G:\QMacVisual(CV3)(25000)\QMacVisual(CV3)2022.9.21(25000)\QMacVisual(CV3)\QPlugins\GeometryMeasure\EdgeWidthMeasure\locate.cpp(1,1): warning C4828: 文件包含在偏移 0x1975 处开始的字符，该字符在当前源字符集中无效(代码页 65001)。
G:\QMacVisual(CV3)(25000)\QMacVisual(CV3)2022.9.21(25000)\QMacVisual(CV3)\QPlugins\GeometryMeasure\EdgeWidthMeasure\locate.cpp(1,1): warning C4828: 文件包含在偏移 0x1976 处开始的字符，该字符在当前源字符集中无效(代码页 65001)。
G:\QMacVisual(CV3)(25000)\QMacVisual(CV3)2022.9.21(25000)\QMacVisual(CV3)\QPlugins\GeometryMeasure\EdgeWidthMeasure\locate.cpp(1,1): warning C4828: 文件包含在偏移 0x19de 处开始的字符，该字符在当前源字符集中无效(代码页 65001)。
G:\QMacVisual(CV3)(25000)\QMacVisual(CV3)2022.9.21(25000)\QMacVisual(CV3)\QPlugins\GeometryMeasure\EdgeWidthMeasure\locate.cpp(1,1): warning C4828: 文件包含在偏移 0x19e1 处开始的字符，该字符在当前源字符集中无效(代码页 65001)。
G:\QMacVisual(CV3)(25000)\QMacVisual(CV3)2022.9.21(25000)\QMacVisual(CV3)\QPlugins\GeometryMeasure\EdgeWidthMeasure\locate.cpp(1,1): warning C4828: 文件包含在偏移 0x19e2 处开始的字符，该字符在当前源字符集中无效(代码页 65001)。
G:\QMacVisual(CV3)(25000)\QMacVisual(CV3)2022.9.21(25000)\QMacVisual(CV3)\QPlugins\GeometryMeasure\EdgeWidthMeasure\locate.cpp(1,1): warning C4828: 文件包含在偏移 0x19e3 处开始的字符，该字符在当前源字符集中无效(代码页 65001)。
G:\QMacVisual(CV3)(25000)\QMacVisual(CV3)2022.9.21(25000)\QMacVisual(CV3)\QPlugins\GeometryMeasure\EdgeWidthMeasure\locate.cpp(1,1): warning C4828: 文件包含在偏移 0x1bf0 处开始的字符，该字符在当前源字符集中无效(代码页 65001)。
G:\QMacVisual(CV3)(25000)\QMacVisual(CV3)2022.9.21(25000)\QMacVisual(CV3)\QPlugins\GeometryMeasure\EdgeWidthMeasure\locate.cpp(1,1): warning C4828: 文件包含在偏移 0x1bf1 处开始的字符，该字符在当前源字符集中无效(代码页 65001)。
G:\QMacVisual(CV3)(25000)\QMacVisual(CV3)2022.9.21(25000)\QMacVisual(CV3)\QPlugins\GeometryMeasure\EdgeWidthMeasure\locate.cpp(1,1): warning C4828: 文件包含在偏移 0x1bf3 处开始的字符，该字符在当前源字符集中无效(代码页 65001)。
G:\QMacVisual(CV3)(25000)\QMacVisual(CV3)2022.9.21(25000)\QMacVisual(CV3)\QPlugins\GeometryMeasure\EdgeWidthMeasure\locate.cpp(1,1): warning C4828: 文件包含在偏移 0x1bf8 处开始的字符，该字符在当前源字符集中无效(代码页 65001)。
G:\QMacVisual(CV3)(25000)\QMacVisual(CV3)2022.9.21(25000)\QMacVisual(CV3)\QPlugins\GeometryMeasure\EdgeWidthMeasure\locate.cpp(1,1): warning C4828: 文件包含在偏移 0x1bf9 处开始的字符，该字符在当前源字符集中无效(代码页 65001)。
G:\QMacVisual(CV3)(25000)\QMacVisual(CV3)2022.9.21(25000)\QMacVisual(CV3)\QPlugins\GeometryMeasure\EdgeWidthMeasure\locate.cpp(1,1): warning C4828: 文件包含在偏移 0x1bfc 处开始的字符，该字符在当前源字符集中无效(代码页 65001)。
G:\QMacVisual(CV3)(25000)\QMacVisual(CV3)2022.9.21(25000)\QMacVisual(CV3)\QPlugins\GeometryMeasure\EdgeWidthMeasure\locate.cpp(1,1): warning C4828: 文件包含在偏移 0x1bfd 处开始的字符，该字符在当前源字符集中无效(代码页 65001)。
G:\QMacVisual(CV3)(25000)\QMacVisual(CV3)2022.9.21(25000)\QMacVisual(CV3)\QPlugins\GeometryMeasure\EdgeWidthMeasure\locate.cpp(1,1): warning C4828: 文件包含在偏移 0x1c03 处开始的字符，该字符在当前源字符集中无效(代码页 65001)。
G:\QMacVisual(CV3)(25000)\QMacVisual(CV3)2022.9.21(25000)\QMacVisual(CV3)\QPlugins\GeometryMeasure\EdgeWidthMeasure\locate.cpp(1,1): warning C4828: 文件包含在偏移 0x1c05 处开始的字符，该字符在当前源字符集中无效(代码页 65001)。
G:\QMacVisual(CV3)(25000)\QMacVisual(CV3)2022.9.21(25000)\QMacVisual(CV3)\QPlugins\GeometryMeasure\EdgeWidthMeasure\locate.cpp(1,1): warning C4828: 文件包含在偏移 0x1c78 处开始的字符，该字符在当前源字符集中无效(代码页 65001)。
G:\QMacVisual(CV3)(25000)\QMacVisual(CV3)2022.9.21(25000)\QMacVisual(CV3)\QPlugins\GeometryMeasure\EdgeWidthMeasure\locate.cpp(1,1): warning C4828: 文件包含在偏移 0x1c7a 处开始的字符，该字符在当前源字符集中无效(代码页 65001)。
G:\QMacVisual(CV3)(25000)\QMacVisual(CV3)2022.9.21(25000)\QMacVisual(CV3)\QPlugins\GeometryMeasure\EdgeWidthMeasure\locate.cpp(1,1): warning C4828: 文件包含在偏移 0x1c7c 处开始的字符，该字符在当前源字符集中无效(代码页 65001)。
G:\QMacVisual(CV3)(25000)\QMacVisual(CV3)2022.9.21(25000)\QMacVisual(CV3)\QPlugins\GeometryMeasure\EdgeWidthMeasure\locate.cpp(1,1): warning C4828: 文件包含在偏移 0x1c7d 处开始的字符，该字符在当前源字符集中无效(代码页 65001)。
G:\QMacVisual(CV3)(25000)\QMacVisual(CV3)2022.9.21(25000)\QMacVisual(CV3)\QPlugins\GeometryMeasure\EdgeWidthMeasure\locate.cpp(1,1): warning C4828: 文件包含在偏移 0x1c7f 处开始的字符，该字符在当前源字符集中无效(代码页 65001)。
G:\QMacVisual(CV3)(25000)\QMacVisual(CV3)2022.9.21(25000)\QMacVisual(CV3)\QPlugins\GeometryMeasure\EdgeWidthMeasure\locate.cpp(1,1): warning C4828: 文件包含在偏移 0x1c80 处开始的字符，该字符在当前源字符集中无效(代码页 65001)。
G:\QMacVisual(CV3)(25000)\QMacVisual(CV3)2022.9.21(25000)\QMacVisual(CV3)\QPlugins\GeometryMeasure\EdgeWidthMeasure\locate.cpp(1,1): warning C4828: 文件包含在偏移 0x1c81 处开始的字符，该字符在当前源字符集中无效(代码页 65001)。
G:\QMacVisual(CV3)(25000)\QMacVisual(CV3)2022.9.21(25000)\QMacVisual(CV3)\QPlugins\GeometryMeasure\EdgeWidthMeasure\locate.cpp(1,1): warning C4828: 文件包含在偏移 0x1c83 处开始的字符，该字符在当前源字符集中无效(代码页 65001)。
G:\QMacVisual(CV3)(25000)\QMacVisual(CV3)2022.9.21(25000)\QMacVisual(CV3)\QPlugins\GeometryMeasure\EdgeWidthMeasure\locate.cpp(1,1): warning C4828: 文件包含在偏移 0x1c85 处开始的字符，该字符在当前源字符集中无效(代码页 65001)。
G:\QMacVisual(CV3)(25000)\QMacVisual(CV3)2022.9.21(25000)\QMacVisual(CV3)\QPlugins\GeometryMeasure\EdgeWidthMeasure\locate.cpp(1,1): warning C4828: 文件包含在偏移 0x1c86 处开始的字符，该字符在当前源字符集中无效(代码页 65001)。
G:\QMacVisual(CV3)(25000)\QMacVisual(CV3)2022.9.21(25000)\QMacVisual(CV3)\QPlugins\GeometryMeasure\EdgeWidthMeasure\locate.cpp(1,1): warning C4828: 文件包含在偏移 0x1c87 处开始的字符，该字符在当前源字符集中无效(代码页 65001)。
G:\QMacVisual(CV3)(25000)\QMacVisual(CV3)2022.9.21(25000)\QMacVisual(CV3)\QPlugins\GeometryMeasure\EdgeWidthMeasure\locate.cpp(1,1): warning C4828: 文件包含在偏移 0x1c8e 处开始的字符，该字符在当前源字符集中无效(代码页 65001)。
G:\QMacVisual(CV3)(25000)\QMacVisual(CV3)2022.9.21(25000)\QMacVisual(CV3)\QPlugins\GeometryMeasure\EdgeWidthMeasure\locate.cpp(1,1): warning C4828: 文件包含在偏移 0x1c90 处开始的字符，该字符在当前源字符集中无效(代码页 65001)。
G:\QMacVisual(CV3)(25000)\QMacVisual(CV3)2022.9.21(25000)\QMacVisual(CV3)\QPlugins\GeometryMeasure\EdgeWidthMeasure\locate.cpp(1,1): warning C4828: 文件包含在偏移 0x1c91 处开始的字符，该字符在当前源字符集中无效(代码页 65001)。
G:\QMacVisual(CV3)(25000)\QMacVisual(CV3)2022.9.21(25000)\QMacVisual(CV3)\QPlugins\GeometryMeasure\EdgeWidthMeasure\locate.cpp(1,1): warning C4828: 文件包含在偏移 0x1c92 处开始的字符，该字符在当前源字符集中无效(代码页 65001)。
G:\QMacVisual(CV3)(25000)\QMacVisual(CV3)2022.9.21(25000)\QMacVisual(CV3)\QPlugins\GeometryMeasure\EdgeWidthMeasure\locate.cpp(1,1): warning C4828: 文件包含在偏移 0x1c93 处开始的字符，该字符在当前源字符集中无效(代码页 65001)。
G:\QMacVisual(CV3)(25000)\QMacVisual(CV3)2022.9.21(25000)\QMacVisual(CV3)\QPlugins\GeometryMeasure\EdgeWidthMeasure\locate.cpp(1,1): warning C4828: 文件包含在偏移 0x1c95 处开始的字符，该字符在当前源字符集中无效(代码页 65001)。
G:\QMacVisual(CV3)(25000)\QMacVisual(CV3)2022.9.21(25000)\QMacVisual(CV3)\QPlugins\GeometryMeasure\EdgeWidthMeasure\locate.cpp(1,1): warning C4828: 文件包含在偏移 0x1c97 处开始的字符，该字符在当前源字符集中无效(代码页 65001)。
G:\QMacVisual(CV3)(25000)\QMacVisual(CV3)2022.9.21(25000)\QMacVisual(CV3)\QPlugins\GeometryMeasure\EdgeWidthMeasure\locate.cpp(1,1): warning C4828: 文件包含在偏移 0x1c98 处开始的字符，该字符在当前源字符集中无效(代码页 65001)。
G:\QMacVisual(CV3)(25000)\QMacVisual(CV3)2022.9.21(25000)\QMacVisual(CV3)\QPlugins\GeometryMeasure\EdgeWidthMeasure\locate.cpp(1,1): warning C4828: 文件包含在偏移 0x1c99 处开始的字符，该字符在当前源字符集中无效(代码页 65001)。
G:\QMacVisual(CV3)(25000)\QMacVisual(CV3)2022.9.21(25000)\QMacVisual(CV3)\QPlugins\GeometryMeasure\EdgeWidthMeasure\locate.cpp(1,1): warning C4828: 文件包含在偏移 0x1d47 处开始的字符，该字符在当前源字符集中无效(代码页 65001)。
G:\QMacVisual(CV3)(25000)\QMacVisual(CV3)2022.9.21(25000)\QMacVisual(CV3)\QPlugins\GeometryMeasure\EdgeWidthMeasure\locate.cpp(1,1): warning C4828: 文件包含在偏移 0x1d49 处开始的字符，该字符在当前源字符集中无效(代码页 65001)。
G:\QMacVisual(CV3)(25000)\QMacVisual(CV3)2022.9.21(25000)\QMacVisual(CV3)\QPlugins\GeometryMeasure\EdgeWidthMeasure\locate.cpp(1,1): warning C4828: 文件包含在偏移 0x1d4b 处开始的字符，该字符在当前源字符集中无效(代码页 65001)。
G:\QMacVisual(CV3)(25000)\QMacVisual(CV3)2022.9.21(25000)\QMacVisual(CV3)\QPlugins\GeometryMeasure\EdgeWidthMeasure\locate.cpp(1,1): warning C4828: 文件包含在偏移 0x1d4f 处开始的字符，该字符在当前源字符集中无效(代码页 65001)。
G:\QMacVisual(CV3)(25000)\QMacVisual(CV3)2022.9.21(25000)\QMacVisual(CV3)\QPlugins\GeometryMeasure\EdgeWidthMeasure\locate.cpp(1,1): warning C4828: 文件包含在偏移 0x1d51 处开始的字符，该字符在当前源字符集中无效(代码页 65001)。
G:\QMacVisual(CV3)(25000)\QMacVisual(CV3)2022.9.21(25000)\QMacVisual(CV3)\QPlugins\GeometryMeasure\EdgeWidthMeasure\locate.cpp(1,1): warning C4828: 文件包含在偏移 0x1d52 处开始的字符，该字符在当前源字符集中无效(代码页 65001)。
G:\QMacVisual(CV3)(25000)\QMacVisual(CV3)2022.9.21(25000)\QMacVisual(CV3)\QPlugins\GeometryMeasure\EdgeWidthMeasure\locate.cpp(1,1): warning C4828: 文件包含在偏移 0x1f8c 处开始的字符，该字符在当前源字符集中无效(代码页 65001)。
G:\QMacVisual(CV3)(25000)\QMacVisual(CV3)2022.9.21(25000)\QMacVisual(CV3)\QPlugins\GeometryMeasure\EdgeWidthMeasure\locate.cpp(1,1): warning C4828: 文件包含在偏移 0x1f8d 处开始的字符，该字符在当前源字符集中无效(代码页 65001)。
G:\QMacVisual(CV3)(25000)\QMacVisual(CV3)2022.9.21(25000)\QMacVisual(CV3)\QPlugins\GeometryMeasure\EdgeWidthMeasure\locate.h(1,1): warning C4828: 文件包含在偏移 0x94 处开始的字符，该字符在当前源字符集中无效(代码页 65001)。
  (编译源文件“locate.cpp”)
  
G:\QMacVisual(CV3)(25000)\QMacVisual(CV3)2022.9.21(25000)\QMacVisual(CV3)\QPlugins\GeometryMeasure\EdgeWidthMeasure\locate.h(1,1): warning C4828: 文件包含在偏移 0x96 处开始的字符，该字符在当前源字符集中无效(代码页 65001)。
  (编译源文件“locate.cpp”)
  
G:\QMacVisual(CV3)(25000)\QMacVisual(CV3)2022.9.21(25000)\QMacVisual(CV3)\QPlugins\GeometryMeasure\EdgeWidthMeasure\locate.h(1,1): warning C4828: 文件包含在偏移 0x97 处开始的字符，该字符在当前源字符集中无效(代码页 65001)。
  (编译源文件“locate.cpp”)
  
G:\QMacVisual(CV3)(25000)\QMacVisual(CV3)2022.9.21(25000)\QMacVisual(CV3)\QPlugins\GeometryMeasure\EdgeWidthMeasure\locate.h(1,1): warning C4828: 文件包含在偏移 0x12b 处开始的字符，该字符在当前源字符集中无效(代码页 65001)。
  (编译源文件“locate.cpp”)
  
G:\QMacVisual(CV3)(25000)\QMacVisual(CV3)2022.9.21(25000)\QMacVisual(CV3)\QPlugins\GeometryMeasure\EdgeWidthMeasure\locate.h(1,1): warning C4828: 文件包含在偏移 0x12d 处开始的字符，该字符在当前源字符集中无效(代码页 65001)。
  (编译源文件“locate.cpp”)
  
G:\QMacVisual(CV3)(25000)\QMacVisual(CV3)2022.9.21(25000)\QMacVisual(CV3)\QPlugins\GeometryMeasure\EdgeWidthMeasure\locate.h(1,1): warning C4828: 文件包含在偏移 0x12e 处开始的字符，该字符在当前源字符集中无效(代码页 65001)。
  (编译源文件“locate.cpp”)
  
G:\QMacVisual(CV3)(25000)\QMacVisual(CV3)2022.9.21(25000)\QMacVisual(CV3)\QPlugins\GeometryMeasure\EdgeWidthMeasure\locate.h(1,1): warning C4828: 文件包含在偏移 0x134 处开始的字符，该字符在当前源字符集中无效(代码页 65001)。
  (编译源文件“locate.cpp”)
  
G:\QMacVisual(CV3)(25000)\QMacVisual(CV3)2022.9.21(25000)\QMacVisual(CV3)\QPlugins\GeometryMeasure\EdgeWidthMeasure\locate.h(1,1): warning C4828: 文件包含在偏移 0x139 处开始的字符，该字符在当前源字符集中无效(代码页 65001)。
  (编译源文件“locate.cpp”)
  
G:\QMacVisual(CV3)(25000)\QMacVisual(CV3)2022.9.21(25000)\QMacVisual(CV3)\QPlugins\GeometryMeasure\EdgeWidthMeasure\locate.h(1,1): warning C4828: 文件包含在偏移 0x13b 处开始的字符，该字符在当前源字符集中无效(代码页 65001)。
  (编译源文件“locate.cpp”)
  
G:\QMacVisual(CV3)(25000)\QMacVisual(CV3)2022.9.21(25000)\QMacVisual(CV3)\QPlugins\GeometryMeasure\EdgeWidthMeasure\locate.h(1,1): warning C4828: 文件包含在偏移 0x13d 处开始的字符，该字符在当前源字符集中无效(代码页 65001)。
  (编译源文件“locate.cpp”)
  
G:\QMacVisual(CV3)(25000)\QMacVisual(CV3)2022.9.21(25000)\QMacVisual(CV3)\QPlugins\GeometryMeasure\EdgeWidthMeasure\locate.h(1,1): warning C4828: 文件包含在偏移 0x13e 处开始的字符，该字符在当前源字符集中无效(代码页 65001)。
  (编译源文件“locate.cpp”)
  
G:\QMacVisual(CV3)(25000)\QMacVisual(CV3)2022.9.21(25000)\QMacVisual(CV3)\QPlugins\GeometryMeasure\EdgeWidthMeasure\locate.h(1,1): warning C4828: 文件包含在偏移 0x140 处开始的字符，该字符在当前源字符集中无效(代码页 65001)。
  (编译源文件“locate.cpp”)
  
G:\QMacVisual(CV3)(25000)\QMacVisual(CV3)2022.9.21(25000)\QMacVisual(CV3)\QPlugins\GeometryMeasure\EdgeWidthMeasure\locate.h(1,1): warning C4828: 文件包含在偏移 0x141 处开始的字符，该字符在当前源字符集中无效(代码页 65001)。
  (编译源文件“locate.cpp”)
  
G:\QMacVisual(CV3)(25000)\QMacVisual(CV3)2022.9.21(25000)\QMacVisual(CV3)\QPlugins\GeometryMeasure\EdgeWidthMeasure\locate.h(1,1): warning C4828: 文件包含在偏移 0x142 处开始的字符，该字符在当前源字符集中无效(代码页 65001)。
  (编译源文件“locate.cpp”)
  
G:\QMacVisual(CV3)(25000)\QMacVisual(CV3)2022.9.21(25000)\QMacVisual(CV3)\QPlugins\GeometryMeasure\EdgeWidthMeasure\locate.h(1,1): warning C4828: 文件包含在偏移 0x14b 处开始的字符，该字符在当前源字符集中无效(代码页 65001)。
  (编译源文件“locate.cpp”)
  
G:\QMacVisual(CV3)(25000)\QMacVisual(CV3)2022.9.21(25000)\QMacVisual(CV3)\QPlugins\GeometryMeasure\EdgeWidthMeasure\locate.h(1,1): warning C4828: 文件包含在偏移 0x14d 处开始的字符，该字符在当前源字符集中无效(代码页 65001)。
  (编译源文件“locate.cpp”)
  
G:\QMacVisual(CV3)(25000)\QMacVisual(CV3)2022.9.21(25000)\QMacVisual(CV3)\QPlugins\GeometryMeasure\EdgeWidthMeasure\locate.h(1,1): warning C4828: 文件包含在偏移 0x14f 处开始的字符，该字符在当前源字符集中无效(代码页 65001)。
  (编译源文件“locate.cpp”)
  
G:\QMacVisual(CV3)(25000)\QMacVisual(CV3)2022.9.21(25000)\QMacVisual(CV3)\QPlugins\GeometryMeasure\EdgeWidthMeasure\locate.h(1,1): warning C4828: 文件包含在偏移 0x16a 处开始的字符，该字符在当前源字符集中无效(代码页 65001)。
  (编译源文件“locate.cpp”)
  
G:\QMacVisual(CV3)(25000)\QMacVisual(CV3)2022.9.21(25000)\QMacVisual(CV3)\QPlugins\GeometryMeasure\EdgeWidthMeasure\locate.h(1,1): warning C4828: 文件包含在偏移 0x16b 处开始的字符，该字符在当前源字符集中无效(代码页 65001)。
  (编译源文件“locate.cpp”)
  
G:\QMacVisual(CV3)(25000)\QMacVisual(CV3)2022.9.21(25000)\QMacVisual(CV3)\QPlugins\GeometryMeasure\EdgeWidthMeasure\locate.h(1,1): warning C4828: 文件包含在偏移 0x16c 处开始的字符，该字符在当前源字符集中无效(代码页 65001)。
  (编译源文件“locate.cpp”)
  
G:\QMacVisual(CV3)(25000)\QMacVisual(CV3)2022.9.21(25000)\QMacVisual(CV3)\QPlugins\GeometryMeasure\EdgeWidthMeasure\locate.h(1,1): warning C4828: 文件包含在偏移 0x16d 处开始的字符，该字符在当前源字符集中无效(代码页 65001)。
  (编译源文件“locate.cpp”)
  
G:\QMacVisual(CV3)(25000)\QMacVisual(CV3)2022.9.21(25000)\QMacVisual(CV3)\QPlugins\GeometryMeasure\EdgeWidthMeasure\locate.h(1,1): warning C4828: 文件包含在偏移 0x16e 处开始的字符，该字符在当前源字符集中无效(代码页 65001)。
  (编译源文件“locate.cpp”)
  
G:\QMacVisual(CV3)(25000)\QMacVisual(CV3)2022.9.21(25000)\QMacVisual(CV3)\QPlugins\GeometryMeasure\EdgeWidthMeasure\locate.h(1,1): warning C4828: 文件包含在偏移 0x16f 处开始的字符，该字符在当前源字符集中无效(代码页 65001)。
  (编译源文件“locate.cpp”)
  
G:\QMacVisual(CV3)(25000)\QMacVisual(CV3)2022.9.21(25000)\QMacVisual(CV3)\QPlugins\GeometryMeasure\EdgeWidthMeasure\locate.h(1,1): warning C4828: 文件包含在偏移 0x171 处开始的字符，该字符在当前源字符集中无效(代码页 65001)。
  (编译源文件“locate.cpp”)
  
G:\QMacVisual(CV3)(25000)\QMacVisual(CV3)2022.9.21(25000)\QMacVisual(CV3)\QPlugins\GeometryMeasure\EdgeWidthMeasure\locate.h(1,1): warning C4828: 文件包含在偏移 0x184 处开始的字符，该字符在当前源字符集中无效(代码页 65001)。
  (编译源文件“locate.cpp”)
  
G:\QMacVisual(CV3)(25000)\QMacVisual(CV3)2022.9.21(25000)\QMacVisual(CV3)\QPlugins\GeometryMeasure\EdgeWidthMeasure\locate.h(1,1): warning C4828: 文件包含在偏移 0x186 处开始的字符，该字符在当前源字符集中无效(代码页 65001)。
  (编译源文件“locate.cpp”)
  
G:\QMacVisual(CV3)(25000)\QMacVisual(CV3)2022.9.21(25000)\QMacVisual(CV3)\QPlugins\GeometryMeasure\EdgeWidthMeasure\locate.h(1,1): warning C4828: 文件包含在偏移 0x189 处开始的字符，该字符在当前源字符集中无效(代码页 65001)。
  (编译源文件“locate.cpp”)
  
G:\QMacVisual(CV3)(25000)\QMacVisual(CV3)2022.9.21(25000)\QMacVisual(CV3)\QPlugins\GeometryMeasure\EdgeWidthMeasure\locate.h(1,1): warning C4828: 文件包含在偏移 0x18b 处开始的字符，该字符在当前源字符集中无效(代码页 65001)。
  (编译源文件“locate.cpp”)
  
G:\QMacVisual(CV3)(25000)\QMacVisual(CV3)2022.9.21(25000)\QMacVisual(CV3)\QPlugins\GeometryMeasure\EdgeWidthMeasure\locate.h(1,1): warning C4828: 文件包含在偏移 0x18c 处开始的字符，该字符在当前源字符集中无效(代码页 65001)。
  (编译源文件“locate.cpp”)
  
G:\QMacVisual(CV3)(25000)\QMacVisual(CV3)2022.9.21(25000)\QMacVisual(CV3)\QPlugins\GeometryMeasure\EdgeWidthMeasure\locate.h(1,1): warning C4828: 文件包含在偏移 0x190 处开始的字符，该字符在当前源字符集中无效(代码页 65001)。
  (编译源文件“locate.cpp”)
  
G:\QMacVisual(CV3)(25000)\QMacVisual(CV3)2022.9.21(25000)\QMacVisual(CV3)\QPlugins\GeometryMeasure\EdgeWidthMeasure\locate.h(1,1): warning C4828: 文件包含在偏移 0x191 处开始的字符，该字符在当前源字符集中无效(代码页 65001)。
  (编译源文件“locate.cpp”)
  
G:\QMacVisual(CV3)(25000)\QMacVisual(CV3)2022.9.21(25000)\QMacVisual(CV3)\QPlugins\GeometryMeasure\EdgeWidthMeasure\locate.h(1,1): warning C4828: 文件包含在偏移 0x194 处开始的字符，该字符在当前源字符集中无效(代码页 65001)。
  (编译源文件“locate.cpp”)
  
G:\QMacVisual(CV3)(25000)\QMacVisual(CV3)2022.9.21(25000)\QMacVisual(CV3)\QPlugins\GeometryMeasure\EdgeWidthMeasure\locate.h(1,1): warning C4828: 文件包含在偏移 0x195 处开始的字符，该字符在当前源字符集中无效(代码页 65001)。
  (编译源文件“locate.cpp”)
  
G:\QMacVisual(CV3)(25000)\QMacVisual(CV3)2022.9.21(25000)\QMacVisual(CV3)\QPlugins\GeometryMeasure\EdgeWidthMeasure\locate.h(1,1): warning C4828: 文件包含在偏移 0x19b 处开始的字符，该字符在当前源字符集中无效(代码页 65001)。
  (编译源文件“locate.cpp”)
  
G:\QMacVisual(CV3)(25000)\QMacVisual(CV3)2022.9.21(25000)\QMacVisual(CV3)\QPlugins\GeometryMeasure\EdgeWidthMeasure\locate.h(1,1): warning C4828: 文件包含在偏移 0x19f 处开始的字符，该字符在当前源字符集中无效(代码页 65001)。
  (编译源文件“locate.cpp”)
  
G:\QMacVisual(CV3)(25000)\QMacVisual(CV3)2022.9.21(25000)\QMacVisual(CV3)\QPlugins\GeometryMeasure\EdgeWidthMeasure\locate.h(1,1): warning C4828: 文件包含在偏移 0x1a0 处开始的字符，该字符在当前源字符集中无效(代码页 65001)。
  (编译源文件“locate.cpp”)
  
G:\QMacVisual(CV3)(25000)\QMacVisual(CV3)2022.9.21(25000)\QMacVisual(CV3)\QPlugins\GeometryMeasure\EdgeWidthMeasure\locate.h(1,1): warning C4828: 文件包含在偏移 0x1a1 处开始的字符，该字符在当前源字符集中无效(代码页 65001)。
  (编译源文件“locate.cpp”)
  
G:\QMacVisual(CV3)(25000)\QMacVisual(CV3)2022.9.21(25000)\QMacVisual(CV3)\QPlugins\GeometryMeasure\EdgeWidthMeasure\locate.h(1,1): warning C4828: 文件包含在偏移 0x1a2 处开始的字符，该字符在当前源字符集中无效(代码页 65001)。
  (编译源文件“locate.cpp”)
  
G:\QMacVisual(CV3)(25000)\QMacVisual(CV3)2022.9.21(25000)\QMacVisual(CV3)\QPlugins\GeometryMeasure\EdgeWidthMeasure\locate.h(1,1): warning C4828: 文件包含在偏移 0x1a3 处开始的字符，该字符在当前源字符集中无效(代码页 65001)。
  (编译源文件“locate.cpp”)
  
G:\QMacVisual(CV3)(25000)\QMacVisual(CV3)2022.9.21(25000)\QMacVisual(CV3)\QPlugins\GeometryMeasure\EdgeWidthMeasure\locate.h(1,1): warning C4828: 文件包含在偏移 0x1a5 处开始的字符，该字符在当前源字符集中无效(代码页 65001)。
  (编译源文件“locate.cpp”)
  
G:\QMacVisual(CV3)(25000)\QMacVisual(CV3)2022.9.21(25000)\QMacVisual(CV3)\QPlugins\GeometryMeasure\EdgeWidthMeasure\locate.h(1,1): warning C4828: 文件包含在偏移 0x1a7 处开始的字符，该字符在当前源字符集中无效(代码页 65001)。
  (编译源文件“locate.cpp”)
  
G:\QMacVisual(CV3)(25000)\QMacVisual(CV3)2022.9.21(25000)\QMacVisual(CV3)\QPlugins\GeometryMeasure\EdgeWidthMeasure\locate.h(1,1): warning C4828: 文件包含在偏移 0x1a9 处开始的字符，该字符在当前源字符集中无效(代码页 65001)。
  (编译源文件“locate.cpp”)
  
G:\QMacVisual(CV3)(25000)\QMacVisual(CV3)2022.9.21(25000)\QMacVisual(CV3)\QPlugins\GeometryMeasure\EdgeWidthMeasure\locate.h(1,1): warning C4828: 文件包含在偏移 0x1aa 处开始的字符，该字符在当前源字符集中无效(代码页 65001)。
  (编译源文件“locate.cpp”)
  
G:\QMacVisual(CV3)(25000)\QMacVisual(CV3)2022.9.21(25000)\QMacVisual(CV3)\QPlugins\GeometryMeasure\EdgeWidthMeasure\locate.h(1,1): warning C4828: 文件包含在偏移 0x1af 处开始的字符，该字符在当前源字符集中无效(代码页 65001)。
  (编译源文件“locate.cpp”)
  
G:\QMacVisual(CV3)(25000)\QMacVisual(CV3)2022.9.21(25000)\QMacVisual(CV3)\QPlugins\GeometryMeasure\EdgeWidthMeasure\locate.h(1,1): warning C4828: 文件包含在偏移 0x1b0 处开始的字符，该字符在当前源字符集中无效(代码页 65001)。
  (编译源文件“locate.cpp”)
  
G:\QMacVisual(CV3)(25000)\QMacVisual(CV3)2022.9.21(25000)\QMacVisual(CV3)\QPlugins\GeometryMeasure\EdgeWidthMeasure\locate.h(1,1): warning C4828: 文件包含在偏移 0x1b5 处开始的字符，该字符在当前源字符集中无效(代码页 65001)。
  (编译源文件“locate.cpp”)
  
G:\QMacVisual(CV3)(25000)\QMacVisual(CV3)2022.9.21(25000)\QMacVisual(CV3)\QPlugins\GeometryMeasure\EdgeWidthMeasure\locate.h(1,1): warning C4828: 文件包含在偏移 0x1b7 处开始的字符，该字符在当前源字符集中无效(代码页 65001)。
  (编译源文件“locate.cpp”)
  
G:\QMacVisual(CV3)(25000)\QMacVisual(CV3)2022.9.21(25000)\QMacVisual(CV3)\QPlugins\GeometryMeasure\EdgeWidthMeasure\locate.h(1,1): warning C4828: 文件包含在偏移 0x1ca 处开始的字符，该字符在当前源字符集中无效(代码页 65001)。
  (编译源文件“locate.cpp”)
  
G:\QMacVisual(CV3)(25000)\QMacVisual(CV3)2022.9.21(25000)\QMacVisual(CV3)\QPlugins\GeometryMeasure\EdgeWidthMeasure\locate.h(1,1): warning C4828: 文件包含在偏移 0x1cb 处开始的字符，该字符在当前源字符集中无效(代码页 65001)。
  (编译源文件“locate.cpp”)
  
G:\QMacVisual(CV3)(25000)\QMacVisual(CV3)2022.9.21(25000)\QMacVisual(CV3)\QPlugins\GeometryMeasure\EdgeWidthMeasure\locate.h(1,1): warning C4828: 文件包含在偏移 0x1f6 处开始的字符，该字符在当前源字符集中无效(代码页 65001)。
  (编译源文件“locate.cpp”)
  
G:\QMacVisual(CV3)(25000)\QMacVisual(CV3)2022.9.21(25000)\QMacVisual(CV3)\QPlugins\GeometryMeasure\EdgeWidthMeasure\locate.h(1,1): warning C4828: 文件包含在偏移 0x1f7 处开始的字符，该字符在当前源字符集中无效(代码页 65001)。
  (编译源文件“locate.cpp”)
  
G:\QMacVisual(CV3)(25000)\QMacVisual(CV3)2022.9.21(25000)\QMacVisual(CV3)\QPlugins\GeometryMeasure\EdgeWidthMeasure\locate.h(1,1): warning C4828: 文件包含在偏移 0x210 处开始的字符，该字符在当前源字符集中无效(代码页 65001)。
  (编译源文件“locate.cpp”)
  
G:\QMacVisual(CV3)(25000)\QMacVisual(CV3)2022.9.21(25000)\QMacVisual(CV3)\QPlugins\GeometryMeasure\EdgeWidthMeasure\locate.h(1,1): warning C4828: 文件包含在偏移 0x212 处开始的字符，该字符在当前源字符集中无效(代码页 65001)。
  (编译源文件“locate.cpp”)
  
G:\QMacVisual(CV3)(25000)\QMacVisual(CV3)2022.9.21(25000)\QMacVisual(CV3)\QPlugins\GeometryMeasure\EdgeWidthMeasure\locate.h(1,1): warning C4828: 文件包含在偏移 0x215 处开始的字符，该字符在当前源字符集中无效(代码页 65001)。
  (编译源文件“locate.cpp”)
  
G:\QMacVisual(CV3)(25000)\QMacVisual(CV3)2022.9.21(25000)\QMacVisual(CV3)\QPlugins\GeometryMeasure\EdgeWidthMeasure\locate.h(1,1): warning C4828: 文件包含在偏移 0x217 处开始的字符，该字符在当前源字符集中无效(代码页 65001)。
  (编译源文件“locate.cpp”)
  
G:\QMacVisual(CV3)(25000)\QMacVisual(CV3)2022.9.21(25000)\QMacVisual(CV3)\QPlugins\GeometryMeasure\EdgeWidthMeasure\locate.h(1,1): warning C4828: 文件包含在偏移 0x218 处开始的字符，该字符在当前源字符集中无效(代码页 65001)。
  (编译源文件“locate.cpp”)
  
G:\QMacVisual(CV3)(25000)\QMacVisual(CV3)2022.9.21(25000)\QMacVisual(CV3)\QPlugins\GeometryMeasure\EdgeWidthMeasure\locate.h(1,1): warning C4828: 文件包含在偏移 0x21c 处开始的字符，该字符在当前源字符集中无效(代码页 65001)。
  (编译源文件“locate.cpp”)
  
G:\QMacVisual(CV3)(25000)\QMacVisual(CV3)2022.9.21(25000)\QMacVisual(CV3)\QPlugins\GeometryMeasure\EdgeWidthMeasure\locate.h(1,1): warning C4828: 文件包含在偏移 0x21e 处开始的字符，该字符在当前源字符集中无效(代码页 65001)。
  (编译源文件“locate.cpp”)
  
G:\QMacVisual(CV3)(25000)\QMacVisual(CV3)2022.9.21(25000)\QMacVisual(CV3)\QPlugins\GeometryMeasure\EdgeWidthMeasure\locate.h(1,1): warning C4828: 文件包含在偏移 0x21f 处开始的字符，该字符在当前源字符集中无效(代码页 65001)。
  (编译源文件“locate.cpp”)
  
G:\QMacVisual(CV3)(25000)\QMacVisual(CV3)2022.9.21(25000)\QMacVisual(CV3)\QPlugins\GeometryMeasure\EdgeWidthMeasure\locate.h(1,1): warning C4828: 文件包含在偏移 0x221 处开始的字符，该字符在当前源字符集中无效(代码页 65001)。
  (编译源文件“locate.cpp”)
  
G:\QMacVisual(CV3)(25000)\QMacVisual(CV3)2022.9.21(25000)\QMacVisual(CV3)\QPlugins\GeometryMeasure\EdgeWidthMeasure\locate.h(1,1): warning C4828: 文件包含在偏移 0x224 处开始的字符，该字符在当前源字符集中无效(代码页 65001)。
  (编译源文件“locate.cpp”)
  
G:\QMacVisual(CV3)(25000)\QMacVisual(CV3)2022.9.21(25000)\QMacVisual(CV3)\QPlugins\GeometryMeasure\EdgeWidthMeasure\locate.h(1,1): warning C4828: 文件包含在偏移 0x225 处开始的字符，该字符在当前源字符集中无效(代码页 65001)。
  (编译源文件“locate.cpp”)
  
G:\QMacVisual(CV3)(25000)\QMacVisual(CV3)2022.9.21(25000)\QMacVisual(CV3)\QPlugins\GeometryMeasure\EdgeWidthMeasure\locate.h(1,1): warning C4828: 文件包含在偏移 0x241 处开始的字符，该字符在当前源字符集中无效(代码页 65001)。
  (编译源文件“locate.cpp”)
  
G:\QMacVisual(CV3)(25000)\QMacVisual(CV3)2022.9.21(25000)\QMacVisual(CV3)\QPlugins\GeometryMeasure\EdgeWidthMeasure\locate.h(1,1): warning C4828: 文件包含在偏移 0x242 处开始的字符，该字符在当前源字符集中无效(代码页 65001)。
  (编译源文件“locate.cpp”)
  
G:\QMacVisual(CV3)(25000)\QMacVisual(CV3)2022.9.21(25000)\QMacVisual(CV3)\QPlugins\GeometryMeasure\EdgeWidthMeasure\locate.h(1,1): warning C4828: 文件包含在偏移 0x243 处开始的字符，该字符在当前源字符集中无效(代码页 65001)。
  (编译源文件“locate.cpp”)
  
G:\QMacVisual(CV3)(25000)\QMacVisual(CV3)2022.9.21(25000)\QMacVisual(CV3)\QPlugins\GeometryMeasure\EdgeWidthMeasure\locate.h(1,1): warning C4828: 文件包含在偏移 0x245 处开始的字符，该字符在当前源字符集中无效(代码页 65001)。
  (编译源文件“locate.cpp”)
  
G:\QMacVisual(CV3)(25000)\QMacVisual(CV3)2022.9.21(25000)\QMacVisual(CV3)\QPlugins\GeometryMeasure\EdgeWidthMeasure\locate.h(1,1): warning C4828: 文件包含在偏移 0x246 处开始的字符，该字符在当前源字符集中无效(代码页 65001)。
  (编译源文件“locate.cpp”)
  
G:\QMacVisual(CV3)(25000)\QMacVisual(CV3)2022.9.21(25000)\QMacVisual(CV3)\QPlugins\GeometryMeasure\EdgeWidthMeasure\locate.h(1,1): warning C4828: 文件包含在偏移 0x247 处开始的字符，该字符在当前源字符集中无效(代码页 65001)。
  (编译源文件“locate.cpp”)
  
G:\QMacVisual(CV3)(25000)\QMacVisual(CV3)2022.9.21(25000)\QMacVisual(CV3)\QPlugins\GeometryMeasure\EdgeWidthMeasure\locate.h(1,1): warning C4828: 文件包含在偏移 0x249 处开始的字符，该字符在当前源字符集中无效(代码页 65001)。
  (编译源文件“locate.cpp”)
  
G:\QMacVisual(CV3)(25000)\QMacVisual(CV3)2022.9.21(25000)\QMacVisual(CV3)\QPlugins\GeometryMeasure\EdgeWidthMeasure\locate.h(1,1): warning C4828: 文件包含在偏移 0x24b 处开始的字符，该字符在当前源字符集中无效(代码页 65001)。
  (编译源文件“locate.cpp”)
  
G:\QMacVisual(CV3)(25000)\QMacVisual(CV3)2022.9.21(25000)\QMacVisual(CV3)\QPlugins\GeometryMeasure\EdgeWidthMeasure\locate.h(1,1): warning C4828: 文件包含在偏移 0x24c 处开始的字符，该字符在当前源字符集中无效(代码页 65001)。
  (编译源文件“locate.cpp”)
  
G:\QMacVisual(CV3)(25000)\QMacVisual(CV3)2022.9.21(25000)\QMacVisual(CV3)\QPlugins\GeometryMeasure\EdgeWidthMeasure\locate.h(1,1): warning C4828: 文件包含在偏移 0x24d 处开始的字符，该字符在当前源字符集中无效(代码页 65001)。
  (编译源文件“locate.cpp”)
  
G:\QMacVisual(CV3)(25000)\QMacVisual(CV3)2022.9.21(25000)\QMacVisual(CV3)\QPlugins\GeometryMeasure\EdgeWidthMeasure\locate.h(1,1): warning C4828: 文件包含在偏移 0x24e 处开始的字符，该字符在当前源字符集中无效(代码页 65001)。
  (编译源文件“locate.cpp”)
  
G:\QMacVisual(CV3)(25000)\QMacVisual(CV3)2022.9.21(25000)\QMacVisual(CV3)\QPlugins\GeometryMeasure\EdgeWidthMeasure\locate.h(1,1): warning C4828: 文件包含在偏移 0x24f 处开始的字符，该字符在当前源字符集中无效(代码页 65001)。
  (编译源文件“locate.cpp”)
  
G:\QMacVisual(CV3)(25000)\QMacVisual(CV3)2022.9.21(25000)\QMacVisual(CV3)\QPlugins\GeometryMeasure\EdgeWidthMeasure\locate.h(1,1): warning C4828: 文件包含在偏移 0x251 处开始的字符，该字符在当前源字符集中无效(代码页 65001)。
  (编译源文件“locate.cpp”)
  
G:\QMacVisual(CV3)(25000)\QMacVisual(CV3)2022.9.21(25000)\QMacVisual(CV3)\QPlugins\GeometryMeasure\EdgeWidthMeasure\locate.h(1,1): warning C4828: 文件包含在偏移 0x255 处开始的字符，该字符在当前源字符集中无效(代码页 65001)。
  (编译源文件“locate.cpp”)
  
G:\QMacVisual(CV3)(25000)\QMacVisual(CV3)2022.9.21(25000)\QMacVisual(CV3)\QPlugins\GeometryMeasure\EdgeWidthMeasure\locate.h(1,1): warning C4828: 文件包含在偏移 0x257 处开始的字符，该字符在当前源字符集中无效(代码页 65001)。
  (编译源文件“locate.cpp”)
  
G:\QMacVisual(CV3)(25000)\QMacVisual(CV3)2022.9.21(25000)\QMacVisual(CV3)\QPlugins\GeometryMeasure\EdgeWidthMeasure\locate.h(1,1): warning C4828: 文件包含在偏移 0x259 处开始的字符，该字符在当前源字符集中无效(代码页 65001)。
  (编译源文件“locate.cpp”)
  
G:\QMacVisual(CV3)(25000)\QMacVisual(CV3)2022.9.21(25000)\QMacVisual(CV3)\QPlugins\GeometryMeasure\EdgeWidthMeasure\locate.h(1,1): warning C4828: 文件包含在偏移 0x25a 处开始的字符，该字符在当前源字符集中无效(代码页 65001)。
  (编译源文件“locate.cpp”)
  
G:\QMacVisual(CV3)(25000)\QMacVisual(CV3)2022.9.21(25000)\QMacVisual(CV3)\QPlugins\GeometryMeasure\EdgeWidthMeasure\locate.h(1,1): warning C4828: 文件包含在偏移 0x25c 处开始的字符，该字符在当前源字符集中无效(代码页 65001)。
  (编译源文件“locate.cpp”)
  
G:\QMacVisual(CV3)(25000)\QMacVisual(CV3)2022.9.21(25000)\QMacVisual(CV3)\QPlugins\GeometryMeasure\EdgeWidthMeasure\locate.h(1,1): warning C4828: 文件包含在偏移 0x25d 处开始的字符，该字符在当前源字符集中无效(代码页 65001)。
  (编译源文件“locate.cpp”)
  
G:\QMacVisual(CV3)(25000)\QMacVisual(CV3)2022.9.21(25000)\QMacVisual(CV3)\QPlugins\GeometryMeasure\EdgeWidthMeasure\locate.h(1,1): warning C4828: 文件包含在偏移 0x261 处开始的字符，该字符在当前源字符集中无效(代码页 65001)。
  (编译源文件“locate.cpp”)
  
G:\QMacVisual(CV3)(25000)\QMacVisual(CV3)2022.9.21(25000)\QMacVisual(CV3)\QPlugins\GeometryMeasure\EdgeWidthMeasure\locate.h(1,1): warning C4828: 文件包含在偏移 0x265 处开始的字符，该字符在当前源字符集中无效(代码页 65001)。
  (编译源文件“locate.cpp”)
  
G:\QMacVisual(CV3)(25000)\QMacVisual(CV3)2022.9.21(25000)\QMacVisual(CV3)\QPlugins\GeometryMeasure\EdgeWidthMeasure\locate.h(1,1): warning C4828: 文件包含在偏移 0x266 处开始的字符，该字符在当前源字符集中无效(代码页 65001)。
  (编译源文件“locate.cpp”)
  
G:\QMacVisual(CV3)(25000)\QMacVisual(CV3)2022.9.21(25000)\QMacVisual(CV3)\QPlugins\GeometryMeasure\EdgeWidthMeasure\locate.h(1,1): warning C4828: 文件包含在偏移 0x267 处开始的字符，该字符在当前源字符集中无效(代码页 65001)。
  (编译源文件“locate.cpp”)
  
G:\QMacVisual(CV3)(25000)\QMacVisual(CV3)2022.9.21(25000)\QMacVisual(CV3)\QPlugins\GeometryMeasure\EdgeWidthMeasure\locate.h(1,1): warning C4828: 文件包含在偏移 0x268 处开始的字符，该字符在当前源字符集中无效(代码页 65001)。
  (编译源文件“locate.cpp”)
  
G:\QMacVisual(CV3)(25000)\QMacVisual(CV3)2022.9.21(25000)\QMacVisual(CV3)\QPlugins\GeometryMeasure\EdgeWidthMeasure\locate.h(1,1): warning C4828: 文件包含在偏移 0x26b 处开始的字符，该字符在当前源字符集中无效(代码页 65001)。
  (编译源文件“locate.cpp”)
  
G:\QMacVisual(CV3)(25000)\QMacVisual(CV3)2022.9.21(25000)\QMacVisual(CV3)\QPlugins\GeometryMeasure\EdgeWidthMeasure\locate.h(1,1): warning C4828: 文件包含在偏移 0x26d 处开始的字符，该字符在当前源字符集中无效(代码页 65001)。
  (编译源文件“locate.cpp”)
  
G:\QMacVisual(CV3)(25000)\QMacVisual(CV3)2022.9.21(25000)\QMacVisual(CV3)\QPlugins\GeometryMeasure\EdgeWidthMeasure\locate.h(1,1): warning C4828: 文件包含在偏移 0x26e 处开始的字符，该字符在当前源字符集中无效(代码页 65001)。
  (编译源文件“locate.cpp”)
  
G:\QMacVisual(CV3)(25000)\QMacVisual(CV3)2022.9.21(25000)\QMacVisual(CV3)\QPlugins\GeometryMeasure\EdgeWidthMeasure\locate.h(1,1): warning C4828: 文件包含在偏移 0x288 处开始的字符，该字符在当前源字符集中无效(代码页 65001)。
  (编译源文件“locate.cpp”)
  
G:\QMacVisual(CV3)(25000)\QMacVisual(CV3)2022.9.21(25000)\QMacVisual(CV3)\QPlugins\GeometryMeasure\EdgeWidthMeasure\locate.h(1,1): warning C4828: 文件包含在偏移 0x28a 处开始的字符，该字符在当前源字符集中无效(代码页 65001)。
  (编译源文件“locate.cpp”)
  
G:\QMacVisual(CV3)(25000)\QMacVisual(CV3)2022.9.21(25000)\QMacVisual(CV3)\QPlugins\GeometryMeasure\EdgeWidthMeasure\locate.h(1,1): warning C4828: 文件包含在偏移 0x28f 处开始的字符，该字符在当前源字符集中无效(代码页 65001)。
  (编译源文件“locate.cpp”)
  
G:\QMacVisual(CV3)(25000)\QMacVisual(CV3)2022.9.21(25000)\QMacVisual(CV3)\QPlugins\GeometryMeasure\EdgeWidthMeasure\locate.h(1,1): warning C4828: 文件包含在偏移 0x291 处开始的字符，该字符在当前源字符集中无效(代码页 65001)。
  (编译源文件“locate.cpp”)
  
G:\QMacVisual(CV3)(25000)\QMacVisual(CV3)2022.9.21(25000)\QMacVisual(CV3)\QPlugins\GeometryMeasure\EdgeWidthMeasure\locate.h(1,1): warning C4828: 文件包含在偏移 0x292 处开始的字符，该字符在当前源字符集中无效(代码页 65001)。
  (编译源文件“locate.cpp”)
  
G:\QMacVisual(CV3)(25000)\QMacVisual(CV3)2022.9.21(25000)\QMacVisual(CV3)\QPlugins\GeometryMeasure\EdgeWidthMeasure\locate.h(1,1): warning C4828: 文件包含在偏移 0x293 处开始的字符，该字符在当前源字符集中无效(代码页 65001)。
  (编译源文件“locate.cpp”)
  
G:\QMacVisual(CV3)(25000)\QMacVisual(CV3)2022.9.21(25000)\QMacVisual(CV3)\QPlugins\GeometryMeasure\EdgeWidthMeasure\locate.h(1,1): warning C4828: 文件包含在偏移 0x298 处开始的字符，该字符在当前源字符集中无效(代码页 65001)。
  (编译源文件“locate.cpp”)
  
G:\QMacVisual(CV3)(25000)\QMacVisual(CV3)2022.9.21(25000)\QMacVisual(CV3)\QPlugins\GeometryMeasure\EdgeWidthMeasure\locate.h(1,1): warning C4828: 文件包含在偏移 0x299 处开始的字符，该字符在当前源字符集中无效(代码页 65001)。
  (编译源文件“locate.cpp”)
  
G:\QMacVisual(CV3)(25000)\QMacVisual(CV3)2022.9.21(25000)\QMacVisual(CV3)\QPlugins\GeometryMeasure\EdgeWidthMeasure\locate.h(1,1): warning C4828: 文件包含在偏移 0x29d 处开始的字符，该字符在当前源字符集中无效(代码页 65001)。
  (编译源文件“locate.cpp”)
  
G:\QMacVisual(CV3)(25000)\QMacVisual(CV3)2022.9.21(25000)\QMacVisual(CV3)\QPlugins\GeometryMeasure\EdgeWidthMeasure\locate.h(1,1): warning C4828: 文件包含在偏移 0x29f 处开始的字符，该字符在当前源字符集中无效(代码页 65001)。
  (编译源文件“locate.cpp”)
  
G:\QMacVisual(CV3)(25000)\QMacVisual(CV3)2022.9.21(25000)\QMacVisual(CV3)\QPlugins\GeometryMeasure\EdgeWidthMeasure\locate.h(1,1): warning C4828: 文件包含在偏移 0x2a2 处开始的字符，该字符在当前源字符集中无效(代码页 65001)。
  (编译源文件“locate.cpp”)
  
G:\QMacVisual(CV3)(25000)\QMacVisual(CV3)2022.9.21(25000)\QMacVisual(CV3)\QPlugins\GeometryMeasure\EdgeWidthMeasure\locate.h(1,1): warning C4828: 文件包含在偏移 0x2a6 处开始的字符，该字符在当前源字符集中无效(代码页 65001)。
  (编译源文件“locate.cpp”)
  
G:\QMacVisual(CV3)(25000)\QMacVisual(CV3)2022.9.21(25000)\QMacVisual(CV3)\QPlugins\GeometryMeasure\EdgeWidthMeasure\locate.h(1,1): warning C4828: 文件包含在偏移 0x2a8 处开始的字符，该字符在当前源字符集中无效(代码页 65001)。
  (编译源文件“locate.cpp”)
  
G:\QMacVisual(CV3)(25000)\QMacVisual(CV3)2022.9.21(25000)\QMacVisual(CV3)\QPlugins\GeometryMeasure\EdgeWidthMeasure\locate.h(1,1): warning C4828: 文件包含在偏移 0x2a9 处开始的字符，该字符在当前源字符集中无效(代码页 65001)。
  (编译源文件“locate.cpp”)
  
G:\QMacVisual(CV3)(25000)\QMacVisual(CV3)2022.9.21(25000)\QMacVisual(CV3)\QPlugins\GeometryMeasure\EdgeWidthMeasure\locate.h(1,1): warning C4828: 文件包含在偏移 0x2ab 处开始的字符，该字符在当前源字符集中无效(代码页 65001)。
  (编译源文件“locate.cpp”)
  
G:\QMacVisual(CV3)(25000)\QMacVisual(CV3)2022.9.21(25000)\QMacVisual(CV3)\QPlugins\GeometryMeasure\EdgeWidthMeasure\locate.h(1,1): warning C4828: 文件包含在偏移 0x2ae 处开始的字符，该字符在当前源字符集中无效(代码页 65001)。
  (编译源文件“locate.cpp”)
  
G:\QMacVisual(CV3)(25000)\QMacVisual(CV3)2022.9.21(25000)\QMacVisual(CV3)\QPlugins\GeometryMeasure\EdgeWidthMeasure\locate.h(1,1): warning C4828: 文件包含在偏移 0x2b3 处开始的字符，该字符在当前源字符集中无效(代码页 65001)。
  (编译源文件“locate.cpp”)
  
G:\QMacVisual(CV3)(25000)\QMacVisual(CV3)2022.9.21(25000)\QMacVisual(CV3)\QPlugins\GeometryMeasure\EdgeWidthMeasure\locate.h(1,1): warning C4828: 文件包含在偏移 0x2b5 处开始的字符，该字符在当前源字符集中无效(代码页 65001)。
  (编译源文件“locate.cpp”)
  
G:\QMacVisual(CV3)(25000)\QMacVisual(CV3)2022.9.21(25000)\QMacVisual(CV3)\QPlugins\GeometryMeasure\EdgeWidthMeasure\locate.h(1,1): warning C4828: 文件包含在偏移 0x2b6 处开始的字符，该字符在当前源字符集中无效(代码页 65001)。
  (编译源文件“locate.cpp”)
  
G:\QMacVisual(CV3)(25000)\QMacVisual(CV3)2022.9.21(25000)\QMacVisual(CV3)\QPlugins\GeometryMeasure\EdgeWidthMeasure\locate.h(1,1): warning C4828: 文件包含在偏移 0x2ba 处开始的字符，该字符在当前源字符集中无效(代码页 65001)。
  (编译源文件“locate.cpp”)
  
G:\QMacVisual(CV3)(25000)\QMacVisual(CV3)2022.9.21(25000)\QMacVisual(CV3)\QPlugins\GeometryMeasure\EdgeWidthMeasure\locate.h(1,1): warning C4828: 文件包含在偏移 0x2c2 处开始的字符，该字符在当前源字符集中无效(代码页 65001)。
  (编译源文件“locate.cpp”)
  
G:\QMacVisual(CV3)(25000)\QMacVisual(CV3)2022.9.21(25000)\QMacVisual(CV3)\QPlugins\GeometryMeasure\EdgeWidthMeasure\locate.h(1,1): warning C4828: 文件包含在偏移 0x2c4 处开始的字符，该字符在当前源字符集中无效(代码页 65001)。
  (编译源文件“locate.cpp”)
  
G:\QMacVisual(CV3)(25000)\QMacVisual(CV3)2022.9.21(25000)\QMacVisual(CV3)\QPlugins\GeometryMeasure\EdgeWidthMeasure\locate.h(1,1): warning C4828: 文件包含在偏移 0x2c7 处开始的字符，该字符在当前源字符集中无效(代码页 65001)。
  (编译源文件“locate.cpp”)
  
G:\QMacVisual(CV3)(25000)\QMacVisual(CV3)2022.9.21(25000)\QMacVisual(CV3)\QPlugins\GeometryMeasure\EdgeWidthMeasure\locate.h(1,1): warning C4828: 文件包含在偏移 0x2c9 处开始的字符，该字符在当前源字符集中无效(代码页 65001)。
  (编译源文件“locate.cpp”)
  
G:\QMacVisual(CV3)(25000)\QMacVisual(CV3)2022.9.21(25000)\QMacVisual(CV3)\QPlugins\GeometryMeasure\EdgeWidthMeasure\locate.h(1,1): warning C4828: 文件包含在偏移 0x2ca 处开始的字符，该字符在当前源字符集中无效(代码页 65001)。
  (编译源文件“locate.cpp”)
  
G:\QMacVisual(CV3)(25000)\QMacVisual(CV3)2022.9.21(25000)\QMacVisual(CV3)\QPlugins\GeometryMeasure\EdgeWidthMeasure\locate.h(1,1): warning C4828: 文件包含在偏移 0x2cc 处开始的字符，该字符在当前源字符集中无效(代码页 65001)。
  (编译源文件“locate.cpp”)
  
G:\QMacVisual(CV3)(25000)\QMacVisual(CV3)2022.9.21(25000)\QMacVisual(CV3)\QPlugins\GeometryMeasure\EdgeWidthMeasure\locate.h(1,1): warning C4828: 文件包含在偏移 0x2cd 处开始的字符，该字符在当前源字符集中无效(代码页 65001)。
  (编译源文件“locate.cpp”)
  
G:\QMacVisual(CV3)(25000)\QMacVisual(CV3)2022.9.21(25000)\QMacVisual(CV3)\QPlugins\GeometryMeasure\EdgeWidthMeasure\locate.h(1,1): warning C4828: 文件包含在偏移 0x2cf 处开始的字符，该字符在当前源字符集中无效(代码页 65001)。
  (编译源文件“locate.cpp”)
  
G:\QMacVisual(CV3)(25000)\QMacVisual(CV3)2022.9.21(25000)\QMacVisual(CV3)\QPlugins\GeometryMeasure\EdgeWidthMeasure\locate.h(1,1): warning C4828: 文件包含在偏移 0x2f1 处开始的字符，该字符在当前源字符集中无效(代码页 65001)。
  (编译源文件“locate.cpp”)
  
G:\QMacVisual(CV3)(25000)\QMacVisual(CV3)2022.9.21(25000)\QMacVisual(CV3)\QPlugins\GeometryMeasure\EdgeWidthMeasure\locate.h(1,1): warning C4828: 文件包含在偏移 0x2f3 处开始的字符，该字符在当前源字符集中无效(代码页 65001)。
  (编译源文件“locate.cpp”)
  
G:\QMacVisual(CV3)(25000)\QMacVisual(CV3)2022.9.21(25000)\QMacVisual(CV3)\QPlugins\GeometryMeasure\EdgeWidthMeasure\locate.h(1,1): warning C4828: 文件包含在偏移 0x2f4 处开始的字符，该字符在当前源字符集中无效(代码页 65001)。
  (编译源文件“locate.cpp”)
  
G:\QMacVisual(CV3)(25000)\QMacVisual(CV3)2022.9.21(25000)\QMacVisual(CV3)\QPlugins\GeometryMeasure\EdgeWidthMeasure\locate.h(1,1): warning C4828: 文件包含在偏移 0x2f5 处开始的字符，该字符在当前源字符集中无效(代码页 65001)。
  (编译源文件“locate.cpp”)
  
G:\QMacVisual(CV3)(25000)\QMacVisual(CV3)2022.9.21(25000)\QMacVisual(CV3)\QPlugins\GeometryMeasure\EdgeWidthMeasure\locate.h(1,1): warning C4828: 文件包含在偏移 0x302 处开始的字符，该字符在当前源字符集中无效(代码页 65001)。
  (编译源文件“locate.cpp”)
  
G:\QMacVisual(CV3)(25000)\QMacVisual(CV3)2022.9.21(25000)\QMacVisual(CV3)\QPlugins\GeometryMeasure\EdgeWidthMeasure\locate.h(1,1): warning C4828: 文件包含在偏移 0x304 处开始的字符，该字符在当前源字符集中无效(代码页 65001)。
  (编译源文件“locate.cpp”)
  
G:\QMacVisual(CV3)(25000)\QMacVisual(CV3)2022.9.21(25000)\QMacVisual(CV3)\QPlugins\GeometryMeasure\EdgeWidthMeasure\locate.h(1,1): warning C4828: 文件包含在偏移 0x30c 处开始的字符，该字符在当前源字符集中无效(代码页 65001)。
  (编译源文件“locate.cpp”)
  
G:\QMacVisual(CV3)(25000)\QMacVisual(CV3)2022.9.21(25000)\QMacVisual(CV3)\QPlugins\GeometryMeasure\EdgeWidthMeasure\locate.h(1,1): warning C4828: 文件包含在偏移 0x30f 处开始的字符，该字符在当前源字符集中无效(代码页 65001)。
  (编译源文件“locate.cpp”)
  
G:\QMacVisual(CV3)(25000)\QMacVisual(CV3)2022.9.21(25000)\QMacVisual(CV3)\QPlugins\GeometryMeasure\EdgeWidthMeasure\locate.h(1,1): warning C4828: 文件包含在偏移 0x310 处开始的字符，该字符在当前源字符集中无效(代码页 65001)。
  (编译源文件“locate.cpp”)
  
G:\QMacVisual(CV3)(25000)\QMacVisual(CV3)2022.9.21(25000)\QMacVisual(CV3)\QPlugins\GeometryMeasure\EdgeWidthMeasure\locate.h(1,1): warning C4828: 文件包含在偏移 0x311 处开始的字符，该字符在当前源字符集中无效(代码页 65001)。
  (编译源文件“locate.cpp”)
  
G:\QMacVisual(CV3)(25000)\QMacVisual(CV3)2022.9.21(25000)\QMacVisual(CV3)\QPlugins\GeometryMeasure\EdgeWidthMeasure\locate.h(1,1): warning C4828: 文件包含在偏移 0x317 处开始的字符，该字符在当前源字符集中无效(代码页 65001)。
  (编译源文件“locate.cpp”)
  
G:\QMacVisual(CV3)(25000)\QMacVisual(CV3)2022.9.21(25000)\QMacVisual(CV3)\QPlugins\GeometryMeasure\EdgeWidthMeasure\locate.h(1,1): warning C4828: 文件包含在偏移 0x318 处开始的字符，该字符在当前源字符集中无效(代码页 65001)。
  (编译源文件“locate.cpp”)
  
G:\QMacVisual(CV3)(25000)\QMacVisual(CV3)2022.9.21(25000)\QMacVisual(CV3)\QPlugins\GeometryMeasure\EdgeWidthMeasure\locate.h(1,1): warning C4828: 文件包含在偏移 0x31a 处开始的字符，该字符在当前源字符集中无效(代码页 65001)。
  (编译源文件“locate.cpp”)
  
G:\QMacVisual(CV3)(25000)\QMacVisual(CV3)2022.9.21(25000)\QMacVisual(CV3)\QPlugins\GeometryMeasure\EdgeWidthMeasure\locate.h(1,1): warning C4828: 文件包含在偏移 0x31d 处开始的字符，该字符在当前源字符集中无效(代码页 65001)。
  (编译源文件“locate.cpp”)
  
G:\QMacVisual(CV3)(25000)\QMacVisual(CV3)2022.9.21(25000)\QMacVisual(CV3)\QPlugins\GeometryMeasure\EdgeWidthMeasure\locate.h(1,1): warning C4828: 文件包含在偏移 0x31e 处开始的字符，该字符在当前源字符集中无效(代码页 65001)。
  (编译源文件“locate.cpp”)
  
G:\QMacVisual(CV3)(25000)\QMacVisual(CV3)2022.9.21(25000)\QMacVisual(CV3)\QPlugins\GeometryMeasure\EdgeWidthMeasure\locate.h(1,1): warning C4828: 文件包含在偏移 0x322 处开始的字符，该字符在当前源字符集中无效(代码页 65001)。
  (编译源文件“locate.cpp”)
  
G:\QMacVisual(CV3)(25000)\QMacVisual(CV3)2022.9.21(25000)\QMacVisual(CV3)\QPlugins\GeometryMeasure\EdgeWidthMeasure\mytitlebar.h(1,1): warning C4828: 文件包含在偏移 0xb7 处开始的字符，该字符在当前源字符集中无效(代码页 65001)。
  (编译源文件“mytitlebar.cpp”)
  
G:\QMacVisual(CV3)(25000)\QMacVisual(CV3)2022.9.21(25000)\QMacVisual(CV3)\QPlugins\GeometryMeasure\EdgeWidthMeasure\mytitlebar.h(1,1): warning C4828: 文件包含在偏移 0xbb 处开始的字符，该字符在当前源字符集中无效(代码页 65001)。
  (编译源文件“mytitlebar.cpp”)
  
G:\QMacVisual(CV3)(25000)\QMacVisual(CV3)2022.9.21(25000)\QMacVisual(CV3)\QPlugins\GeometryMeasure\EdgeWidthMeasure\mytitlebar.h(1,1): warning C4828: 文件包含在偏移 0xbc 处开始的字符，该字符在当前源字符集中无效(代码页 65001)。
  (编译源文件“mytitlebar.cpp”)
  
G:\QMacVisual(CV3)(25000)\QMacVisual(CV3)2022.9.21(25000)\QMacVisual(CV3)\QPlugins\GeometryMeasure\EdgeWidthMeasure\mytitlebar.h(1,1): warning C4828: 文件包含在偏移 0xbd 处开始的字符，该字符在当前源字符集中无效(代码页 65001)。
  (编译源文件“mytitlebar.cpp”)
  
G:\QMacVisual(CV3)(25000)\QMacVisual(CV3)2022.9.21(25000)\QMacVisual(CV3)\QPlugins\GeometryMeasure\EdgeWidthMeasure\mytitlebar.h(1,1): warning C4828: 文件包含在偏移 0xc4 处开始的字符，该字符在当前源字符集中无效(代码页 65001)。
  (编译源文件“mytitlebar.cpp”)
  
G:\QMacVisual(CV3)(25000)\QMacVisual(CV3)2022.9.21(25000)\QMacVisual(CV3)\QPlugins\GeometryMeasure\EdgeWidthMeasure\mytitlebar.h(1,1): warning C4828: 文件包含在偏移 0xde 处开始的字符，该字符在当前源字符集中无效(代码页 65001)。
  (编译源文件“mytitlebar.cpp”)
  
G:\QMacVisual(CV3)(25000)\QMacVisual(CV3)2022.9.21(25000)\QMacVisual(CV3)\QPlugins\GeometryMeasure\EdgeWidthMeasure\mytitlebar.h(1,1): warning C4828: 文件包含在偏移 0xe2 处开始的字符，该字符在当前源字符集中无效(代码页 65001)。
  (编译源文件“mytitlebar.cpp”)
  
G:\QMacVisual(CV3)(25000)\QMacVisual(CV3)2022.9.21(25000)\QMacVisual(CV3)\QPlugins\GeometryMeasure\EdgeWidthMeasure\mytitlebar.h(1,1): warning C4828: 文件包含在偏移 0xe3 处开始的字符，该字符在当前源字符集中无效(代码页 65001)。
  (编译源文件“mytitlebar.cpp”)
  
G:\QMacVisual(CV3)(25000)\QMacVisual(CV3)2022.9.21(25000)\QMacVisual(CV3)\QPlugins\GeometryMeasure\EdgeWidthMeasure\mytitlebar.h(1,1): warning C4828: 文件包含在偏移 0xe4 处开始的字符，该字符在当前源字符集中无效(代码页 65001)。
  (编译源文件“mytitlebar.cpp”)
  
G:\QMacVisual(CV3)(25000)\QMacVisual(CV3)2022.9.21(25000)\QMacVisual(CV3)\QPlugins\GeometryMeasure\EdgeWidthMeasure\mytitlebar.h(1,1): warning C4828: 文件包含在偏移 0xe5 处开始的字符，该字符在当前源字符集中无效(代码页 65001)。
  (编译源文件“mytitlebar.cpp”)
  
G:\QMacVisual(CV3)(25000)\QMacVisual(CV3)2022.9.21(25000)\QMacVisual(CV3)\QPlugins\GeometryMeasure\EdgeWidthMeasure\mytitlebar.h(1,1): warning C4828: 文件包含在偏移 0xe6 处开始的字符，该字符在当前源字符集中无效(代码页 65001)。
  (编译源文件“mytitlebar.cpp”)
  
G:\QMacVisual(CV3)(25000)\QMacVisual(CV3)2022.9.21(25000)\QMacVisual(CV3)\QPlugins\GeometryMeasure\EdgeWidthMeasure\mytitlebar.h(1,1): warning C4828: 文件包含在偏移 0xe8 处开始的字符，该字符在当前源字符集中无效(代码页 65001)。
  (编译源文件“mytitlebar.cpp”)
  
G:\QMacVisual(CV3)(25000)\QMacVisual(CV3)2022.9.21(25000)\QMacVisual(CV3)\QPlugins\GeometryMeasure\EdgeWidthMeasure\mytitlebar.h(1,1): warning C4828: 文件包含在偏移 0xf3 处开始的字符，该字符在当前源字符集中无效(代码页 65001)。
  (编译源文件“mytitlebar.cpp”)
  
G:\QMacVisual(CV3)(25000)\QMacVisual(CV3)2022.9.21(25000)\QMacVisual(CV3)\QPlugins\GeometryMeasure\EdgeWidthMeasure\mytitlebar.h(1,1): warning C4828: 文件包含在偏移 0x110 处开始的字符，该字符在当前源字符集中无效(代码页 65001)。
  (编译源文件“mytitlebar.cpp”)
  
G:\QMacVisual(CV3)(25000)\QMacVisual(CV3)2022.9.21(25000)\QMacVisual(CV3)\QPlugins\GeometryMeasure\EdgeWidthMeasure\mytitlebar.h(1,1): warning C4828: 文件包含在偏移 0x112 处开始的字符，该字符在当前源字符集中无效(代码页 65001)。
  (编译源文件“mytitlebar.cpp”)
  
G:\QMacVisual(CV3)(25000)\QMacVisual(CV3)2022.9.21(25000)\QMacVisual(CV3)\QPlugins\GeometryMeasure\EdgeWidthMeasure\mytitlebar.h(1,1): warning C4828: 文件包含在偏移 0x117 处开始的字符，该字符在当前源字符集中无效(代码页 65001)。
  (编译源文件“mytitlebar.cpp”)
  
G:\QMacVisual(CV3)(25000)\QMacVisual(CV3)2022.9.21(25000)\QMacVisual(CV3)\QPlugins\GeometryMeasure\EdgeWidthMeasure\mytitlebar.h(1,1): warning C4828: 文件包含在偏移 0x19a 处开始的字符，该字符在当前源字符集中无效(代码页 65001)。
  (编译源文件“mytitlebar.cpp”)
  
G:\QMacVisual(CV3)(25000)\QMacVisual(CV3)2022.9.21(25000)\QMacVisual(CV3)\QPlugins\GeometryMeasure\EdgeWidthMeasure\mytitlebar.h(1,1): warning C4828: 文件包含在偏移 0x19c 处开始的字符，该字符在当前源字符集中无效(代码页 65001)。
  (编译源文件“mytitlebar.cpp”)
  
G:\QMacVisual(CV3)(25000)\QMacVisual(CV3)2022.9.21(25000)\QMacVisual(CV3)\QPlugins\GeometryMeasure\EdgeWidthMeasure\mytitlebar.h(1,1): warning C4828: 文件包含在偏移 0x19e 处开始的字符，该字符在当前源字符集中无效(代码页 65001)。
  (编译源文件“mytitlebar.cpp”)
  
G:\QMacVisual(CV3)(25000)\QMacVisual(CV3)2022.9.21(25000)\QMacVisual(CV3)\QPlugins\GeometryMeasure\EdgeWidthMeasure\mytitlebar.h(1,1): warning C4828: 文件包含在偏移 0x19f 处开始的字符，该字符在当前源字符集中无效(代码页 65001)。
  (编译源文件“mytitlebar.cpp”)
  
G:\QMacVisual(CV3)(25000)\QMacVisual(CV3)2022.9.21(25000)\QMacVisual(CV3)\QPlugins\GeometryMeasure\EdgeWidthMeasure\mytitlebar.h(1,1): warning C4828: 文件包含在偏移 0x1a2 处开始的字符，该字符在当前源字符集中无效(代码页 65001)。
  (编译源文件“mytitlebar.cpp”)
  
G:\QMacVisual(CV3)(25000)\QMacVisual(CV3)2022.9.21(25000)\QMacVisual(CV3)\QPlugins\GeometryMeasure\EdgeWidthMeasure\mytitlebar.h(1,1): warning C4828: 文件包含在偏移 0x1a3 处开始的字符，该字符在当前源字符集中无效(代码页 65001)。
  (编译源文件“mytitlebar.cpp”)
  
G:\QMacVisual(CV3)(25000)\QMacVisual(CV3)2022.9.21(25000)\QMacVisual(CV3)\QPlugins\GeometryMeasure\EdgeWidthMeasure\mytitlebar.h(1,1): warning C4828: 文件包含在偏移 0x1a4 处开始的字符，该字符在当前源字符集中无效(代码页 65001)。
  (编译源文件“mytitlebar.cpp”)
  
G:\QMacVisual(CV3)(25000)\QMacVisual(CV3)2022.9.21(25000)\QMacVisual(CV3)\QPlugins\GeometryMeasure\EdgeWidthMeasure\mytitlebar.h(1,1): warning C4828: 文件包含在偏移 0x1a5 处开始的字符，该字符在当前源字符集中无效(代码页 65001)。
  (编译源文件“mytitlebar.cpp”)
  
G:\QMacVisual(CV3)(25000)\QMacVisual(CV3)2022.9.21(25000)\QMacVisual(CV3)\QPlugins\GeometryMeasure\EdgeWidthMeasure\mytitlebar.h(1,1): warning C4828: 文件包含在偏移 0x1a6 处开始的字符，该字符在当前源字符集中无效(代码页 65001)。
  (编译源文件“mytitlebar.cpp”)
  
G:\QMacVisual(CV3)(25000)\QMacVisual(CV3)2022.9.21(25000)\QMacVisual(CV3)\QPlugins\GeometryMeasure\EdgeWidthMeasure\mytitlebar.h(1,1): warning C4828: 文件包含在偏移 0x1a7 处开始的字符，该字符在当前源字符集中无效(代码页 65001)。
  (编译源文件“mytitlebar.cpp”)
  
G:\QMacVisual(CV3)(25000)\QMacVisual(CV3)2022.9.21(25000)\QMacVisual(CV3)\QPlugins\GeometryMeasure\EdgeWidthMeasure\mytitlebar.h(1,1): warning C4828: 文件包含在偏移 0x1df 处开始的字符，该字符在当前源字符集中无效(代码页 65001)。
  (编译源文件“mytitlebar.cpp”)
  
G:\QMacVisual(CV3)(25000)\QMacVisual(CV3)2022.9.21(25000)\QMacVisual(CV3)\QPlugins\GeometryMeasure\EdgeWidthMeasure\mytitlebar.h(1,1): warning C4828: 文件包含在偏移 0x1e1 处开始的字符，该字符在当前源字符集中无效(代码页 65001)。
  (编译源文件“mytitlebar.cpp”)
  
G:\QMacVisual(CV3)(25000)\QMacVisual(CV3)2022.9.21(25000)\QMacVisual(CV3)\QPlugins\GeometryMeasure\EdgeWidthMeasure\mytitlebar.h(1,1): warning C4828: 文件包含在偏移 0x1e3 处开始的字符，该字符在当前源字符集中无效(代码页 65001)。
  (编译源文件“mytitlebar.cpp”)
  
G:\QMacVisual(CV3)(25000)\QMacVisual(CV3)2022.9.21(25000)\QMacVisual(CV3)\QPlugins\GeometryMeasure\EdgeWidthMeasure\mytitlebar.h(1,1): warning C4828: 文件包含在偏移 0x1e4 处开始的字符，该字符在当前源字符集中无效(代码页 65001)。
  (编译源文件“mytitlebar.cpp”)
  
G:\QMacVisual(CV3)(25000)\QMacVisual(CV3)2022.9.21(25000)\QMacVisual(CV3)\QPlugins\GeometryMeasure\EdgeWidthMeasure\mytitlebar.h(1,1): warning C4828: 文件包含在偏移 0x1e7 处开始的字符，该字符在当前源字符集中无效(代码页 65001)。
  (编译源文件“mytitlebar.cpp”)
  
G:\QMacVisual(CV3)(25000)\QMacVisual(CV3)2022.9.21(25000)\QMacVisual(CV3)\QPlugins\GeometryMeasure\EdgeWidthMeasure\mytitlebar.h(1,1): warning C4828: 文件包含在偏移 0x1e8 处开始的字符，该字符在当前源字符集中无效(代码页 65001)。
  (编译源文件“mytitlebar.cpp”)
  
G:\QMacVisual(CV3)(25000)\QMacVisual(CV3)2022.9.21(25000)\QMacVisual(CV3)\QPlugins\GeometryMeasure\EdgeWidthMeasure\mytitlebar.h(1,1): warning C4828: 文件包含在偏移 0x1eb 处开始的字符，该字符在当前源字符集中无效(代码页 65001)。
  (编译源文件“mytitlebar.cpp”)
  
G:\QMacVisual(CV3)(25000)\QMacVisual(CV3)2022.9.21(25000)\QMacVisual(CV3)\QPlugins\GeometryMeasure\EdgeWidthMeasure\mytitlebar.h(1,1): warning C4828: 文件包含在偏移 0x1ec 处开始的字符，该字符在当前源字符集中无效(代码页 65001)。
  (编译源文件“mytitlebar.cpp”)
  
G:\QMacVisual(CV3)(25000)\QMacVisual(CV3)2022.9.21(25000)\QMacVisual(CV3)\QPlugins\GeometryMeasure\EdgeWidthMeasure\mytitlebar.h(1,1): warning C4828: 文件包含在偏移 0x219 处开始的字符，该字符在当前源字符集中无效(代码页 65001)。
  (编译源文件“mytitlebar.cpp”)
  
G:\QMacVisual(CV3)(25000)\QMacVisual(CV3)2022.9.21(25000)\QMacVisual(CV3)\QPlugins\GeometryMeasure\EdgeWidthMeasure\mytitlebar.h(1,1): warning C4828: 文件包含在偏移 0x21b 处开始的字符，该字符在当前源字符集中无效(代码页 65001)。
  (编译源文件“mytitlebar.cpp”)
  
G:\QMacVisual(CV3)(25000)\QMacVisual(CV3)2022.9.21(25000)\QMacVisual(CV3)\QPlugins\GeometryMeasure\EdgeWidthMeasure\mytitlebar.h(1,1): warning C4828: 文件包含在偏移 0x21d 处开始的字符，该字符在当前源字符集中无效(代码页 65001)。
  (编译源文件“mytitlebar.cpp”)
  
G:\QMacVisual(CV3)(25000)\QMacVisual(CV3)2022.9.21(25000)\QMacVisual(CV3)\QPlugins\GeometryMeasure\EdgeWidthMeasure\mytitlebar.h(1,1): warning C4828: 文件包含在偏移 0x21e 处开始的字符，该字符在当前源字符集中无效(代码页 65001)。
  (编译源文件“mytitlebar.cpp”)
  
G:\QMacVisual(CV3)(25000)\QMacVisual(CV3)2022.9.21(25000)\QMacVisual(CV3)\QPlugins\GeometryMeasure\EdgeWidthMeasure\mytitlebar.h(1,1): warning C4828: 文件包含在偏移 0x221 处开始的字符，该字符在当前源字符集中无效(代码页 65001)。
  (编译源文件“mytitlebar.cpp”)
  
G:\QMacVisual(CV3)(25000)\QMacVisual(CV3)2022.9.21(25000)\QMacVisual(CV3)\QPlugins\GeometryMeasure\EdgeWidthMeasure\mytitlebar.h(1,1): warning C4828: 文件包含在偏移 0x223 处开始的字符，该字符在当前源字符集中无效(代码页 65001)。
  (编译源文件“mytitlebar.cpp”)
  
G:\QMacVisual(CV3)(25000)\QMacVisual(CV3)2022.9.21(25000)\QMacVisual(CV3)\QPlugins\GeometryMeasure\EdgeWidthMeasure\mytitlebar.h(1,1): warning C4828: 文件包含在偏移 0x258 处开始的字符，该字符在当前源字符集中无效(代码页 65001)。
  (编译源文件“mytitlebar.cpp”)
  
G:\QMacVisual(CV3)(25000)\QMacVisual(CV3)2022.9.21(25000)\QMacVisual(CV3)\QPlugins\GeometryMeasure\EdgeWidthMeasure\mytitlebar.h(1,1): warning C4828: 文件包含在偏移 0x25a 处开始的字符，该字符在当前源字符集中无效(代码页 65001)。
  (编译源文件“mytitlebar.cpp”)
  
G:\QMacVisual(CV3)(25000)\QMacVisual(CV3)2022.9.21(25000)\QMacVisual(CV3)\QPlugins\GeometryMeasure\EdgeWidthMeasure\mytitlebar.h(1,1): warning C4828: 文件包含在偏移 0x25c 处开始的字符，该字符在当前源字符集中无效(代码页 65001)。
  (编译源文件“mytitlebar.cpp”)
  
G:\QMacVisual(CV3)(25000)\QMacVisual(CV3)2022.9.21(25000)\QMacVisual(CV3)\QPlugins\GeometryMeasure\EdgeWidthMeasure\mytitlebar.h(1,1): warning C4828: 文件包含在偏移 0x25d 处开始的字符，该字符在当前源字符集中无效(代码页 65001)。
  (编译源文件“mytitlebar.cpp”)
  
G:\QMacVisual(CV3)(25000)\QMacVisual(CV3)2022.9.21(25000)\QMacVisual(CV3)\QPlugins\GeometryMeasure\EdgeWidthMeasure\mytitlebar.h(1,1): warning C4828: 文件包含在偏移 0x260 处开始的字符，该字符在当前源字符集中无效(代码页 65001)。
  (编译源文件“mytitlebar.cpp”)
  
G:\QMacVisual(CV3)(25000)\QMacVisual(CV3)2022.9.21(25000)\QMacVisual(CV3)\QPlugins\GeometryMeasure\EdgeWidthMeasure\mytitlebar.h(1,1): warning C4828: 文件包含在偏移 0x261 处开始的字符，该字符在当前源字符集中无效(代码页 65001)。
  (编译源文件“mytitlebar.cpp”)
  
G:\QMacVisual(CV3)(25000)\QMacVisual(CV3)2022.9.21(25000)\QMacVisual(CV3)\QPlugins\GeometryMeasure\EdgeWidthMeasure\mytitlebar.h(1,1): warning C4828: 文件包含在偏移 0x262 处开始的字符，该字符在当前源字符集中无效(代码页 65001)。
  (编译源文件“mytitlebar.cpp”)
  
G:\QMacVisual(CV3)(25000)\QMacVisual(CV3)2022.9.21(25000)\QMacVisual(CV3)\QPlugins\GeometryMeasure\EdgeWidthMeasure\mytitlebar.h(1,1): warning C4828: 文件包含在偏移 0x263 处开始的字符，该字符在当前源字符集中无效(代码页 65001)。
  (编译源文件“mytitlebar.cpp”)
  
G:\QMacVisual(CV3)(25000)\QMacVisual(CV3)2022.9.21(25000)\QMacVisual(CV3)\QPlugins\GeometryMeasure\EdgeWidthMeasure\mytitlebar.h(1,1): warning C4828: 文件包含在偏移 0x264 处开始的字符，该字符在当前源字符集中无效(代码页 65001)。
  (编译源文件“mytitlebar.cpp”)
  
G:\QMacVisual(CV3)(25000)\QMacVisual(CV3)2022.9.21(25000)\QMacVisual(CV3)\QPlugins\GeometryMeasure\EdgeWidthMeasure\mytitlebar.h(1,1): warning C4828: 文件包含在偏移 0x265 处开始的字符，该字符在当前源字符集中无效(代码页 65001)。
  (编译源文件“mytitlebar.cpp”)
  
G:\QMacVisual(CV3)(25000)\QMacVisual(CV3)2022.9.21(25000)\QMacVisual(CV3)\QPlugins\GeometryMeasure\EdgeWidthMeasure\mytitlebar.h(1,1): warning C4828: 文件包含在偏移 0x28c 处开始的字符，该字符在当前源字符集中无效(代码页 65001)。
  (编译源文件“mytitlebar.cpp”)
  
G:\QMacVisual(CV3)(25000)\QMacVisual(CV3)2022.9.21(25000)\QMacVisual(CV3)\QPlugins\GeometryMeasure\EdgeWidthMeasure\mytitlebar.h(1,1): warning C4828: 文件包含在偏移 0x28e 处开始的字符，该字符在当前源字符集中无效(代码页 65001)。
  (编译源文件“mytitlebar.cpp”)
  
G:\QMacVisual(CV3)(25000)\QMacVisual(CV3)2022.9.21(25000)\QMacVisual(CV3)\QPlugins\GeometryMeasure\EdgeWidthMeasure\mytitlebar.h(1,1): warning C4828: 文件包含在偏移 0x290 处开始的字符，该字符在当前源字符集中无效(代码页 65001)。
  (编译源文件“mytitlebar.cpp”)
  
G:\QMacVisual(CV3)(25000)\QMacVisual(CV3)2022.9.21(25000)\QMacVisual(CV3)\QPlugins\GeometryMeasure\EdgeWidthMeasure\mytitlebar.h(1,1): warning C4828: 文件包含在偏移 0x291 处开始的字符，该字符在当前源字符集中无效(代码页 65001)。
  (编译源文件“mytitlebar.cpp”)
  
G:\QMacVisual(CV3)(25000)\QMacVisual(CV3)2022.9.21(25000)\QMacVisual(CV3)\QPlugins\GeometryMeasure\EdgeWidthMeasure\mytitlebar.h(1,1): warning C4828: 文件包含在偏移 0x294 处开始的字符，该字符在当前源字符集中无效(代码页 65001)。
  (编译源文件“mytitlebar.cpp”)
  
G:\QMacVisual(CV3)(25000)\QMacVisual(CV3)2022.9.21(25000)\QMacVisual(CV3)\QPlugins\GeometryMeasure\EdgeWidthMeasure\mytitlebar.h(1,1): warning C4828: 文件包含在偏移 0x295 处开始的字符，该字符在当前源字符集中无效(代码页 65001)。
  (编译源文件“mytitlebar.cpp”)
  
G:\QMacVisual(CV3)(25000)\QMacVisual(CV3)2022.9.21(25000)\QMacVisual(CV3)\QPlugins\GeometryMeasure\EdgeWidthMeasure\mytitlebar.h(1,1): warning C4828: 文件包含在偏移 0x296 处开始的字符，该字符在当前源字符集中无效(代码页 65001)。
  (编译源文件“mytitlebar.cpp”)
  
G:\QMacVisual(CV3)(25000)\QMacVisual(CV3)2022.9.21(25000)\QMacVisual(CV3)\QPlugins\GeometryMeasure\EdgeWidthMeasure\mytitlebar.h(1,1): warning C4828: 文件包含在偏移 0x298 处开始的字符，该字符在当前源字符集中无效(代码页 65001)。
  (编译源文件“mytitlebar.cpp”)
  
G:\QMacVisual(CV3)(25000)\QMacVisual(CV3)2022.9.21(25000)\QMacVisual(CV3)\QPlugins\GeometryMeasure\EdgeWidthMeasure\mytitlebar.h(1,1): warning C4828: 文件包含在偏移 0x299 处开始的字符，该字符在当前源字符集中无效(代码页 65001)。
  (编译源文件“mytitlebar.cpp”)
  
G:\QMacVisual(CV3)(25000)\QMacVisual(CV3)2022.9.21(25000)\QMacVisual(CV3)\QPlugins\GeometryMeasure\EdgeWidthMeasure\mytitlebar.h(1,1): warning C4828: 文件包含在偏移 0x29c 处开始的字符，该字符在当前源字符集中无效(代码页 65001)。
  (编译源文件“mytitlebar.cpp”)
  
G:\QMacVisual(CV3)(25000)\QMacVisual(CV3)2022.9.21(25000)\QMacVisual(CV3)\QPlugins\GeometryMeasure\EdgeWidthMeasure\mytitlebar.h(1,1): warning C4828: 文件包含在偏移 0x29d 处开始的字符，该字符在当前源字符集中无效(代码页 65001)。
  (编译源文件“mytitlebar.cpp”)
  
G:\QMacVisual(CV3)(25000)\QMacVisual(CV3)2022.9.21(25000)\QMacVisual(CV3)\QPlugins\GeometryMeasure\EdgeWidthMeasure\mytitlebar.h(1,1): warning C4828: 文件包含在偏移 0x2d2 处开始的字符，该字符在当前源字符集中无效(代码页 65001)。
  (编译源文件“mytitlebar.cpp”)
  
G:\QMacVisual(CV3)(25000)\QMacVisual(CV3)2022.9.21(25000)\QMacVisual(CV3)\QPlugins\GeometryMeasure\EdgeWidthMeasure\mytitlebar.h(1,1): warning C4828: 文件包含在偏移 0x2d4 处开始的字符，该字符在当前源字符集中无效(代码页 65001)。
  (编译源文件“mytitlebar.cpp”)
  
G:\QMacVisual(CV3)(25000)\QMacVisual(CV3)2022.9.21(25000)\QMacVisual(CV3)\QPlugins\GeometryMeasure\EdgeWidthMeasure\mytitlebar.h(1,1): warning C4828: 文件包含在偏移 0x2d6 处开始的字符，该字符在当前源字符集中无效(代码页 65001)。
  (编译源文件“mytitlebar.cpp”)
  
G:\QMacVisual(CV3)(25000)\QMacVisual(CV3)2022.9.21(25000)\QMacVisual(CV3)\QPlugins\GeometryMeasure\EdgeWidthMeasure\mytitlebar.h(1,1): warning C4828: 文件包含在偏移 0x2d7 处开始的字符，该字符在当前源字符集中无效(代码页 65001)。
  (编译源文件“mytitlebar.cpp”)
  
G:\QMacVisual(CV3)(25000)\QMacVisual(CV3)2022.9.21(25000)\QMacVisual(CV3)\QPlugins\GeometryMeasure\EdgeWidthMeasure\mytitlebar.h(1,1): warning C4828: 文件包含在偏移 0x2da 处开始的字符，该字符在当前源字符集中无效(代码页 65001)。
  (编译源文件“mytitlebar.cpp”)
  
G:\QMacVisual(CV3)(25000)\QMacVisual(CV3)2022.9.21(25000)\QMacVisual(CV3)\QPlugins\GeometryMeasure\EdgeWidthMeasure\mytitlebar.h(1,1): warning C4828: 文件包含在偏移 0x2db 处开始的字符，该字符在当前源字符集中无效(代码页 65001)。
  (编译源文件“mytitlebar.cpp”)
  
G:\QMacVisual(CV3)(25000)\QMacVisual(CV3)2022.9.21(25000)\QMacVisual(CV3)\QPlugins\GeometryMeasure\EdgeWidthMeasure\mytitlebar.h(1,1): warning C4828: 文件包含在偏移 0x2dc 处开始的字符，该字符在当前源字符集中无效(代码页 65001)。
  (编译源文件“mytitlebar.cpp”)
  
G:\QMacVisual(CV3)(25000)\QMacVisual(CV3)2022.9.21(25000)\QMacVisual(CV3)\QPlugins\GeometryMeasure\EdgeWidthMeasure\mytitlebar.h(1,1): warning C4828: 文件包含在偏移 0x2de 处开始的字符，该字符在当前源字符集中无效(代码页 65001)。
  (编译源文件“mytitlebar.cpp”)
  
G:\QMacVisual(CV3)(25000)\QMacVisual(CV3)2022.9.21(25000)\QMacVisual(CV3)\QPlugins\GeometryMeasure\EdgeWidthMeasure\mytitlebar.h(1,1): warning C4828: 文件包含在偏移 0x2e1 处开始的字符，该字符在当前源字符集中无效(代码页 65001)。
  (编译源文件“mytitlebar.cpp”)
  
G:\QMacVisual(CV3)(25000)\QMacVisual(CV3)2022.9.21(25000)\QMacVisual(CV3)\QPlugins\GeometryMeasure\EdgeWidthMeasure\mytitlebar.h(1,1): warning C4828: 文件包含在偏移 0x2e4 处开始的字符，该字符在当前源字符集中无效(代码页 65001)。
  (编译源文件“mytitlebar.cpp”)
  
G:\QMacVisual(CV3)(25000)\QMacVisual(CV3)2022.9.21(25000)\QMacVisual(CV3)\QPlugins\GeometryMeasure\EdgeWidthMeasure\mytitlebar.h(1,1): warning C4828: 文件包含在偏移 0x2e6 处开始的字符，该字符在当前源字符集中无效(代码页 65001)。
  (编译源文件“mytitlebar.cpp”)
  
G:\QMacVisual(CV3)(25000)\QMacVisual(CV3)2022.9.21(25000)\QMacVisual(CV3)\QPlugins\GeometryMeasure\EdgeWidthMeasure\mytitlebar.h(1,1): warning C4828: 文件包含在偏移 0x2e7 处开始的字符，该字符在当前源字符集中无效(代码页 65001)。
  (编译源文件“mytitlebar.cpp”)
  
G:\QMacVisual(CV3)(25000)\QMacVisual(CV3)2022.9.21(25000)\QMacVisual(CV3)\QPlugins\GeometryMeasure\EdgeWidthMeasure\mytitlebar.h(1,1): warning C4828: 文件包含在偏移 0x2eb 处开始的字符，该字符在当前源字符集中无效(代码页 65001)。
  (编译源文件“mytitlebar.cpp”)
  
G:\QMacVisual(CV3)(25000)\QMacVisual(CV3)2022.9.21(25000)\QMacVisual(CV3)\QPlugins\GeometryMeasure\EdgeWidthMeasure\mytitlebar.h(1,1): warning C4828: 文件包含在偏移 0x2ef 处开始的字符，该字符在当前源字符集中无效(代码页 65001)。
  (编译源文件“mytitlebar.cpp”)
  
G:\QMacVisual(CV3)(25000)\QMacVisual(CV3)2022.9.21(25000)\QMacVisual(CV3)\QPlugins\GeometryMeasure\EdgeWidthMeasure\mytitlebar.h(1,1): warning C4828: 文件包含在偏移 0x2f0 处开始的字符，该字符在当前源字符集中无效(代码页 65001)。
  (编译源文件“mytitlebar.cpp”)
  
G:\QMacVisual(CV3)(25000)\QMacVisual(CV3)2022.9.21(25000)\QMacVisual(CV3)\QPlugins\GeometryMeasure\EdgeWidthMeasure\mytitlebar.h(1,1): warning C4828: 文件包含在偏移 0x2f2 处开始的字符，该字符在当前源字符集中无效(代码页 65001)。
  (编译源文件“mytitlebar.cpp”)
  
G:\QMacVisual(CV3)(25000)\QMacVisual(CV3)2022.9.21(25000)\QMacVisual(CV3)\QPlugins\GeometryMeasure\EdgeWidthMeasure\mytitlebar.h(1,1): warning C4828: 文件包含在偏移 0x2f5 处开始的字符，该字符在当前源字符集中无效(代码页 65001)。
  (编译源文件“mytitlebar.cpp”)
  
G:\QMacVisual(CV3)(25000)\QMacVisual(CV3)2022.9.21(25000)\QMacVisual(CV3)\QPlugins\GeometryMeasure\EdgeWidthMeasure\mytitlebar.h(1,1): warning C4828: 文件包含在偏移 0x2f7 处开始的字符，该字符在当前源字符集中无效(代码页 65001)。
  (编译源文件“mytitlebar.cpp”)
  
G:\QMacVisual(CV3)(25000)\QMacVisual(CV3)2022.9.21(25000)\QMacVisual(CV3)\QPlugins\GeometryMeasure\EdgeWidthMeasure\mytitlebar.h(1,1): warning C4828: 文件包含在偏移 0x2f8 处开始的字符，该字符在当前源字符集中无效(代码页 65001)。
  (编译源文件“mytitlebar.cpp”)
  
G:\QMacVisual(CV3)(25000)\QMacVisual(CV3)2022.9.21(25000)\QMacVisual(CV3)\QPlugins\GeometryMeasure\EdgeWidthMeasure\mytitlebar.h(1,1): warning C4828: 文件包含在偏移 0x2fb 处开始的字符，该字符在当前源字符集中无效(代码页 65001)。
  (编译源文件“mytitlebar.cpp”)
  
G:\QMacVisual(CV3)(25000)\QMacVisual(CV3)2022.9.21(25000)\QMacVisual(CV3)\QPlugins\GeometryMeasure\EdgeWidthMeasure\mytitlebar.h(1,1): warning C4828: 文件包含在偏移 0x2fc 处开始的字符，该字符在当前源字符集中无效(代码页 65001)。
  (编译源文件“mytitlebar.cpp”)
  
G:\QMacVisual(CV3)(25000)\QMacVisual(CV3)2022.9.21(25000)\QMacVisual(CV3)\QPlugins\GeometryMeasure\EdgeWidthMeasure\mytitlebar.h(1,1): warning C4828: 文件包含在偏移 0x319 处开始的字符，该字符在当前源字符集中无效(代码页 65001)。
  (编译源文件“mytitlebar.cpp”)
  
G:\QMacVisual(CV3)(25000)\QMacVisual(CV3)2022.9.21(25000)\QMacVisual(CV3)\QPlugins\GeometryMeasure\EdgeWidthMeasure\mytitlebar.h(1,1): warning C4828: 文件包含在偏移 0x31a 处开始的字符，该字符在当前源字符集中无效(代码页 65001)。
  (编译源文件“mytitlebar.cpp”)
  
G:\QMacVisual(CV3)(25000)\QMacVisual(CV3)2022.9.21(25000)\QMacVisual(CV3)\QPlugins\GeometryMeasure\EdgeWidthMeasure\mytitlebar.h(1,1): warning C4828: 文件包含在偏移 0x31b 处开始的字符，该字符在当前源字符集中无效(代码页 65001)。
  (编译源文件“mytitlebar.cpp”)
  
G:\QMacVisual(CV3)(25000)\QMacVisual(CV3)2022.9.21(25000)\QMacVisual(CV3)\QPlugins\GeometryMeasure\EdgeWidthMeasure\mytitlebar.h(1,1): warning C4828: 文件包含在偏移 0x31c 处开始的字符，该字符在当前源字符集中无效(代码页 65001)。
  (编译源文件“mytitlebar.cpp”)
  
G:\QMacVisual(CV3)(25000)\QMacVisual(CV3)2022.9.21(25000)\QMacVisual(CV3)\QPlugins\GeometryMeasure\EdgeWidthMeasure\mytitlebar.h(1,1): warning C4828: 文件包含在偏移 0x31f 处开始的字符，该字符在当前源字符集中无效(代码页 65001)。
  (编译源文件“mytitlebar.cpp”)
  
G:\QMacVisual(CV3)(25000)\QMacVisual(CV3)2022.9.21(25000)\QMacVisual(CV3)\QPlugins\GeometryMeasure\EdgeWidthMeasure\mytitlebar.h(1,1): warning C4828: 文件包含在偏移 0x320 处开始的字符，该字符在当前源字符集中无效(代码页 65001)。
  (编译源文件“mytitlebar.cpp”)
  
G:\QMacVisual(CV3)(25000)\QMacVisual(CV3)2022.9.21(25000)\QMacVisual(CV3)\QPlugins\GeometryMeasure\EdgeWidthMeasure\mytitlebar.h(1,1): warning C4828: 文件包含在偏移 0x324 处开始的字符，该字符在当前源字符集中无效(代码页 65001)。
  (编译源文件“mytitlebar.cpp”)
  
G:\QMacVisual(CV3)(25000)\QMacVisual(CV3)2022.9.21(25000)\QMacVisual(CV3)\QPlugins\GeometryMeasure\EdgeWidthMeasure\mytitlebar.h(1,1): warning C4828: 文件包含在偏移 0x325 处开始的字符，该字符在当前源字符集中无效(代码页 65001)。
  (编译源文件“mytitlebar.cpp”)
  
G:\QMacVisual(CV3)(25000)\QMacVisual(CV3)2022.9.21(25000)\QMacVisual(CV3)\QPlugins\GeometryMeasure\EdgeWidthMeasure\mytitlebar.h(1,1): warning C4828: 文件包含在偏移 0x326 处开始的字符，该字符在当前源字符集中无效(代码页 65001)。
  (编译源文件“mytitlebar.cpp”)
  
G:\QMacVisual(CV3)(25000)\QMacVisual(CV3)2022.9.21(25000)\QMacVisual(CV3)\QPlugins\GeometryMeasure\EdgeWidthMeasure\mytitlebar.h(1,1): warning C4828: 文件包含在偏移 0x327 处开始的字符，该字符在当前源字符集中无效(代码页 65001)。
  (编译源文件“mytitlebar.cpp”)
  
G:\QMacVisual(CV3)(25000)\QMacVisual(CV3)2022.9.21(25000)\QMacVisual(CV3)\QPlugins\GeometryMeasure\EdgeWidthMeasure\mytitlebar.h(1,1): warning C4828: 文件包含在偏移 0x32a 处开始的字符，该字符在当前源字符集中无效(代码页 65001)。
  (编译源文件“mytitlebar.cpp”)
  
G:\QMacVisual(CV3)(25000)\QMacVisual(CV3)2022.9.21(25000)\QMacVisual(CV3)\QPlugins\GeometryMeasure\EdgeWidthMeasure\mytitlebar.h(1,1): warning C4828: 文件包含在偏移 0x32c 处开始的字符，该字符在当前源字符集中无效(代码页 65001)。
  (编译源文件“mytitlebar.cpp”)
  
G:\QMacVisual(CV3)(25000)\QMacVisual(CV3)2022.9.21(25000)\QMacVisual(CV3)\QPlugins\GeometryMeasure\EdgeWidthMeasure\mytitlebar.h(1,1): warning C4828: 文件包含在偏移 0x32d 处开始的字符，该字符在当前源字符集中无效(代码页 65001)。
  (编译源文件“mytitlebar.cpp”)
  
G:\QMacVisual(CV3)(25000)\QMacVisual(CV3)2022.9.21(25000)\QMacVisual(CV3)\QPlugins\GeometryMeasure\EdgeWidthMeasure\mytitlebar.h(1,1): warning C4828: 文件包含在偏移 0x32f 处开始的字符，该字符在当前源字符集中无效(代码页 65001)。
  (编译源文件“mytitlebar.cpp”)
  
G:\QMacVisual(CV3)(25000)\QMacVisual(CV3)2022.9.21(25000)\QMacVisual(CV3)\QPlugins\GeometryMeasure\EdgeWidthMeasure\mytitlebar.h(1,1): warning C4828: 文件包含在偏移 0x330 处开始的字符，该字符在当前源字符集中无效(代码页 65001)。
  (编译源文件“mytitlebar.cpp”)
  
G:\QMacVisual(CV3)(25000)\QMacVisual(CV3)2022.9.21(25000)\QMacVisual(CV3)\QPlugins\GeometryMeasure\EdgeWidthMeasure\mytitlebar.h(1,1): warning C4828: 文件包含在偏移 0x331 处开始的字符，该字符在当前源字符集中无效(代码页 65001)。
  (编译源文件“mytitlebar.cpp”)
  
G:\QMacVisual(CV3)(25000)\QMacVisual(CV3)2022.9.21(25000)\QMacVisual(CV3)\QPlugins\GeometryMeasure\EdgeWidthMeasure\mytitlebar.h(1,1): warning C4828: 文件包含在偏移 0x332 处开始的字符，该字符在当前源字符集中无效(代码页 65001)。
  (编译源文件“mytitlebar.cpp”)
  
G:\QMacVisual(CV3)(25000)\QMacVisual(CV3)2022.9.21(25000)\QMacVisual(CV3)\QPlugins\GeometryMeasure\EdgeWidthMeasure\mytitlebar.h(1,1): warning C4828: 文件包含在偏移 0x378 处开始的字符，该字符在当前源字符集中无效(代码页 65001)。
  (编译源文件“mytitlebar.cpp”)
  
G:\QMacVisual(CV3)(25000)\QMacVisual(CV3)2022.9.21(25000)\QMacVisual(CV3)\QPlugins\GeometryMeasure\EdgeWidthMeasure\mytitlebar.h(1,1): warning C4828: 文件包含在偏移 0x379 处开始的字符，该字符在当前源字符集中无效(代码页 65001)。
  (编译源文件“mytitlebar.cpp”)
  
G:\QMacVisual(CV3)(25000)\QMacVisual(CV3)2022.9.21(25000)\QMacVisual(CV3)\QPlugins\GeometryMeasure\EdgeWidthMeasure\mytitlebar.h(1,1): warning C4828: 文件包含在偏移 0x37d 处开始的字符，该字符在当前源字符集中无效(代码页 65001)。
  (编译源文件“mytitlebar.cpp”)
  
G:\QMacVisual(CV3)(25000)\QMacVisual(CV3)2022.9.21(25000)\QMacVisual(CV3)\QPlugins\GeometryMeasure\EdgeWidthMeasure\mytitlebar.h(1,1): warning C4828: 文件包含在偏移 0x380 处开始的字符，该字符在当前源字符集中无效(代码页 65001)。
  (编译源文件“mytitlebar.cpp”)
  
G:\QMacVisual(CV3)(25000)\QMacVisual(CV3)2022.9.21(25000)\QMacVisual(CV3)\QPlugins\GeometryMeasure\EdgeWidthMeasure\mytitlebar.h(1,1): warning C4828: 文件包含在偏移 0x381 处开始的字符，该字符在当前源字符集中无效(代码页 65001)。
  (编译源文件“mytitlebar.cpp”)
  
G:\QMacVisual(CV3)(25000)\QMacVisual(CV3)2022.9.21(25000)\QMacVisual(CV3)\QPlugins\GeometryMeasure\EdgeWidthMeasure\mytitlebar.h(1,1): warning C4828: 文件包含在偏移 0x384 处开始的字符，该字符在当前源字符集中无效(代码页 65001)。
  (编译源文件“mytitlebar.cpp”)
  
G:\QMacVisual(CV3)(25000)\QMacVisual(CV3)2022.9.21(25000)\QMacVisual(CV3)\QPlugins\GeometryMeasure\EdgeWidthMeasure\mytitlebar.h(1,1): warning C4828: 文件包含在偏移 0x385 处开始的字符，该字符在当前源字符集中无效(代码页 65001)。
  (编译源文件“mytitlebar.cpp”)
  
G:\QMacVisual(CV3)(25000)\QMacVisual(CV3)2022.9.21(25000)\QMacVisual(CV3)\QPlugins\GeometryMeasure\EdgeWidthMeasure\mytitlebar.h(1,1): warning C4828: 文件包含在偏移 0x386 处开始的字符，该字符在当前源字符集中无效(代码页 65001)。
  (编译源文件“mytitlebar.cpp”)
  
G:\QMacVisual(CV3)(25000)\QMacVisual(CV3)2022.9.21(25000)\QMacVisual(CV3)\QPlugins\GeometryMeasure\EdgeWidthMeasure\mytitlebar.h(1,1): warning C4828: 文件包含在偏移 0x389 处开始的字符，该字符在当前源字符集中无效(代码页 65001)。
  (编译源文件“mytitlebar.cpp”)
  
G:\QMacVisual(CV3)(25000)\QMacVisual(CV3)2022.9.21(25000)\QMacVisual(CV3)\QPlugins\GeometryMeasure\EdgeWidthMeasure\mytitlebar.h(1,1): warning C4828: 文件包含在偏移 0x38b 处开始的字符，该字符在当前源字符集中无效(代码页 65001)。
  (编译源文件“mytitlebar.cpp”)
  
G:\QMacVisual(CV3)(25000)\QMacVisual(CV3)2022.9.21(25000)\QMacVisual(CV3)\QPlugins\GeometryMeasure\EdgeWidthMeasure\mytitlebar.h(1,1): warning C4828: 文件包含在偏移 0x38c 处开始的字符，该字符在当前源字符集中无效(代码页 65001)。
  (编译源文件“mytitlebar.cpp”)
  
G:\QMacVisual(CV3)(25000)\QMacVisual(CV3)2022.9.21(25000)\QMacVisual(CV3)\QPlugins\GeometryMeasure\EdgeWidthMeasure\mytitlebar.h(1,1): warning C4828: 文件包含在偏移 0x38e 处开始的字符，该字符在当前源字符集中无效(代码页 65001)。
  (编译源文件“mytitlebar.cpp”)
  
G:\QMacVisual(CV3)(25000)\QMacVisual(CV3)2022.9.21(25000)\QMacVisual(CV3)\QPlugins\GeometryMeasure\EdgeWidthMeasure\mytitlebar.h(1,1): warning C4828: 文件包含在偏移 0x38f 处开始的字符，该字符在当前源字符集中无效(代码页 65001)。
  (编译源文件“mytitlebar.cpp”)
  
G:\QMacVisual(CV3)(25000)\QMacVisual(CV3)2022.9.21(25000)\QMacVisual(CV3)\QPlugins\GeometryMeasure\EdgeWidthMeasure\mytitlebar.h(1,1): warning C4828: 文件包含在偏移 0x390 处开始的字符，该字符在当前源字符集中无效(代码页 65001)。
  (编译源文件“mytitlebar.cpp”)
  
G:\QMacVisual(CV3)(25000)\QMacVisual(CV3)2022.9.21(25000)\QMacVisual(CV3)\QPlugins\GeometryMeasure\EdgeWidthMeasure\mytitlebar.h(1,1): warning C4828: 文件包含在偏移 0x391 处开始的字符，该字符在当前源字符集中无效(代码页 65001)。
  (编译源文件“mytitlebar.cpp”)
  
G:\QMacVisual(CV3)(25000)\QMacVisual(CV3)2022.9.21(25000)\QMacVisual(CV3)\QPlugins\GeometryMeasure\EdgeWidthMeasure\mytitlebar.h(1,1): warning C4828: 文件包含在偏移 0x4b6 处开始的字符，该字符在当前源字符集中无效(代码页 65001)。
  (编译源文件“mytitlebar.cpp”)
  
G:\QMacVisual(CV3)(25000)\QMacVisual(CV3)2022.9.21(25000)\QMacVisual(CV3)\QPlugins\GeometryMeasure\EdgeWidthMeasure\mytitlebar.h(1,1): warning C4828: 文件包含在偏移 0x4b7 处开始的字符，该字符在当前源字符集中无效(代码页 65001)。
  (编译源文件“mytitlebar.cpp”)
  
G:\QMacVisual(CV3)(25000)\QMacVisual(CV3)2022.9.21(25000)\QMacVisual(CV3)\QPlugins\GeometryMeasure\EdgeWidthMeasure\mytitlebar.h(1,1): warning C4828: 文件包含在偏移 0x4bb 处开始的字符，该字符在当前源字符集中无效(代码页 65001)。
  (编译源文件“mytitlebar.cpp”)
  
G:\QMacVisual(CV3)(25000)\QMacVisual(CV3)2022.9.21(25000)\QMacVisual(CV3)\QPlugins\GeometryMeasure\EdgeWidthMeasure\mytitlebar.h(1,1): warning C4828: 文件包含在偏移 0x4bc 处开始的字符，该字符在当前源字符集中无效(代码页 65001)。
  (编译源文件“mytitlebar.cpp”)
  
G:\QMacVisual(CV3)(25000)\QMacVisual(CV3)2022.9.21(25000)\QMacVisual(CV3)\QPlugins\GeometryMeasure\EdgeWidthMeasure\mytitlebar.h(1,1): warning C4828: 文件包含在偏移 0x4bf 处开始的字符，该字符在当前源字符集中无效(代码页 65001)。
  (编译源文件“mytitlebar.cpp”)
  
G:\QMacVisual(CV3)(25000)\QMacVisual(CV3)2022.9.21(25000)\QMacVisual(CV3)\QPlugins\GeometryMeasure\EdgeWidthMeasure\mytitlebar.h(1,1): warning C4828: 文件包含在偏移 0x4db 处开始的字符，该字符在当前源字符集中无效(代码页 65001)。
  (编译源文件“mytitlebar.cpp”)
  
G:\QMacVisual(CV3)(25000)\QMacVisual(CV3)2022.9.21(25000)\QMacVisual(CV3)\QPlugins\GeometryMeasure\EdgeWidthMeasure\mytitlebar.h(1,1): warning C4828: 文件包含在偏移 0x4dd 处开始的字符，该字符在当前源字符集中无效(代码页 65001)。
  (编译源文件“mytitlebar.cpp”)
  
G:\QMacVisual(CV3)(25000)\QMacVisual(CV3)2022.9.21(25000)\QMacVisual(CV3)\QPlugins\GeometryMeasure\EdgeWidthMeasure\mytitlebar.h(1,1): warning C4828: 文件包含在偏移 0x4e4 处开始的字符，该字符在当前源字符集中无效(代码页 65001)。
  (编译源文件“mytitlebar.cpp”)
  
G:\QMacVisual(CV3)(25000)\QMacVisual(CV3)2022.9.21(25000)\QMacVisual(CV3)\QPlugins\GeometryMeasure\EdgeWidthMeasure\mytitlebar.h(1,1): warning C4828: 文件包含在偏移 0x506 处开始的字符，该字符在当前源字符集中无效(代码页 65001)。
  (编译源文件“mytitlebar.cpp”)
  
G:\QMacVisual(CV3)(25000)\QMacVisual(CV3)2022.9.21(25000)\QMacVisual(CV3)\QPlugins\GeometryMeasure\EdgeWidthMeasure\mytitlebar.h(1,1): warning C4828: 文件包含在偏移 0x507 处开始的字符，该字符在当前源字符集中无效(代码页 65001)。
  (编译源文件“mytitlebar.cpp”)
  
G:\QMacVisual(CV3)(25000)\QMacVisual(CV3)2022.9.21(25000)\QMacVisual(CV3)\QPlugins\GeometryMeasure\EdgeWidthMeasure\mytitlebar.h(1,1): warning C4828: 文件包含在偏移 0x509 处开始的字符，该字符在当前源字符集中无效(代码页 65001)。
  (编译源文件“mytitlebar.cpp”)
  
G:\QMacVisual(CV3)(25000)\QMacVisual(CV3)2022.9.21(25000)\QMacVisual(CV3)\QPlugins\GeometryMeasure\EdgeWidthMeasure\mytitlebar.h(1,1): warning C4828: 文件包含在偏移 0x50b 处开始的字符，该字符在当前源字符集中无效(代码页 65001)。
  (编译源文件“mytitlebar.cpp”)
  
G:\QMacVisual(CV3)(25000)\QMacVisual(CV3)2022.9.21(25000)\QMacVisual(CV3)\QPlugins\GeometryMeasure\EdgeWidthMeasure\mytitlebar.h(1,1): warning C4828: 文件包含在偏移 0x50e 处开始的字符，该字符在当前源字符集中无效(代码页 65001)。
  (编译源文件“mytitlebar.cpp”)
  
G:\QMacVisual(CV3)(25000)\QMacVisual(CV3)2022.9.21(25000)\QMacVisual(CV3)\QPlugins\GeometryMeasure\EdgeWidthMeasure\mytitlebar.h(1,1): warning C4828: 文件包含在偏移 0x510 处开始的字符，该字符在当前源字符集中无效(代码页 65001)。
  (编译源文件“mytitlebar.cpp”)
  
G:\QMacVisual(CV3)(25000)\QMacVisual(CV3)2022.9.21(25000)\QMacVisual(CV3)\QPlugins\GeometryMeasure\EdgeWidthMeasure\mytitlebar.h(1,1): warning C4828: 文件包含在偏移 0x511 处开始的字符，该字符在当前源字符集中无效(代码页 65001)。
  (编译源文件“mytitlebar.cpp”)
  
G:\QMacVisual(CV3)(25000)\QMacVisual(CV3)2022.9.21(25000)\QMacVisual(CV3)\QPlugins\GeometryMeasure\EdgeWidthMeasure\mytitlebar.h(1,1): warning C4828: 文件包含在偏移 0x554 处开始的字符，该字符在当前源字符集中无效(代码页 65001)。
  (编译源文件“mytitlebar.cpp”)
  
G:\QMacVisual(CV3)(25000)\QMacVisual(CV3)2022.9.21(25000)\QMacVisual(CV3)\QPlugins\GeometryMeasure\EdgeWidthMeasure\mytitlebar.h(1,1): warning C4828: 文件包含在偏移 0x555 处开始的字符，该字符在当前源字符集中无效(代码页 65001)。
  (编译源文件“mytitlebar.cpp”)
  
G:\QMacVisual(CV3)(25000)\QMacVisual(CV3)2022.9.21(25000)\QMacVisual(CV3)\QPlugins\GeometryMeasure\EdgeWidthMeasure\mytitlebar.h(1,1): warning C4828: 文件包含在偏移 0x558 处开始的字符，该字符在当前源字符集中无效(代码页 65001)。
  (编译源文件“mytitlebar.cpp”)
  
G:\QMacVisual(CV3)(25000)\QMacVisual(CV3)2022.9.21(25000)\QMacVisual(CV3)\QPlugins\GeometryMeasure\EdgeWidthMeasure\mytitlebar.h(1,1): warning C4828: 文件包含在偏移 0x559 处开始的字符，该字符在当前源字符集中无效(代码页 65001)。
  (编译源文件“mytitlebar.cpp”)
  
G:\QMacVisual(CV3)(25000)\QMacVisual(CV3)2022.9.21(25000)\QMacVisual(CV3)\QPlugins\GeometryMeasure\EdgeWidthMeasure\mytitlebar.h(1,1): warning C4828: 文件包含在偏移 0x55a 处开始的字符，该字符在当前源字符集中无效(代码页 65001)。
  (编译源文件“mytitlebar.cpp”)
  
G:\QMacVisual(CV3)(25000)\QMacVisual(CV3)2022.9.21(25000)\QMacVisual(CV3)\QPlugins\GeometryMeasure\EdgeWidthMeasure\mytitlebar.h(1,1): warning C4828: 文件包含在偏移 0x55b 处开始的字符，该字符在当前源字符集中无效(代码页 65001)。
  (编译源文件“mytitlebar.cpp”)
  
G:\QMacVisual(CV3)(25000)\QMacVisual(CV3)2022.9.21(25000)\QMacVisual(CV3)\QPlugins\GeometryMeasure\EdgeWidthMeasure\mytitlebar.h(1,1): warning C4828: 文件包含在偏移 0x55c 处开始的字符，该字符在当前源字符集中无效(代码页 65001)。
  (编译源文件“mytitlebar.cpp”)
  
G:\QMacVisual(CV3)(25000)\QMacVisual(CV3)2022.9.21(25000)\QMacVisual(CV3)\QPlugins\GeometryMeasure\EdgeWidthMeasure\mytitlebar.h(1,1): warning C4828: 文件包含在偏移 0x55d 处开始的字符，该字符在当前源字符集中无效(代码页 65001)。
  (编译源文件“mytitlebar.cpp”)
  
G:\QMacVisual(CV3)(25000)\QMacVisual(CV3)2022.9.21(25000)\QMacVisual(CV3)\QPlugins\GeometryMeasure\EdgeWidthMeasure\mytitlebar.h(1,1): warning C4828: 文件包含在偏移 0x561 处开始的字符，该字符在当前源字符集中无效(代码页 65001)。
  (编译源文件“mytitlebar.cpp”)
  
G:\QMacVisual(CV3)(25000)\QMacVisual(CV3)2022.9.21(25000)\QMacVisual(CV3)\QPlugins\GeometryMeasure\EdgeWidthMeasure\mytitlebar.h(1,1): warning C4828: 文件包含在偏移 0x603 处开始的字符，该字符在当前源字符集中无效(代码页 65001)。
  (编译源文件“mytitlebar.cpp”)
  
G:\QMacVisual(CV3)(25000)\QMacVisual(CV3)2022.9.21(25000)\QMacVisual(CV3)\QPlugins\GeometryMeasure\EdgeWidthMeasure\mytitlebar.h(1,1): warning C4828: 文件包含在偏移 0x604 处开始的字符，该字符在当前源字符集中无效(代码页 65001)。
  (编译源文件“mytitlebar.cpp”)
  
G:\QMacVisual(CV3)(25000)\QMacVisual(CV3)2022.9.21(25000)\QMacVisual(CV3)\QPlugins\GeometryMeasure\EdgeWidthMeasure\mytitlebar.h(1,1): warning C4828: 文件包含在偏移 0x607 处开始的字符，该字符在当前源字符集中无效(代码页 65001)。
  (编译源文件“mytitlebar.cpp”)
  
G:\QMacVisual(CV3)(25000)\QMacVisual(CV3)2022.9.21(25000)\QMacVisual(CV3)\QPlugins\GeometryMeasure\EdgeWidthMeasure\mytitlebar.h(1,1): warning C4828: 文件包含在偏移 0x608 处开始的字符，该字符在当前源字符集中无效(代码页 65001)。
  (编译源文件“mytitlebar.cpp”)
  
G:\QMacVisual(CV3)(25000)\QMacVisual(CV3)2022.9.21(25000)\QMacVisual(CV3)\QPlugins\GeometryMeasure\EdgeWidthMeasure\mytitlebar.h(1,1): warning C4828: 文件包含在偏移 0x609 处开始的字符，该字符在当前源字符集中无效(代码页 65001)。
  (编译源文件“mytitlebar.cpp”)
  
G:\QMacVisual(CV3)(25000)\QMacVisual(CV3)2022.9.21(25000)\QMacVisual(CV3)\QPlugins\GeometryMeasure\EdgeWidthMeasure\mytitlebar.h(1,1): warning C4828: 文件包含在偏移 0x60a 处开始的字符，该字符在当前源字符集中无效(代码页 65001)。
  (编译源文件“mytitlebar.cpp”)
  
G:\QMacVisual(CV3)(25000)\QMacVisual(CV3)2022.9.21(25000)\QMacVisual(CV3)\QPlugins\GeometryMeasure\EdgeWidthMeasure\mytitlebar.h(1,1): warning C4828: 文件包含在偏移 0x60b 处开始的字符，该字符在当前源字符集中无效(代码页 65001)。
  (编译源文件“mytitlebar.cpp”)
  
G:\QMacVisual(CV3)(25000)\QMacVisual(CV3)2022.9.21(25000)\QMacVisual(CV3)\QPlugins\GeometryMeasure\EdgeWidthMeasure\mytitlebar.h(1,1): warning C4828: 文件包含在偏移 0x610 处开始的字符，该字符在当前源字符集中无效(代码页 65001)。
  (编译源文件“mytitlebar.cpp”)
  
G:\QMacVisual(CV3)(25000)\QMacVisual(CV3)2022.9.21(25000)\QMacVisual(CV3)\QPlugins\GeometryMeasure\EdgeWidthMeasure\mytitlebar.h(1,1): warning C4828: 文件包含在偏移 0x611 处开始的字符，该字符在当前源字符集中无效(代码页 65001)。
  (编译源文件“mytitlebar.cpp”)
  
G:\QMacVisual(CV3)(25000)\QMacVisual(CV3)2022.9.21(25000)\QMacVisual(CV3)\QPlugins\GeometryMeasure\EdgeWidthMeasure\mytitlebar.h(1,1): warning C4828: 文件包含在偏移 0x6c9 处开始的字符，该字符在当前源字符集中无效(代码页 65001)。
  (编译源文件“mytitlebar.cpp”)
  
G:\QMacVisual(CV3)(25000)\QMacVisual(CV3)2022.9.21(25000)\QMacVisual(CV3)\QPlugins\GeometryMeasure\EdgeWidthMeasure\mytitlebar.h(1,1): warning C4828: 文件包含在偏移 0x6ca 处开始的字符，该字符在当前源字符集中无效(代码页 65001)。
  (编译源文件“mytitlebar.cpp”)
  
G:\QMacVisual(CV3)(25000)\QMacVisual(CV3)2022.9.21(25000)\QMacVisual(CV3)\QPlugins\GeometryMeasure\EdgeWidthMeasure\mytitlebar.h(1,1): warning C4828: 文件包含在偏移 0x6cd 处开始的字符，该字符在当前源字符集中无效(代码页 65001)。
  (编译源文件“mytitlebar.cpp”)
  
G:\QMacVisual(CV3)(25000)\QMacVisual(CV3)2022.9.21(25000)\QMacVisual(CV3)\QPlugins\GeometryMeasure\EdgeWidthMeasure\mytitlebar.h(1,1): warning C4828: 文件包含在偏移 0x6ce 处开始的字符，该字符在当前源字符集中无效(代码页 65001)。
  (编译源文件“mytitlebar.cpp”)
  
G:\QMacVisual(CV3)(25000)\QMacVisual(CV3)2022.9.21(25000)\QMacVisual(CV3)\QPlugins\GeometryMeasure\EdgeWidthMeasure\mytitlebar.h(1,1): warning C4828: 文件包含在偏移 0x6d1 处开始的字符，该字符在当前源字符集中无效(代码页 65001)。
  (编译源文件“mytitlebar.cpp”)
  
G:\QMacVisual(CV3)(25000)\QMacVisual(CV3)2022.9.21(25000)\QMacVisual(CV3)\QPlugins\GeometryMeasure\EdgeWidthMeasure\mytitlebar.h(1,1): warning C4828: 文件包含在偏移 0x6d2 处开始的字符，该字符在当前源字符集中无效(代码页 65001)。
  (编译源文件“mytitlebar.cpp”)
  
G:\QMacVisual(CV3)(25000)\QMacVisual(CV3)2022.9.21(25000)\QMacVisual(CV3)\QPlugins\GeometryMeasure\EdgeWidthMeasure\mytitlebar.h(1,1): warning C4828: 文件包含在偏移 0x6f3 处开始的字符，该字符在当前源字符集中无效(代码页 65001)。
  (编译源文件“mytitlebar.cpp”)
  
G:\QMacVisual(CV3)(25000)\QMacVisual(CV3)2022.9.21(25000)\QMacVisual(CV3)\QPlugins\GeometryMeasure\EdgeWidthMeasure\mytitlebar.h(1,1): warning C4828: 文件包含在偏移 0x6f4 处开始的字符，该字符在当前源字符集中无效(代码页 65001)。
  (编译源文件“mytitlebar.cpp”)
  
G:\QMacVisual(CV3)(25000)\QMacVisual(CV3)2022.9.21(25000)\QMacVisual(CV3)\QPlugins\GeometryMeasure\EdgeWidthMeasure\mytitlebar.h(1,1): warning C4828: 文件包含在偏移 0x6f7 处开始的字符，该字符在当前源字符集中无效(代码页 65001)。
  (编译源文件“mytitlebar.cpp”)
  
G:\QMacVisual(CV3)(25000)\QMacVisual(CV3)2022.9.21(25000)\QMacVisual(CV3)\QPlugins\GeometryMeasure\EdgeWidthMeasure\mytitlebar.h(1,1): warning C4828: 文件包含在偏移 0x6f8 处开始的字符，该字符在当前源字符集中无效(代码页 65001)。
  (编译源文件“mytitlebar.cpp”)
  
G:\QMacVisual(CV3)(25000)\QMacVisual(CV3)2022.9.21(25000)\QMacVisual(CV3)\QPlugins\GeometryMeasure\EdgeWidthMeasure\mytitlebar.h(1,1): warning C4828: 文件包含在偏移 0x6f9 处开始的字符，该字符在当前源字符集中无效(代码页 65001)。
  (编译源文件“mytitlebar.cpp”)
  
G:\QMacVisual(CV3)(25000)\QMacVisual(CV3)2022.9.21(25000)\QMacVisual(CV3)\QPlugins\GeometryMeasure\EdgeWidthMeasure\mytitlebar.h(1,1): warning C4828: 文件包含在偏移 0x6fb 处开始的字符，该字符在当前源字符集中无效(代码页 65001)。
  (编译源文件“mytitlebar.cpp”)
  
G:\QMacVisual(CV3)(25000)\QMacVisual(CV3)2022.9.21(25000)\QMacVisual(CV3)\QPlugins\GeometryMeasure\EdgeWidthMeasure\mytitlebar.h(1,1): warning C4828: 文件包含在偏移 0x71f 处开始的字符，该字符在当前源字符集中无效(代码页 65001)。
  (编译源文件“mytitlebar.cpp”)
  
G:\QMacVisual(CV3)(25000)\QMacVisual(CV3)2022.9.21(25000)\QMacVisual(CV3)\QPlugins\GeometryMeasure\EdgeWidthMeasure\mytitlebar.h(1,1): warning C4828: 文件包含在偏移 0x723 处开始的字符，该字符在当前源字符集中无效(代码页 65001)。
  (编译源文件“mytitlebar.cpp”)
  
G:\QMacVisual(CV3)(25000)\QMacVisual(CV3)2022.9.21(25000)\QMacVisual(CV3)\QPlugins\GeometryMeasure\EdgeWidthMeasure\mytitlebar.h(1,1): warning C4828: 文件包含在偏移 0x724 处开始的字符，该字符在当前源字符集中无效(代码页 65001)。
  (编译源文件“mytitlebar.cpp”)
  
G:\QMacVisual(CV3)(25000)\QMacVisual(CV3)2022.9.21(25000)\QMacVisual(CV3)\QPlugins\GeometryMeasure\EdgeWidthMeasure\mytitlebar.h(1,1): warning C4828: 文件包含在偏移 0x725 处开始的字符，该字符在当前源字符集中无效(代码页 65001)。
  (编译源文件“mytitlebar.cpp”)
  
G:\QMacVisual(CV3)(25000)\QMacVisual(CV3)2022.9.21(25000)\QMacVisual(CV3)\QPlugins\GeometryMeasure\EdgeWidthMeasure\mytitlebar.h(1,1): warning C4828: 文件包含在偏移 0x726 处开始的字符，该字符在当前源字符集中无效(代码页 65001)。
  (编译源文件“mytitlebar.cpp”)
  
G:\QMacVisual(CV3)(25000)\QMacVisual(CV3)2022.9.21(25000)\QMacVisual(CV3)\QPlugins\GeometryMeasure\EdgeWidthMeasure\mytitlebar.h(1,1): warning C4828: 文件包含在偏移 0x74e 处开始的字符，该字符在当前源字符集中无效(代码页 65001)。
  (编译源文件“mytitlebar.cpp”)
  
G:\QMacVisual(CV3)(25000)\QMacVisual(CV3)2022.9.21(25000)\QMacVisual(CV3)\QPlugins\GeometryMeasure\EdgeWidthMeasure\mytitlebar.h(1,1): warning C4828: 文件包含在偏移 0x750 处开始的字符，该字符在当前源字符集中无效(代码页 65001)。
  (编译源文件“mytitlebar.cpp”)
  
G:\QMacVisual(CV3)(25000)\QMacVisual(CV3)2022.9.21(25000)\QMacVisual(CV3)\QPlugins\GeometryMeasure\EdgeWidthMeasure\mytitlebar.h(1,1): warning C4828: 文件包含在偏移 0x755 处开始的字符，该字符在当前源字符集中无效(代码页 65001)。
  (编译源文件“mytitlebar.cpp”)
  
G:\QMacVisual(CV3)(25000)\QMacVisual(CV3)2022.9.21(25000)\QMacVisual(CV3)\QPlugins\GeometryMeasure\EdgeWidthMeasure\mytitlebar.h(1,1): warning C4828: 文件包含在偏移 0x758 处开始的字符，该字符在当前源字符集中无效(代码页 65001)。
  (编译源文件“mytitlebar.cpp”)
  
G:\QMacVisual(CV3)(25000)\QMacVisual(CV3)2022.9.21(25000)\QMacVisual(CV3)\QPlugins\GeometryMeasure\EdgeWidthMeasure\mytitlebar.h(1,1): warning C4828: 文件包含在偏移 0x759 处开始的字符，该字符在当前源字符集中无效(代码页 65001)。
  (编译源文件“mytitlebar.cpp”)
  
G:\QMacVisual(CV3)(25000)\QMacVisual(CV3)2022.9.21(25000)\QMacVisual(CV3)\QPlugins\GeometryMeasure\EdgeWidthMeasure\mytitlebar.h(1,1): warning C4828: 文件包含在偏移 0x77e 处开始的字符，该字符在当前源字符集中无效(代码页 65001)。
  (编译源文件“mytitlebar.cpp”)
  
G:\QMacVisual(CV3)(25000)\QMacVisual(CV3)2022.9.21(25000)\QMacVisual(CV3)\QPlugins\GeometryMeasure\EdgeWidthMeasure\mytitlebar.h(1,1): warning C4828: 文件包含在偏移 0x780 处开始的字符，该字符在当前源字符集中无效(代码页 65001)。
  (编译源文件“mytitlebar.cpp”)
  
G:\QMacVisual(CV3)(25000)\QMacVisual(CV3)2022.9.21(25000)\QMacVisual(CV3)\QPlugins\GeometryMeasure\EdgeWidthMeasure\mytitlebar.h(1,1): warning C4828: 文件包含在偏移 0x785 处开始的字符，该字符在当前源字符集中无效(代码页 65001)。
  (编译源文件“mytitlebar.cpp”)
  
G:\QMacVisual(CV3)(25000)\QMacVisual(CV3)2022.9.21(25000)\QMacVisual(CV3)\QPlugins\GeometryMeasure\EdgeWidthMeasure\mytitlebar.h(1,1): warning C4828: 文件包含在偏移 0x7ab 处开始的字符，该字符在当前源字符集中无效(代码页 65001)。
  (编译源文件“mytitlebar.cpp”)
  
G:\QMacVisual(CV3)(25000)\QMacVisual(CV3)2022.9.21(25000)\QMacVisual(CV3)\QPlugins\GeometryMeasure\EdgeWidthMeasure\mytitlebar.h(1,1): warning C4828: 文件包含在偏移 0x7b0 处开始的字符，该字符在当前源字符集中无效(代码页 65001)。
  (编译源文件“mytitlebar.cpp”)
  
G:\QMacVisual(CV3)(25000)\QMacVisual(CV3)2022.9.21(25000)\QMacVisual(CV3)\QPlugins\GeometryMeasure\EdgeWidthMeasure\mytitlebar.h(1,1): warning C4828: 文件包含在偏移 0x7b9 处开始的字符，该字符在当前源字符集中无效(代码页 65001)。
  (编译源文件“mytitlebar.cpp”)
  
G:\QMacVisual(CV3)(25000)\QMacVisual(CV3)2022.9.21(25000)\QMacVisual(CV3)\QPlugins\GeometryMeasure\EdgeWidthMeasure\mytitlebar.h(1,1): warning C4828: 文件包含在偏移 0x7ba 处开始的字符，该字符在当前源字符集中无效(代码页 65001)。
  (编译源文件“mytitlebar.cpp”)
  
G:\QMacVisual(CV3)(25000)\QMacVisual(CV3)2022.9.21(25000)\QMacVisual(CV3)\QPlugins\GeometryMeasure\EdgeWidthMeasure\mytitlebar.h(1,1): warning C4828: 文件包含在偏移 0x7bd 处开始的字符，该字符在当前源字符集中无效(代码页 65001)。
  (编译源文件“mytitlebar.cpp”)
  
G:\QMacVisual(CV3)(25000)\QMacVisual(CV3)2022.9.21(25000)\QMacVisual(CV3)\QPlugins\GeometryMeasure\EdgeWidthMeasure\mytitlebar.h(1,1): warning C4828: 文件包含在偏移 0x7be 处开始的字符，该字符在当前源字符集中无效(代码页 65001)。
  (编译源文件“mytitlebar.cpp”)
  
G:\QMacVisual(CV3)(25000)\QMacVisual(CV3)2022.9.21(25000)\QMacVisual(CV3)\QPlugins\GeometryMeasure\EdgeWidthMeasure\mytitlebar.h(1,1): warning C4828: 文件包含在偏移 0x7bf 处开始的字符，该字符在当前源字符集中无效(代码页 65001)。
  (编译源文件“mytitlebar.cpp”)
  
G:\QMacVisual(CV3)(25000)\QMacVisual(CV3)2022.9.21(25000)\QMacVisual(CV3)\QPlugins\GeometryMeasure\EdgeWidthMeasure\mytitlebar.h(1,1): warning C4828: 文件包含在偏移 0x7c0 处开始的字符，该字符在当前源字符集中无效(代码页 65001)。
  (编译源文件“mytitlebar.cpp”)
  
G:\QMacVisual(CV3)(25000)\QMacVisual(CV3)2022.9.21(25000)\QMacVisual(CV3)\QPlugins\GeometryMeasure\EdgeWidthMeasure\mytitlebar.h(1,1): warning C4828: 文件包含在偏移 0x7c1 处开始的字符，该字符在当前源字符集中无效(代码页 65001)。
  (编译源文件“mytitlebar.cpp”)
  
G:\QMacVisual(CV3)(25000)\QMacVisual(CV3)2022.9.21(25000)\QMacVisual(CV3)\QPlugins\GeometryMeasure\EdgeWidthMeasure\mytitlebar.h(1,1): warning C4828: 文件包含在偏移 0x7c2 处开始的字符，该字符在当前源字符集中无效(代码页 65001)。
  (编译源文件“mytitlebar.cpp”)
  
G:\QMacVisual(CV3)(25000)\QMacVisual(CV3)2022.9.21(25000)\QMacVisual(CV3)\QPlugins\GeometryMeasure\EdgeWidthMeasure\mytitlebar.h(1,1): warning C4828: 文件包含在偏移 0x7fa 处开始的字符，该字符在当前源字符集中无效(代码页 65001)。
  (编译源文件“mytitlebar.cpp”)
  
G:\QMacVisual(CV3)(25000)\QMacVisual(CV3)2022.9.21(25000)\QMacVisual(CV3)\QPlugins\GeometryMeasure\EdgeWidthMeasure\mytitlebar.h(1,1): warning C4828: 文件包含在偏移 0x7fc 处开始的字符，该字符在当前源字符集中无效(代码页 65001)。
  (编译源文件“mytitlebar.cpp”)
  
G:\QMacVisual(CV3)(25000)\QMacVisual(CV3)2022.9.21(25000)\QMacVisual(CV3)\QPlugins\GeometryMeasure\EdgeWidthMeasure\mytitlebar.h(1,1): warning C4828: 文件包含在偏移 0x801 处开始的字符，该字符在当前源字符集中无效(代码页 65001)。
  (编译源文件“mytitlebar.cpp”)
  
G:\QMacVisual(CV3)(25000)\QMacVisual(CV3)2022.9.21(25000)\QMacVisual(CV3)\QPlugins\GeometryMeasure\EdgeWidthMeasure\mytitlebar.h(1,1): warning C4828: 文件包含在偏移 0x802 处开始的字符，该字符在当前源字符集中无效(代码页 65001)。
  (编译源文件“mytitlebar.cpp”)
  
G:\QMacVisual(CV3)(25000)\QMacVisual(CV3)2022.9.21(25000)\QMacVisual(CV3)\QPlugins\GeometryMeasure\EdgeWidthMeasure\mytitlebar.h(1,1): warning C4828: 文件包含在偏移 0x806 处开始的字符，该字符在当前源字符集中无效(代码页 65001)。
  (编译源文件“mytitlebar.cpp”)
  
G:\QMacVisual(CV3)(25000)\QMacVisual(CV3)2022.9.21(25000)\QMacVisual(CV3)\QPlugins\GeometryMeasure\EdgeWidthMeasure\mytitlebar.h(1,1): warning C4828: 文件包含在偏移 0x807 处开始的字符，该字符在当前源字符集中无效(代码页 65001)。
  (编译源文件“mytitlebar.cpp”)
  
G:\QMacVisual(CV3)(25000)\QMacVisual(CV3)2022.9.21(25000)\QMacVisual(CV3)\QPlugins\GeometryMeasure\EdgeWidthMeasure\mytitlebar.h(1,1): warning C4828: 文件包含在偏移 0x808 处开始的字符，该字符在当前源字符集中无效(代码页 65001)。
  (编译源文件“mytitlebar.cpp”)
  
G:\QMacVisual(CV3)(25000)\QMacVisual(CV3)2022.9.21(25000)\QMacVisual(CV3)\QPlugins\GeometryMeasure\EdgeWidthMeasure\mytitlebar.h(1,1): warning C4828: 文件包含在偏移 0x809 处开始的字符，该字符在当前源字符集中无效(代码页 65001)。
  (编译源文件“mytitlebar.cpp”)
  
G:\QMacVisual(CV3)(25000)\QMacVisual(CV3)2022.9.21(25000)\QMacVisual(CV3)\QPlugins\GeometryMeasure\EdgeWidthMeasure\mytitlebar.h(1,1): warning C4828: 文件包含在偏移 0x83f 处开始的字符，该字符在当前源字符集中无效(代码页 65001)。
  (编译源文件“mytitlebar.cpp”)
  
G:\QMacVisual(CV3)(25000)\QMacVisual(CV3)2022.9.21(25000)\QMacVisual(CV3)\QPlugins\GeometryMeasure\EdgeWidthMeasure\mytitlebar.h(1,1): warning C4828: 文件包含在偏移 0x841 处开始的字符，该字符在当前源字符集中无效(代码页 65001)。
  (编译源文件“mytitlebar.cpp”)
  
G:\QMacVisual(CV3)(25000)\QMacVisual(CV3)2022.9.21(25000)\QMacVisual(CV3)\QPlugins\GeometryMeasure\EdgeWidthMeasure\mytitlebar.h(1,1): warning C4828: 文件包含在偏移 0x842 处开始的字符，该字符在当前源字符集中无效(代码页 65001)。
  (编译源文件“mytitlebar.cpp”)
  
G:\QMacVisual(CV3)(25000)\QMacVisual(CV3)2022.9.21(25000)\QMacVisual(CV3)\QPlugins\GeometryMeasure\EdgeWidthMeasure\mytitlebar.h(1,1): warning C4828: 文件包含在偏移 0x843 处开始的字符，该字符在当前源字符集中无效(代码页 65001)。
  (编译源文件“mytitlebar.cpp”)
  
G:\QMacVisual(CV3)(25000)\QMacVisual(CV3)2022.9.21(25000)\QMacVisual(CV3)\QPlugins\GeometryMeasure\EdgeWidthMeasure\mytitlebar.h(1,1): warning C4828: 文件包含在偏移 0x844 处开始的字符，该字符在当前源字符集中无效(代码页 65001)。
  (编译源文件“mytitlebar.cpp”)
  
G:\QMacVisual(CV3)(25000)\QMacVisual(CV3)2022.9.21(25000)\QMacVisual(CV3)\QPlugins\GeometryMeasure\EdgeWidthMeasure\mytitlebar.h(1,1): warning C4828: 文件包含在偏移 0x845 处开始的字符，该字符在当前源字符集中无效(代码页 65001)。
  (编译源文件“mytitlebar.cpp”)
  
G:\QMacVisual(CV3)(25000)\QMacVisual(CV3)2022.9.21(25000)\QMacVisual(CV3)\QPlugins\GeometryMeasure\EdgeWidthMeasure\mytitlebar.h(1,1): warning C4828: 文件包含在偏移 0x84a 处开始的字符，该字符在当前源字符集中无效(代码页 65001)。
  (编译源文件“mytitlebar.cpp”)
  
G:\QMacVisual(CV3)(25000)\QMacVisual(CV3)2022.9.21(25000)\QMacVisual(CV3)\QPlugins\GeometryMeasure\EdgeWidthMeasure\mytitlebar.h(1,1): warning C4828: 文件包含在偏移 0x87f 处开始的字符，该字符在当前源字符集中无效(代码页 65001)。
  (编译源文件“mytitlebar.cpp”)
  
G:\QMacVisual(CV3)(25000)\QMacVisual(CV3)2022.9.21(25000)\QMacVisual(CV3)\QPlugins\GeometryMeasure\EdgeWidthMeasure\mytitlebar.h(1,1): warning C4828: 文件包含在偏移 0x880 处开始的字符，该字符在当前源字符集中无效(代码页 65001)。
  (编译源文件“mytitlebar.cpp”)
  
G:\QMacVisual(CV3)(25000)\QMacVisual(CV3)2022.9.21(25000)\QMacVisual(CV3)\QPlugins\GeometryMeasure\EdgeWidthMeasure\mytitlebar.h(1,1): warning C4828: 文件包含在偏移 0x883 处开始的字符，该字符在当前源字符集中无效(代码页 65001)。
  (编译源文件“mytitlebar.cpp”)
  
G:\QMacVisual(CV3)(25000)\QMacVisual(CV3)2022.9.21(25000)\QMacVisual(CV3)\QPlugins\GeometryMeasure\EdgeWidthMeasure\mytitlebar.h(1,1): warning C4828: 文件包含在偏移 0x884 处开始的字符，该字符在当前源字符集中无效(代码页 65001)。
  (编译源文件“mytitlebar.cpp”)
  
G:\QMacVisual(CV3)(25000)\QMacVisual(CV3)2022.9.21(25000)\QMacVisual(CV3)\QPlugins\GeometryMeasure\EdgeWidthMeasure\mytitlebar.h(1,1): warning C4828: 文件包含在偏移 0x885 处开始的字符，该字符在当前源字符集中无效(代码页 65001)。
  (编译源文件“mytitlebar.cpp”)
  
G:\QMacVisual(CV3)(25000)\QMacVisual(CV3)2022.9.21(25000)\QMacVisual(CV3)\QPlugins\GeometryMeasure\EdgeWidthMeasure\mytitlebar.h(1,1): warning C4828: 文件包含在偏移 0x887 处开始的字符，该字符在当前源字符集中无效(代码页 65001)。
  (编译源文件“mytitlebar.cpp”)
  
G:\QMacVisual(CV3)(25000)\QMacVisual(CV3)2022.9.21(25000)\QMacVisual(CV3)\QPlugins\GeometryMeasure\EdgeWidthMeasure\mytitlebar.h(1,1): warning C4828: 文件包含在偏移 0x889 处开始的字符，该字符在当前源字符集中无效(代码页 65001)。
  (编译源文件“mytitlebar.cpp”)
  
G:\QMacVisual(CV3)(25000)\QMacVisual(CV3)2022.9.21(25000)\QMacVisual(CV3)\QPlugins\GeometryMeasure\EdgeWidthMeasure\mytitlebar.h(1,1): warning C4828: 文件包含在偏移 0x88a 处开始的字符，该字符在当前源字符集中无效(代码页 65001)。
  (编译源文件“mytitlebar.cpp”)
  
G:\QMacVisual(CV3)(25000)\QMacVisual(CV3)2022.9.21(25000)\QMacVisual(CV3)\QPlugins\GeometryMeasure\EdgeWidthMeasure\mytitlebar.h(1,1): warning C4828: 文件包含在偏移 0x88c 处开始的字符，该字符在当前源字符集中无效(代码页 65001)。
  (编译源文件“mytitlebar.cpp”)
  
G:\QMacVisual(CV3)(25000)\QMacVisual(CV3)2022.9.21(25000)\QMacVisual(CV3)\QPlugins\GeometryMeasure\EdgeWidthMeasure\mytitlebar.h(1,1): warning C4828: 文件包含在偏移 0x88d 处开始的字符，该字符在当前源字符集中无效(代码页 65001)。
  (编译源文件“mytitlebar.cpp”)
  
G:\QMacVisual(CV3)(25000)\QMacVisual(CV3)2022.9.21(25000)\QMacVisual(CV3)\QPlugins\GeometryMeasure\EdgeWidthMeasure\mytitlebar.h(1,1): warning C4828: 文件包含在偏移 0x88e 处开始的字符，该字符在当前源字符集中无效(代码页 65001)。
  (编译源文件“mytitlebar.cpp”)
  
G:\QMacVisual(CV3)(25000)\QMacVisual(CV3)2022.9.21(25000)\QMacVisual(CV3)\QPlugins\GeometryMeasure\EdgeWidthMeasure\mytitlebar.h(1,1): warning C4828: 文件包含在偏移 0x891 处开始的字符，该字符在当前源字符集中无效(代码页 65001)。
  (编译源文件“mytitlebar.cpp”)
  
G:\QMacVisual(CV3)(25000)\QMacVisual(CV3)2022.9.21(25000)\QMacVisual(CV3)\QPlugins\GeometryMeasure\EdgeWidthMeasure\mytitlebar.h(1,1): warning C4828: 文件包含在偏移 0x8b3 处开始的字符，该字符在当前源字符集中无效(代码页 65001)。
  (编译源文件“mytitlebar.cpp”)
  
G:\QMacVisual(CV3)(25000)\QMacVisual(CV3)2022.9.21(25000)\QMacVisual(CV3)\QPlugins\GeometryMeasure\EdgeWidthMeasure\mytitlebar.h(1,1): warning C4828: 文件包含在偏移 0x8b4 处开始的字符，该字符在当前源字符集中无效(代码页 65001)。
  (编译源文件“mytitlebar.cpp”)
  
G:\QMacVisual(CV3)(25000)\QMacVisual(CV3)2022.9.21(25000)\QMacVisual(CV3)\QPlugins\GeometryMeasure\EdgeWidthMeasure\mytitlebar.h(1,1): warning C4828: 文件包含在偏移 0x8b7 处开始的字符，该字符在当前源字符集中无效(代码页 65001)。
  (编译源文件“mytitlebar.cpp”)
  
G:\QMacVisual(CV3)(25000)\QMacVisual(CV3)2022.9.21(25000)\QMacVisual(CV3)\QPlugins\GeometryMeasure\EdgeWidthMeasure\mytitlebar.h(1,1): warning C4828: 文件包含在偏移 0x8b8 处开始的字符，该字符在当前源字符集中无效(代码页 65001)。
  (编译源文件“mytitlebar.cpp”)
  
G:\QMacVisual(CV3)(25000)\QMacVisual(CV3)2022.9.21(25000)\QMacVisual(CV3)\QPlugins\GeometryMeasure\EdgeWidthMeasure\mytitlebar.h(1,1): warning C4828: 文件包含在偏移 0x8b9 处开始的字符，该字符在当前源字符集中无效(代码页 65001)。
  (编译源文件“mytitlebar.cpp”)
  
G:\QMacVisual(CV3)(25000)\QMacVisual(CV3)2022.9.21(25000)\QMacVisual(CV3)\QPlugins\GeometryMeasure\EdgeWidthMeasure\mytitlebar.h(1,1): warning C4828: 文件包含在偏移 0x8bb 处开始的字符，该字符在当前源字符集中无效(代码页 65001)。
  (编译源文件“mytitlebar.cpp”)
  
G:\QMacVisual(CV3)(25000)\QMacVisual(CV3)2022.9.21(25000)\QMacVisual(CV3)\QPlugins\GeometryMeasure\EdgeWidthMeasure\mytitlebar.h(1,1): warning C4828: 文件包含在偏移 0x8dc 处开始的字符，该字符在当前源字符集中无效(代码页 65001)。
  (编译源文件“mytitlebar.cpp”)
  
G:\QMacVisual(CV3)(25000)\QMacVisual(CV3)2022.9.21(25000)\QMacVisual(CV3)\QPlugins\GeometryMeasure\EdgeWidthMeasure\mytitlebar.h(1,1): warning C4828: 文件包含在偏移 0x8dd 处开始的字符，该字符在当前源字符集中无效(代码页 65001)。
  (编译源文件“mytitlebar.cpp”)
  
G:\QMacVisual(CV3)(25000)\QMacVisual(CV3)2022.9.21(25000)\QMacVisual(CV3)\QPlugins\GeometryMeasure\EdgeWidthMeasure\mytitlebar.h(1,1): warning C4828: 文件包含在偏移 0x8e0 处开始的字符，该字符在当前源字符集中无效(代码页 65001)。
  (编译源文件“mytitlebar.cpp”)
  
G:\QMacVisual(CV3)(25000)\QMacVisual(CV3)2022.9.21(25000)\QMacVisual(CV3)\QPlugins\GeometryMeasure\EdgeWidthMeasure\mytitlebar.h(1,1): warning C4828: 文件包含在偏移 0x8e1 处开始的字符，该字符在当前源字符集中无效(代码页 65001)。
  (编译源文件“mytitlebar.cpp”)
  
  QGraphicsViews.cpp
  rice.cpp
  Toolnterface.cpp
  BaseItem.cpp
  ControlItem.cpp
  EdgeWidthMeasure.cpp
G:\QMacVisual(CV3)(25000)\QMacVisual(CV3)2022.9.21(25000)\QMacVisual(CV3)\QPlugins\GeometryMeasure\EdgeWidthMeasure\imageBaseOP.h(1,1): warning C4828: 文件包含在偏移 0x57 处开始的字符，该字符在当前源字符集中无效(代码页 65001)。
  (编译源文件“locate.cpp”)
  
G:\QMacVisual(CV3)(25000)\QMacVisual(CV3)2022.9.21(25000)\QMacVisual(CV3)\QPlugins\GeometryMeasure\EdgeWidthMeasure\imageBaseOP.h(1,1): warning C4828: 文件包含在偏移 0x59 处开始的字符，该字符在当前源字符集中无效(代码页 65001)。
  (编译源文件“locate.cpp”)
  
G:\QMacVisual(CV3)(25000)\QMacVisual(CV3)2022.9.21(25000)\QMacVisual(CV3)\QPlugins\GeometryMeasure\EdgeWidthMeasure\imageBaseOP.h(1,1): warning C4828: 文件包含在偏移 0x5b 处开始的字符，该字符在当前源字符集中无效(代码页 65001)。
  (编译源文件“locate.cpp”)
  
G:\QMacVisual(CV3)(25000)\QMacVisual(CV3)2022.9.21(25000)\QMacVisual(CV3)\QPlugins\GeometryMeasure\EdgeWidthMeasure\imageBaseOP.h(1,1): warning C4828: 文件包含在偏移 0x5d 处开始的字符，该字符在当前源字符集中无效(代码页 65001)。
  (编译源文件“locate.cpp”)
  
G:\QMacVisual(CV3)(25000)\QMacVisual(CV3)2022.9.21(25000)\QMacVisual(CV3)\QPlugins\GeometryMeasure\EdgeWidthMeasure\imageBaseOP.h(1,1): warning C4828: 文件包含在偏移 0x5f 处开始的字符，该字符在当前源字符集中无效(代码页 65001)。
  (编译源文件“locate.cpp”)
  
G:\QMacVisual(CV3)(25000)\QMacVisual(CV3)2022.9.21(25000)\QMacVisual(CV3)\QPlugins\GeometryMeasure\EdgeWidthMeasure\imageBaseOP.h(1,1): warning C4828: 文件包含在偏移 0x8c 处开始的字符，该字符在当前源字符集中无效(代码页 65001)。
  (编译源文件“locate.cpp”)
  
G:\QMacVisual(CV3)(25000)\QMacVisual(CV3)2022.9.21(25000)\QMacVisual(CV3)\QPlugins\GeometryMeasure\EdgeWidthMeasure\imageBaseOP.h(1,1): warning C4828: 文件包含在偏移 0x8d 处开始的字符，该字符在当前源字符集中无效(代码页 65001)。
  (编译源文件“locate.cpp”)
  
G:\QMacVisual(CV3)(25000)\QMacVisual(CV3)2022.9.21(25000)\QMacVisual(CV3)\QPlugins\GeometryMeasure\EdgeWidthMeasure\imageBaseOP.h(1,1): warning C4828: 文件包含在偏移 0xbc 处开始的字符，该字符在当前源字符集中无效(代码页 65001)。
  (编译源文件“locate.cpp”)
  
G:\QMacVisual(CV3)(25000)\QMacVisual(CV3)2022.9.21(25000)\QMacVisual(CV3)\QPlugins\GeometryMeasure\EdgeWidthMeasure\imageBaseOP.h(1,1): warning C4828: 文件包含在偏移 0xbd 处开始的字符，该字符在当前源字符集中无效(代码页 65001)。
  (编译源文件“locate.cpp”)
  
G:\QMacVisual(CV3)(25000)\QMacVisual(CV3)2022.9.21(25000)\QMacVisual(CV3)\QPlugins\GeometryMeasure\EdgeWidthMeasure\imageBaseOP.h(1,1): warning C4828: 文件包含在偏移 0xf2 处开始的字符，该字符在当前源字符集中无效(代码页 65001)。
  (编译源文件“locate.cpp”)
  
G:\QMacVisual(CV3)(25000)\QMacVisual(CV3)2022.9.21(25000)\QMacVisual(CV3)\QPlugins\GeometryMeasure\EdgeWidthMeasure\imageBaseOP.h(1,1): warning C4828: 文件包含在偏移 0xf3 处开始的字符，该字符在当前源字符集中无效(代码页 65001)。
  (编译源文件“locate.cpp”)
  
G:\QMacVisual(CV3)(25000)\QMacVisual(CV3)2022.9.21(25000)\QMacVisual(CV3)\QPlugins\GeometryMeasure\EdgeWidthMeasure\imageBaseOP.h(1,1): warning C4828: 文件包含在偏移 0x125 处开始的字符，该字符在当前源字符集中无效(代码页 65001)。
  (编译源文件“locate.cpp”)
  
G:\QMacVisual(CV3)(25000)\QMacVisual(CV3)2022.9.21(25000)\QMacVisual(CV3)\QPlugins\GeometryMeasure\EdgeWidthMeasure\imageBaseOP.h(1,1): warning C4828: 文件包含在偏移 0x126 处开始的字符，该字符在当前源字符集中无效(代码页 65001)。
  (编译源文件“locate.cpp”)
  
G:\QMacVisual(CV3)(25000)\QMacVisual(CV3)2022.9.21(25000)\QMacVisual(CV3)\QPlugins\GeometryMeasure\EdgeWidthMeasure\imageBaseOP.h(1,1): warning C4828: 文件包含在偏移 0x132 处开始的字符，该字符在当前源字符集中无效(代码页 65001)。
  (编译源文件“locate.cpp”)
  
G:\QMacVisual(CV3)(25000)\QMacVisual(CV3)2022.9.21(25000)\QMacVisual(CV3)\QPlugins\GeometryMeasure\EdgeWidthMeasure\imageBaseOP.h(1,1): warning C4828: 文件包含在偏移 0x133 处开始的字符，该字符在当前源字符集中无效(代码页 65001)。
  (编译源文件“locate.cpp”)
  
G:\QMacVisual(CV3)(25000)\QMacVisual(CV3)2022.9.21(25000)\QMacVisual(CV3)\QPlugins\GeometryMeasure\EdgeWidthMeasure\imageBaseOP.h(1,1): warning C4828: 文件包含在偏移 0x175 处开始的字符，该字符在当前源字符集中无效(代码页 65001)。
  (编译源文件“locate.cpp”)
  
G:\QMacVisual(CV3)(25000)\QMacVisual(CV3)2022.9.21(25000)\QMacVisual(CV3)\QPlugins\GeometryMeasure\EdgeWidthMeasure\imageBaseOP.h(1,1): warning C4828: 文件包含在偏移 0x176 处开始的字符，该字符在当前源字符集中无效(代码页 65001)。
  (编译源文件“locate.cpp”)
  
G:\QMacVisual(CV3)(25000)\QMacVisual(CV3)2022.9.21(25000)\QMacVisual(CV3)\QPlugins\GeometryMeasure\EdgeWidthMeasure\imageBaseOP.h(1,1): warning C4828: 文件包含在偏移 0x177 处开始的字符，该字符在当前源字符集中无效(代码页 65001)。
  (编译源文件“locate.cpp”)
  
G:\QMacVisual(CV3)(25000)\QMacVisual(CV3)2022.9.21(25000)\QMacVisual(CV3)\QPlugins\GeometryMeasure\EdgeWidthMeasure\imageBaseOP.h(1,1): warning C4828: 文件包含在偏移 0x178 处开始的字符，该字符在当前源字符集中无效(代码页 65001)。
  (编译源文件“locate.cpp”)
  
G:\QMacVisual(CV3)(25000)\QMacVisual(CV3)2022.9.21(25000)\QMacVisual(CV3)\QPlugins\GeometryMeasure\EdgeWidthMeasure\imageBaseOP.h(1,1): warning C4828: 文件包含在偏移 0x1c0 处开始的字符，该字符在当前源字符集中无效(代码页 65001)。
  (编译源文件“locate.cpp”)
  
G:\QMacVisual(CV3)(25000)\QMacVisual(CV3)2022.9.21(25000)\QMacVisual(CV3)\QPlugins\GeometryMeasure\EdgeWidthMeasure\imageBaseOP.h(1,1): warning C4828: 文件包含在偏移 0x1ce 处开始的字符，该字符在当前源字符集中无效(代码页 65001)。
  (编译源文件“locate.cpp”)
  
G:\QMacVisual(CV3)(25000)\QMacVisual(CV3)2022.9.21(25000)\QMacVisual(CV3)\QPlugins\GeometryMeasure\EdgeWidthMeasure\imageBaseOP.h(1,1): warning C4828: 文件包含在偏移 0x1cf 处开始的字符，该字符在当前源字符集中无效(代码页 65001)。
  (编译源文件“locate.cpp”)
  
G:\QMacVisual(CV3)(25000)\QMacVisual(CV3)2022.9.21(25000)\QMacVisual(CV3)\QPlugins\GeometryMeasure\EdgeWidthMeasure\imageBaseOP.h(1,1): warning C4828: 文件包含在偏移 0x1e2 处开始的字符，该字符在当前源字符集中无效(代码页 65001)。
  (编译源文件“locate.cpp”)
  
G:\QMacVisual(CV3)(25000)\QMacVisual(CV3)2022.9.21(25000)\QMacVisual(CV3)\QPlugins\GeometryMeasure\EdgeWidthMeasure\imageBaseOP.h(1,1): warning C4828: 文件包含在偏移 0x1e3 处开始的字符，该字符在当前源字符集中无效(代码页 65001)。
  (编译源文件“locate.cpp”)
  
G:\QMacVisual(CV3)(25000)\QMacVisual(CV3)2022.9.21(25000)\QMacVisual(CV3)\QPlugins\GeometryMeasure\EdgeWidthMeasure\imageBaseOP.h(1,1): warning C4828: 文件包含在偏移 0x1e5 处开始的字符，该字符在当前源字符集中无效(代码页 65001)。
  (编译源文件“locate.cpp”)
  
G:\QMacVisual(CV3)(25000)\QMacVisual(CV3)2022.9.21(25000)\QMacVisual(CV3)\QPlugins\GeometryMeasure\EdgeWidthMeasure\imageBaseOP.h(1,1): warning C4828: 文件包含在偏移 0x1e9 处开始的字符，该字符在当前源字符集中无效(代码页 65001)。
  (编译源文件“locate.cpp”)
  
G:\QMacVisual(CV3)(25000)\QMacVisual(CV3)2022.9.21(25000)\QMacVisual(CV3)\QPlugins\GeometryMeasure\EdgeWidthMeasure\imageBaseOP.h(1,1): warning C4828: 文件包含在偏移 0x1ed 处开始的字符，该字符在当前源字符集中无效(代码页 65001)。
  (编译源文件“locate.cpp”)
  
G:\QMacVisual(CV3)(25000)\QMacVisual(CV3)2022.9.21(25000)\QMacVisual(CV3)\QPlugins\GeometryMeasure\EdgeWidthMeasure\imageBaseOP.h(1,1): warning C4828: 文件包含在偏移 0x1f1 处开始的字符，该字符在当前源字符集中无效(代码页 65001)。
  (编译源文件“locate.cpp”)
  
G:\QMacVisual(CV3)(25000)\QMacVisual(CV3)2022.9.21(25000)\QMacVisual(CV3)\QPlugins\GeometryMeasure\EdgeWidthMeasure\imageBaseOP.h(1,1): warning C4828: 文件包含在偏移 0x1f3 处开始的字符，该字符在当前源字符集中无效(代码页 65001)。
  (编译源文件“locate.cpp”)
  
G:\QMacVisual(CV3)(25000)\QMacVisual(CV3)2022.9.21(25000)\QMacVisual(CV3)\QPlugins\GeometryMeasure\EdgeWidthMeasure\imageBaseOP.h(1,1): warning C4828: 文件包含在偏移 0x1f4 处开始的字符，该字符在当前源字符集中无效(代码页 65001)。
  (编译源文件“locate.cpp”)
  
G:\QMacVisual(CV3)(25000)\QMacVisual(CV3)2022.9.21(25000)\QMacVisual(CV3)\QPlugins\GeometryMeasure\EdgeWidthMeasure\imageBaseOP.h(1,1): warning C4828: 文件包含在偏移 0x206 处开始的字符，该字符在当前源字符集中无效(代码页 65001)。
  (编译源文件“locate.cpp”)
  
G:\QMacVisual(CV3)(25000)\QMacVisual(CV3)2022.9.21(25000)\QMacVisual(CV3)\QPlugins\GeometryMeasure\EdgeWidthMeasure\imageBaseOP.h(1,1): warning C4828: 文件包含在偏移 0x207 处开始的字符，该字符在当前源字符集中无效(代码页 65001)。
  (编译源文件“locate.cpp”)
  
G:\QMacVisual(CV3)(25000)\QMacVisual(CV3)2022.9.21(25000)\QMacVisual(CV3)\QPlugins\GeometryMeasure\EdgeWidthMeasure\imageBaseOP.h(1,1): warning C4828: 文件包含在偏移 0x208 处开始的字符，该字符在当前源字符集中无效(代码页 65001)。
  (编译源文件“locate.cpp”)
  
G:\QMacVisual(CV3)(25000)\QMacVisual(CV3)2022.9.21(25000)\QMacVisual(CV3)\QPlugins\GeometryMeasure\EdgeWidthMeasure\imageBaseOP.h(1,1): warning C4828: 文件包含在偏移 0x20b 处开始的字符，该字符在当前源字符集中无效(代码页 65001)。
  (编译源文件“locate.cpp”)
  
G:\QMacVisual(CV3)(25000)\QMacVisual(CV3)2022.9.21(25000)\QMacVisual(CV3)\QPlugins\GeometryMeasure\EdgeWidthMeasure\imageBaseOP.h(1,1): warning C4828: 文件包含在偏移 0x20f 处开始的字符，该字符在当前源字符集中无效(代码页 65001)。
  (编译源文件“locate.cpp”)
  
G:\QMacVisual(CV3)(25000)\QMacVisual(CV3)2022.9.21(25000)\QMacVisual(CV3)\QPlugins\GeometryMeasure\EdgeWidthMeasure\imageBaseOP.h(1,1): warning C4828: 文件包含在偏移 0x264 处开始的字符，该字符在当前源字符集中无效(代码页 65001)。
  (编译源文件“locate.cpp”)
  
G:\QMacVisual(CV3)(25000)\QMacVisual(CV3)2022.9.21(25000)\QMacVisual(CV3)\QPlugins\GeometryMeasure\EdgeWidthMeasure\imageBaseOP.h(1,1): warning C4828: 文件包含在偏移 0x265 处开始的字符，该字符在当前源字符集中无效(代码页 65001)。
  (编译源文件“locate.cpp”)
  
G:\QMacVisual(CV3)(25000)\QMacVisual(CV3)2022.9.21(25000)\QMacVisual(CV3)\QPlugins\GeometryMeasure\EdgeWidthMeasure\imageBaseOP.h(1,1): warning C4828: 文件包含在偏移 0x266 处开始的字符，该字符在当前源字符集中无效(代码页 65001)。
  (编译源文件“locate.cpp”)
  
G:\QMacVisual(CV3)(25000)\QMacVisual(CV3)2022.9.21(25000)\QMacVisual(CV3)\QPlugins\GeometryMeasure\EdgeWidthMeasure\imageBaseOP.h(1,1): warning C4828: 文件包含在偏移 0x2d8 处开始的字符，该字符在当前源字符集中无效(代码页 65001)。
  (编译源文件“locate.cpp”)
  
G:\QMacVisual(CV3)(25000)\QMacVisual(CV3)2022.9.21(25000)\QMacVisual(CV3)\QPlugins\GeometryMeasure\EdgeWidthMeasure\imageBaseOP.h(1,1): warning C4828: 文件包含在偏移 0x2d9 处开始的字符，该字符在当前源字符集中无效(代码页 65001)。
  (编译源文件“locate.cpp”)
  
G:\QMacVisual(CV3)(25000)\QMacVisual(CV3)2022.9.21(25000)\QMacVisual(CV3)\QPlugins\GeometryMeasure\EdgeWidthMeasure\imageBaseOP.h(1,1): warning C4828: 文件包含在偏移 0x2da 处开始的字符，该字符在当前源字符集中无效(代码页 65001)。
  (编译源文件“locate.cpp”)
  
G:\QMacVisual(CV3)(25000)\QMacVisual(CV3)2022.9.21(25000)\QMacVisual(CV3)\QPlugins\GeometryMeasure\EdgeWidthMeasure\imageBaseOP.h(1,1): warning C4828: 文件包含在偏移 0x2db 处开始的字符，该字符在当前源字符集中无效(代码页 65001)。
  (编译源文件“locate.cpp”)
  
G:\QMacVisual(CV3)(25000)\QMacVisual(CV3)2022.9.21(25000)\QMacVisual(CV3)\QPlugins\GeometryMeasure\EdgeWidthMeasure\imageBaseOP.h(1,1): warning C4828: 文件包含在偏移 0x2dd 处开始的字符，该字符在当前源字符集中无效(代码页 65001)。
  (编译源文件“locate.cpp”)
  
G:\QMacVisual(CV3)(25000)\QMacVisual(CV3)2022.9.21(25000)\QMacVisual(CV3)\QPlugins\GeometryMeasure\EdgeWidthMeasure\imageBaseOP.h(1,1): warning C4828: 文件包含在偏移 0x341 处开始的字符，该字符在当前源字符集中无效(代码页 65001)。
  (编译源文件“locate.cpp”)
  
G:\QMacVisual(CV3)(25000)\QMacVisual(CV3)2022.9.21(25000)\QMacVisual(CV3)\QPlugins\GeometryMeasure\EdgeWidthMeasure\imageBaseOP.h(1,1): warning C4828: 文件包含在偏移 0x342 处开始的字符，该字符在当前源字符集中无效(代码页 65001)。
  (编译源文件“locate.cpp”)
  
G:\QMacVisual(CV3)(25000)\QMacVisual(CV3)2022.9.21(25000)\QMacVisual(CV3)\QPlugins\GeometryMeasure\EdgeWidthMeasure\imageBaseOP.h(1,1): warning C4828: 文件包含在偏移 0x3b0 处开始的字符，该字符在当前源字符集中无效(代码页 65001)。
  (编译源文件“locate.cpp”)
  
G:\QMacVisual(CV3)(25000)\QMacVisual(CV3)2022.9.21(25000)\QMacVisual(CV3)\QPlugins\GeometryMeasure\EdgeWidthMeasure\imageBaseOP.h(1,1): warning C4828: 文件包含在偏移 0x3b8 处开始的字符，该字符在当前源字符集中无效(代码页 65001)。
  (编译源文件“locate.cpp”)
  
G:\QMacVisual(CV3)(25000)\QMacVisual(CV3)2022.9.21(25000)\QMacVisual(CV3)\QPlugins\GeometryMeasure\EdgeWidthMeasure\imageBaseOP.h(1,1): warning C4828: 文件包含在偏移 0x3b9 处开始的字符，该字符在当前源字符集中无效(代码页 65001)。
  (编译源文件“locate.cpp”)
  
G:\QMacVisual(CV3)(25000)\QMacVisual(CV3)2022.9.21(25000)\QMacVisual(CV3)\QPlugins\GeometryMeasure\EdgeWidthMeasure\imageBaseOP.h(1,1): warning C4828: 文件包含在偏移 0x3bc 处开始的字符，该字符在当前源字符集中无效(代码页 65001)。
  (编译源文件“locate.cpp”)
  
G:\QMacVisual(CV3)(25000)\QMacVisual(CV3)2022.9.21(25000)\QMacVisual(CV3)\QPlugins\GeometryMeasure\EdgeWidthMeasure\imageBaseOP.h(1,1): warning C4828: 文件包含在偏移 0x3be 处开始的字符，该字符在当前源字符集中无效(代码页 65001)。
  (编译源文件“locate.cpp”)
  
G:\QMacVisual(CV3)(25000)\QMacVisual(CV3)2022.9.21(25000)\QMacVisual(CV3)\QPlugins\GeometryMeasure\EdgeWidthMeasure\imageBaseOP.h(1,1): warning C4828: 文件包含在偏移 0x3c2 处开始的字符，该字符在当前源字符集中无效(代码页 65001)。
  (编译源文件“locate.cpp”)
  
G:\QMacVisual(CV3)(25000)\QMacVisual(CV3)2022.9.21(25000)\QMacVisual(CV3)\QPlugins\GeometryMeasure\EdgeWidthMeasure\imageBaseOP.h(1,1): warning C4828: 文件包含在偏移 0x3c3 处开始的字符，该字符在当前源字符集中无效(代码页 65001)。
  (编译源文件“locate.cpp”)
  
G:\QMacVisual(CV3)(25000)\QMacVisual(CV3)2022.9.21(25000)\QMacVisual(CV3)\QPlugins\GeometryMeasure\EdgeWidthMeasure\imageBaseOP.h(1,1): warning C4828: 文件包含在偏移 0x3c4 处开始的字符，该字符在当前源字符集中无效(代码页 65001)。
  (编译源文件“locate.cpp”)
  
G:\QMacVisual(CV3)(25000)\QMacVisual(CV3)2022.9.21(25000)\QMacVisual(CV3)\QPlugins\GeometryMeasure\EdgeWidthMeasure\imageBaseOP.h(1,1): warning C4828: 文件包含在偏移 0x3f2 处开始的字符，该字符在当前源字符集中无效(代码页 65001)。
  (编译源文件“locate.cpp”)
  
G:\QMacVisual(CV3)(25000)\QMacVisual(CV3)2022.9.21(25000)\QMacVisual(CV3)\QPlugins\GeometryMeasure\EdgeWidthMeasure\imageBaseOP.h(1,1): warning C4828: 文件包含在偏移 0x3f3 处开始的字符，该字符在当前源字符集中无效(代码页 65001)。
  (编译源文件“locate.cpp”)
  
G:\QMacVisual(CV3)(25000)\QMacVisual(CV3)2022.9.21(25000)\QMacVisual(CV3)\QPlugins\GeometryMeasure\EdgeWidthMeasure\imageBaseOP.h(1,1): warning C4828: 文件包含在偏移 0x3f6 处开始的字符，该字符在当前源字符集中无效(代码页 65001)。
  (编译源文件“locate.cpp”)
  
G:\QMacVisual(CV3)(25000)\QMacVisual(CV3)2022.9.21(25000)\QMacVisual(CV3)\QPlugins\GeometryMeasure\EdgeWidthMeasure\imageBaseOP.h(1,1): warning C4828: 文件包含在偏移 0x3f7 处开始的字符，该字符在当前源字符集中无效(代码页 65001)。
  (编译源文件“locate.cpp”)
  
G:\QMacVisual(CV3)(25000)\QMacVisual(CV3)2022.9.21(25000)\QMacVisual(CV3)\QPlugins\GeometryMeasure\EdgeWidthMeasure\imageBaseOP.h(1,1): warning C4828: 文件包含在偏移 0x468 处开始的字符，该字符在当前源字符集中无效(代码页 65001)。
  (编译源文件“locate.cpp”)
  
G:\QMacVisual(CV3)(25000)\QMacVisual(CV3)2022.9.21(25000)\QMacVisual(CV3)\QPlugins\GeometryMeasure\EdgeWidthMeasure\imageBaseOP.h(1,1): warning C4828: 文件包含在偏移 0x46a 处开始的字符，该字符在当前源字符集中无效(代码页 65001)。
  (编译源文件“locate.cpp”)
  
G:\QMacVisual(CV3)(25000)\QMacVisual(CV3)2022.9.21(25000)\QMacVisual(CV3)\QPlugins\GeometryMeasure\EdgeWidthMeasure\imageBaseOP.h(1,1): warning C4828: 文件包含在偏移 0x48f 处开始的字符，该字符在当前源字符集中无效(代码页 65001)。
  (编译源文件“locate.cpp”)
  
G:\QMacVisual(CV3)(25000)\QMacVisual(CV3)2022.9.21(25000)\QMacVisual(CV3)\QPlugins\GeometryMeasure\EdgeWidthMeasure\imageBaseOP.h(1,1): warning C4828: 文件包含在偏移 0x490 处开始的字符，该字符在当前源字符集中无效(代码页 65001)。
  (编译源文件“locate.cpp”)
  
G:\QMacVisual(CV3)(25000)\QMacVisual(CV3)2022.9.21(25000)\QMacVisual(CV3)\QPlugins\GeometryMeasure\EdgeWidthMeasure\imageBaseOP.h(1,1): warning C4828: 文件包含在偏移 0x491 处开始的字符，该字符在当前源字符集中无效(代码页 65001)。
  (编译源文件“locate.cpp”)
  
G:\QMacVisual(CV3)(25000)\QMacVisual(CV3)2022.9.21(25000)\QMacVisual(CV3)\QPlugins\GeometryMeasure\EdgeWidthMeasure\imageBaseOP.h(1,1): warning C4828: 文件包含在偏移 0x492 处开始的字符，该字符在当前源字符集中无效(代码页 65001)。
  (编译源文件“locate.cpp”)
  
G:\QMacVisual(CV3)(25000)\QMacVisual(CV3)2022.9.21(25000)\QMacVisual(CV3)\QPlugins\GeometryMeasure\EdgeWidthMeasure\imageBaseOP.h(1,1): warning C4828: 文件包含在偏移 0x495 处开始的字符，该字符在当前源字符集中无效(代码页 65001)。
  (编译源文件“locate.cpp”)
  
G:\QMacVisual(CV3)(25000)\QMacVisual(CV3)2022.9.21(25000)\QMacVisual(CV3)\QPlugins\GeometryMeasure\EdgeWidthMeasure\imageBaseOP.h(1,1): warning C4828: 文件包含在偏移 0x496 处开始的字符，该字符在当前源字符集中无效(代码页 65001)。
  (编译源文件“locate.cpp”)
  
G:\QMacVisual(CV3)(25000)\QMacVisual(CV3)2022.9.21(25000)\QMacVisual(CV3)\QPlugins\GeometryMeasure\EdgeWidthMeasure\imageBaseOP.h(1,1): warning C4828: 文件包含在偏移 0x498 处开始的字符，该字符在当前源字符集中无效(代码页 65001)。
  (编译源文件“locate.cpp”)
  
G:\QMacVisual(CV3)(25000)\QMacVisual(CV3)2022.9.21(25000)\QMacVisual(CV3)\QPlugins\GeometryMeasure\EdgeWidthMeasure\imageBaseOP.h(1,1): warning C4828: 文件包含在偏移 0x499 处开始的字符，该字符在当前源字符集中无效(代码页 65001)。
  (编译源文件“locate.cpp”)
  
G:\QMacVisual(CV3)(25000)\QMacVisual(CV3)2022.9.21(25000)\QMacVisual(CV3)\QPlugins\GeometryMeasure\EdgeWidthMeasure\imageBaseOP.h(1,1): warning C4828: 文件包含在偏移 0x4b8 处开始的字符，该字符在当前源字符集中无效(代码页 65001)。
  (编译源文件“locate.cpp”)
  
G:\QMacVisual(CV3)(25000)\QMacVisual(CV3)2022.9.21(25000)\QMacVisual(CV3)\QPlugins\GeometryMeasure\EdgeWidthMeasure\imageBaseOP.h(1,1): warning C4828: 文件包含在偏移 0x4b9 处开始的字符，该字符在当前源字符集中无效(代码页 65001)。
  (编译源文件“locate.cpp”)
  
G:\QMacVisual(CV3)(25000)\QMacVisual(CV3)2022.9.21(25000)\QMacVisual(CV3)\QPlugins\GeometryMeasure\EdgeWidthMeasure\imageBaseOP.h(1,1): warning C4828: 文件包含在偏移 0x4ba 处开始的字符，该字符在当前源字符集中无效(代码页 65001)。
  (编译源文件“locate.cpp”)
  
G:\QMacVisual(CV3)(25000)\QMacVisual(CV3)2022.9.21(25000)\QMacVisual(CV3)\QPlugins\GeometryMeasure\EdgeWidthMeasure\imageBaseOP.h(1,1): warning C4828: 文件包含在偏移 0x4bb 处开始的字符，该字符在当前源字符集中无效(代码页 65001)。
  (编译源文件“locate.cpp”)
  
G:\QMacVisual(CV3)(25000)\QMacVisual(CV3)2022.9.21(25000)\QMacVisual(CV3)\QPlugins\GeometryMeasure\EdgeWidthMeasure\imageBaseOP.h(1,1): warning C4828: 文件包含在偏移 0x4be 处开始的字符，该字符在当前源字符集中无效(代码页 65001)。
  (编译源文件“locate.cpp”)
  
G:\QMacVisual(CV3)(25000)\QMacVisual(CV3)2022.9.21(25000)\QMacVisual(CV3)\QPlugins\GeometryMeasure\EdgeWidthMeasure\imageBaseOP.h(1,1): warning C4828: 文件包含在偏移 0x4bf 处开始的字符，该字符在当前源字符集中无效(代码页 65001)。
  (编译源文件“locate.cpp”)
  
G:\QMacVisual(CV3)(25000)\QMacVisual(CV3)2022.9.21(25000)\QMacVisual(CV3)\QPlugins\GeometryMeasure\EdgeWidthMeasure\imageBaseOP.h(1,1): warning C4828: 文件包含在偏移 0x4c1 处开始的字符，该字符在当前源字符集中无效(代码页 65001)。
  (编译源文件“locate.cpp”)
  
G:\QMacVisual(CV3)(25000)\QMacVisual(CV3)2022.9.21(25000)\QMacVisual(CV3)\QPlugins\GeometryMeasure\EdgeWidthMeasure\imageBaseOP.h(1,1): warning C4828: 文件包含在偏移 0x4c3 处开始的字符，该字符在当前源字符集中无效(代码页 65001)。
  (编译源文件“locate.cpp”)
  
G:\QMacVisual(CV3)(25000)\QMacVisual(CV3)2022.9.21(25000)\QMacVisual(CV3)\QPlugins\GeometryMeasure\EdgeWidthMeasure\imageBaseOP.h(1,1): warning C4828: 文件包含在偏移 0x4db 处开始的字符，该字符在当前源字符集中无效(代码页 65001)。
  (编译源文件“locate.cpp”)
  
G:\QMacVisual(CV3)(25000)\QMacVisual(CV3)2022.9.21(25000)\QMacVisual(CV3)\QPlugins\GeometryMeasure\EdgeWidthMeasure\imageBaseOP.h(1,1): warning C4828: 文件包含在偏移 0x4dd 处开始的字符，该字符在当前源字符集中无效(代码页 65001)。
  (编译源文件“locate.cpp”)
  
G:\QMacVisual(CV3)(25000)\QMacVisual(CV3)2022.9.21(25000)\QMacVisual(CV3)\QPlugins\GeometryMeasure\EdgeWidthMeasure\imageBaseOP.h(1,1): warning C4828: 文件包含在偏移 0x4de 处开始的字符，该字符在当前源字符集中无效(代码页 65001)。
  (编译源文件“locate.cpp”)
  
G:\QMacVisual(CV3)(25000)\QMacVisual(CV3)2022.9.21(25000)\QMacVisual(CV3)\QPlugins\GeometryMeasure\EdgeWidthMeasure\imageBaseOP.h(1,1): warning C4828: 文件包含在偏移 0x4df 处开始的字符，该字符在当前源字符集中无效(代码页 65001)。
  (编译源文件“locate.cpp”)
  
G:\QMacVisual(CV3)(25000)\QMacVisual(CV3)2022.9.21(25000)\QMacVisual(CV3)\QPlugins\GeometryMeasure\EdgeWidthMeasure\imageBaseOP.h(1,1): warning C4828: 文件包含在偏移 0x4e0 处开始的字符，该字符在当前源字符集中无效(代码页 65001)。
  (编译源文件“locate.cpp”)
  
G:\QMacVisual(CV3)(25000)\QMacVisual(CV3)2022.9.21(25000)\QMacVisual(CV3)\QPlugins\GeometryMeasure\EdgeWidthMeasure\imageBaseOP.h(1,1): warning C4828: 文件包含在偏移 0x4e4 处开始的字符，该字符在当前源字符集中无效(代码页 65001)。
  (编译源文件“locate.cpp”)
  
G:\QMacVisual(CV3)(25000)\QMacVisual(CV3)2022.9.21(25000)\QMacVisual(CV3)\QPlugins\GeometryMeasure\EdgeWidthMeasure\imageBaseOP.h(1,1): warning C4828: 文件包含在偏移 0x4e8 处开始的字符，该字符在当前源字符集中无效(代码页 65001)。
  (编译源文件“locate.cpp”)
  
G:\QMacVisual(CV3)(25000)\QMacVisual(CV3)2022.9.21(25000)\QMacVisual(CV3)\QPlugins\GeometryMeasure\EdgeWidthMeasure\imageBaseOP.h(1,1): warning C4828: 文件包含在偏移 0x4fc 处开始的字符，该字符在当前源字符集中无效(代码页 65001)。
  (编译源文件“locate.cpp”)
  
G:\QMacVisual(CV3)(25000)\QMacVisual(CV3)2022.9.21(25000)\QMacVisual(CV3)\QPlugins\GeometryMeasure\EdgeWidthMeasure\imageBaseOP.h(1,1): warning C4828: 文件包含在偏移 0x4fe 处开始的字符，该字符在当前源字符集中无效(代码页 65001)。
  (编译源文件“locate.cpp”)
  
G:\QMacVisual(CV3)(25000)\QMacVisual(CV3)2022.9.21(25000)\QMacVisual(CV3)\QPlugins\GeometryMeasure\EdgeWidthMeasure\imageBaseOP.h(1,1): warning C4828: 文件包含在偏移 0x502 处开始的字符，该字符在当前源字符集中无效(代码页 65001)。
  (编译源文件“locate.cpp”)
  
G:\QMacVisual(CV3)(25000)\QMacVisual(CV3)2022.9.21(25000)\QMacVisual(CV3)\QPlugins\GeometryMeasure\EdgeWidthMeasure\imageBaseOP.h(1,1): warning C4828: 文件包含在偏移 0x532 处开始的字符，该字符在当前源字符集中无效(代码页 65001)。
  (编译源文件“locate.cpp”)
  
G:\QMacVisual(CV3)(25000)\QMacVisual(CV3)2022.9.21(25000)\QMacVisual(CV3)\QPlugins\GeometryMeasure\EdgeWidthMeasure\imageBaseOP.h(1,1): warning C4828: 文件包含在偏移 0x535 处开始的字符，该字符在当前源字符集中无效(代码页 65001)。
  (编译源文件“locate.cpp”)
  
G:\QMacVisual(CV3)(25000)\QMacVisual(CV3)2022.9.21(25000)\QMacVisual(CV3)\QPlugins\GeometryMeasure\EdgeWidthMeasure\imageBaseOP.h(1,1): warning C4828: 文件包含在偏移 0x538 处开始的字符，该字符在当前源字符集中无效(代码页 65001)。
  (编译源文件“locate.cpp”)
  
G:\QMacVisual(CV3)(25000)\QMacVisual(CV3)2022.9.21(25000)\QMacVisual(CV3)\QPlugins\GeometryMeasure\EdgeWidthMeasure\imageBaseOP.h(1,1): warning C4828: 文件包含在偏移 0x53a 处开始的字符，该字符在当前源字符集中无效(代码页 65001)。
  (编译源文件“locate.cpp”)
  
G:\QMacVisual(CV3)(25000)\QMacVisual(CV3)2022.9.21(25000)\QMacVisual(CV3)\QPlugins\GeometryMeasure\EdgeWidthMeasure\imageBaseOP.h(1,1): warning C4828: 文件包含在偏移 0x53b 处开始的字符，该字符在当前源字符集中无效(代码页 65001)。
  (编译源文件“locate.cpp”)
  
G:\QMacVisual(CV3)(25000)\QMacVisual(CV3)2022.9.21(25000)\QMacVisual(CV3)\QPlugins\GeometryMeasure\EdgeWidthMeasure\imageBaseOP.h(1,1): warning C4828: 文件包含在偏移 0x540 处开始的字符，该字符在当前源字符集中无效(代码页 65001)。
  (编译源文件“locate.cpp”)
  
G:\QMacVisual(CV3)(25000)\QMacVisual(CV3)2022.9.21(25000)\QMacVisual(CV3)\QPlugins\GeometryMeasure\EdgeWidthMeasure\imageBaseOP.h(1,1): warning C4828: 文件包含在偏移 0x541 处开始的字符，该字符在当前源字符集中无效(代码页 65001)。
  (编译源文件“locate.cpp”)
  
G:\QMacVisual(CV3)(25000)\QMacVisual(CV3)2022.9.21(25000)\QMacVisual(CV3)\QPlugins\GeometryMeasure\EdgeWidthMeasure\imageBaseOP.h(1,1): warning C4828: 文件包含在偏移 0x545 处开始的字符，该字符在当前源字符集中无效(代码页 65001)。
  (编译源文件“locate.cpp”)
  
G:\QMacVisual(CV3)(25000)\QMacVisual(CV3)2022.9.21(25000)\QMacVisual(CV3)\QPlugins\GeometryMeasure\EdgeWidthMeasure\imageBaseOP.h(1,1): warning C4828: 文件包含在偏移 0x547 处开始的字符，该字符在当前源字符集中无效(代码页 65001)。
  (编译源文件“locate.cpp”)
  
G:\QMacVisual(CV3)(25000)\QMacVisual(CV3)2022.9.21(25000)\QMacVisual(CV3)\QPlugins\GeometryMeasure\EdgeWidthMeasure\imageBaseOP.h(1,1): warning C4828: 文件包含在偏移 0x548 处开始的字符，该字符在当前源字符集中无效(代码页 65001)。
  (编译源文件“locate.cpp”)
  
G:\QMacVisual(CV3)(25000)\QMacVisual(CV3)2022.9.21(25000)\QMacVisual(CV3)\QPlugins\GeometryMeasure\EdgeWidthMeasure\imageBaseOP.h(1,1): warning C4828: 文件包含在偏移 0x549 处开始的字符，该字符在当前源字符集中无效(代码页 65001)。
  (编译源文件“locate.cpp”)
  
G:\QMacVisual(CV3)(25000)\QMacVisual(CV3)2022.9.21(25000)\QMacVisual(CV3)\QPlugins\GeometryMeasure\EdgeWidthMeasure\imageBaseOP.h(1,1): warning C4828: 文件包含在偏移 0x561 处开始的字符，该字符在当前源字符集中无效(代码页 65001)。
  (编译源文件“locate.cpp”)
  
G:\QMacVisual(CV3)(25000)\QMacVisual(CV3)2022.9.21(25000)\QMacVisual(CV3)\QPlugins\GeometryMeasure\EdgeWidthMeasure\imageBaseOP.h(1,1): warning C4828: 文件包含在偏移 0x563 处开始的字符，该字符在当前源字符集中无效(代码页 65001)。
  (编译源文件“locate.cpp”)
  
G:\QMacVisual(CV3)(25000)\QMacVisual(CV3)2022.9.21(25000)\QMacVisual(CV3)\QPlugins\GeometryMeasure\EdgeWidthMeasure\imageBaseOP.h(1,1): warning C4828: 文件包含在偏移 0x565 处开始的字符，该字符在当前源字符集中无效(代码页 65001)。
  (编译源文件“locate.cpp”)
  
G:\QMacVisual(CV3)(25000)\QMacVisual(CV3)2022.9.21(25000)\QMacVisual(CV3)\QPlugins\GeometryMeasure\EdgeWidthMeasure\imageBaseOP.h(1,1): warning C4828: 文件包含在偏移 0x566 处开始的字符，该字符在当前源字符集中无效(代码页 65001)。
  (编译源文件“locate.cpp”)
  
G:\QMacVisual(CV3)(25000)\QMacVisual(CV3)2022.9.21(25000)\QMacVisual(CV3)\QPlugins\GeometryMeasure\EdgeWidthMeasure\imageBaseOP.h(1,1): warning C4828: 文件包含在偏移 0x568 处开始的字符，该字符在当前源字符集中无效(代码页 65001)。
  (编译源文件“locate.cpp”)
  
G:\QMacVisual(CV3)(25000)\QMacVisual(CV3)2022.9.21(25000)\QMacVisual(CV3)\QPlugins\GeometryMeasure\EdgeWidthMeasure\imageBaseOP.h(1,1): warning C4828: 文件包含在偏移 0x56a 处开始的字符，该字符在当前源字符集中无效(代码页 65001)。
  (编译源文件“locate.cpp”)
  
G:\QMacVisual(CV3)(25000)\QMacVisual(CV3)2022.9.21(25000)\QMacVisual(CV3)\QPlugins\GeometryMeasure\EdgeWidthMeasure\imageBaseOP.h(1,1): warning C4828: 文件包含在偏移 0x56b 处开始的字符，该字符在当前源字符集中无效(代码页 65001)。
  (编译源文件“locate.cpp”)
  
G:\QMacVisual(CV3)(25000)\QMacVisual(CV3)2022.9.21(25000)\QMacVisual(CV3)\QPlugins\GeometryMeasure\EdgeWidthMeasure\imageBaseOP.h(1,1): warning C4828: 文件包含在偏移 0x56c 处开始的字符，该字符在当前源字符集中无效(代码页 65001)。
  (编译源文件“locate.cpp”)
  
G:\QMacVisual(CV3)(25000)\QMacVisual(CV3)2022.9.21(25000)\QMacVisual(CV3)\QPlugins\GeometryMeasure\EdgeWidthMeasure\imageBaseOP.h(1,1): warning C4828: 文件包含在偏移 0x570 处开始的字符，该字符在当前源字符集中无效(代码页 65001)。
  (编译源文件“locate.cpp”)
  
G:\QMacVisual(CV3)(25000)\QMacVisual(CV3)2022.9.21(25000)\QMacVisual(CV3)\QPlugins\GeometryMeasure\EdgeWidthMeasure\imageBaseOP.h(1,1): warning C4828: 文件包含在偏移 0x571 处开始的字符，该字符在当前源字符集中无效(代码页 65001)。
  (编译源文件“locate.cpp”)
  
G:\QMacVisual(CV3)(25000)\QMacVisual(CV3)2022.9.21(25000)\QMacVisual(CV3)\QPlugins\GeometryMeasure\EdgeWidthMeasure\imageBaseOP.h(1,1): warning C4828: 文件包含在偏移 0x586 处开始的字符，该字符在当前源字符集中无效(代码页 65001)。
  (编译源文件“locate.cpp”)
  
G:\QMacVisual(CV3)(25000)\QMacVisual(CV3)2022.9.21(25000)\QMacVisual(CV3)\QPlugins\GeometryMeasure\EdgeWidthMeasure\imageBaseOP.h(1,1): warning C4828: 文件包含在偏移 0x587 处开始的字符，该字符在当前源字符集中无效(代码页 65001)。
  (编译源文件“locate.cpp”)
  
G:\QMacVisual(CV3)(25000)\QMacVisual(CV3)2022.9.21(25000)\QMacVisual(CV3)\QPlugins\GeometryMeasure\EdgeWidthMeasure\imageBaseOP.h(1,1): warning C4828: 文件包含在偏移 0x588 处开始的字符，该字符在当前源字符集中无效(代码页 65001)。
  (编译源文件“locate.cpp”)
  
G:\QMacVisual(CV3)(25000)\QMacVisual(CV3)2022.9.21(25000)\QMacVisual(CV3)\QPlugins\GeometryMeasure\EdgeWidthMeasure\imageBaseOP.h(1,1): warning C4828: 文件包含在偏移 0x589 处开始的字符，该字符在当前源字符集中无效(代码页 65001)。
  (编译源文件“locate.cpp”)
  
G:\QMacVisual(CV3)(25000)\QMacVisual(CV3)2022.9.21(25000)\QMacVisual(CV3)\QPlugins\GeometryMeasure\EdgeWidthMeasure\imageBaseOP.h(1,1): warning C4828: 文件包含在偏移 0x58c 处开始的字符，该字符在当前源字符集中无效(代码页 65001)。
  (编译源文件“locate.cpp”)
  
G:\QMacVisual(CV3)(25000)\QMacVisual(CV3)2022.9.21(25000)\QMacVisual(CV3)\QPlugins\GeometryMeasure\EdgeWidthMeasure\imageBaseOP.h(1,1): warning C4828: 文件包含在偏移 0x5cc 处开始的字符，该字符在当前源字符集中无效(代码页 65001)。
  (编译源文件“locate.cpp”)
  
G:\QMacVisual(CV3)(25000)\QMacVisual(CV3)2022.9.21(25000)\QMacVisual(CV3)\QPlugins\GeometryMeasure\EdgeWidthMeasure\imageBaseOP.h(1,1): warning C4828: 文件包含在偏移 0x5cd 处开始的字符，该字符在当前源字符集中无效(代码页 65001)。
  (编译源文件“locate.cpp”)
  
G:\QMacVisual(CV3)(25000)\QMacVisual(CV3)2022.9.21(25000)\QMacVisual(CV3)\QPlugins\GeometryMeasure\EdgeWidthMeasure\imageBaseOP.h(1,1): warning C4828: 文件包含在偏移 0x5ce 处开始的字符，该字符在当前源字符集中无效(代码页 65001)。
  (编译源文件“locate.cpp”)
  
G:\QMacVisual(CV3)(25000)\QMacVisual(CV3)2022.9.21(25000)\QMacVisual(CV3)\QPlugins\GeometryMeasure\EdgeWidthMeasure\imageBaseOP.h(1,1): warning C4828: 文件包含在偏移 0x5d0 处开始的字符，该字符在当前源字符集中无效(代码页 65001)。
  (编译源文件“locate.cpp”)
  
G:\QMacVisual(CV3)(25000)\QMacVisual(CV3)2022.9.21(25000)\QMacVisual(CV3)\QPlugins\GeometryMeasure\EdgeWidthMeasure\imageBaseOP.h(1,1): warning C4828: 文件包含在偏移 0x5d2 处开始的字符，该字符在当前源字符集中无效(代码页 65001)。
  (编译源文件“locate.cpp”)
  
G:\QMacVisual(CV3)(25000)\QMacVisual(CV3)2022.9.21(25000)\QMacVisual(CV3)\QPlugins\GeometryMeasure\EdgeWidthMeasure\imageBaseOP.h(1,1): warning C4828: 文件包含在偏移 0x5d4 处开始的字符，该字符在当前源字符集中无效(代码页 65001)。
  (编译源文件“locate.cpp”)
  
G:\QMacVisual(CV3)(25000)\QMacVisual(CV3)2022.9.21(25000)\QMacVisual(CV3)\QPlugins\GeometryMeasure\EdgeWidthMeasure\imageBaseOP.h(1,1): warning C4828: 文件包含在偏移 0x5d5 处开始的字符，该字符在当前源字符集中无效(代码页 65001)。
  (编译源文件“locate.cpp”)
  
G:\QMacVisual(CV3)(25000)\QMacVisual(CV3)2022.9.21(25000)\QMacVisual(CV3)\QPlugins\GeometryMeasure\EdgeWidthMeasure\imageBaseOP.h(1,1): warning C4828: 文件包含在偏移 0x5d8 处开始的字符，该字符在当前源字符集中无效(代码页 65001)。
  (编译源文件“locate.cpp”)
  
G:\QMacVisual(CV3)(25000)\QMacVisual(CV3)2022.9.21(25000)\QMacVisual(CV3)\QPlugins\GeometryMeasure\EdgeWidthMeasure\imageBaseOP.h(1,1): warning C4828: 文件包含在偏移 0x606 处开始的字符，该字符在当前源字符集中无效(代码页 65001)。
  (编译源文件“locate.cpp”)
  
G:\QMacVisual(CV3)(25000)\QMacVisual(CV3)2022.9.21(25000)\QMacVisual(CV3)\QPlugins\GeometryMeasure\EdgeWidthMeasure\imageBaseOP.h(1,1): warning C4828: 文件包含在偏移 0x607 处开始的字符，该字符在当前源字符集中无效(代码页 65001)。
  (编译源文件“locate.cpp”)
  
G:\QMacVisual(CV3)(25000)\QMacVisual(CV3)2022.9.21(25000)\QMacVisual(CV3)\QPlugins\GeometryMeasure\EdgeWidthMeasure\imageBaseOP.h(1,1): warning C4828: 文件包含在偏移 0x609 处开始的字符，该字符在当前源字符集中无效(代码页 65001)。
  (编译源文件“locate.cpp”)
  
G:\QMacVisual(CV3)(25000)\QMacVisual(CV3)2022.9.21(25000)\QMacVisual(CV3)\QPlugins\GeometryMeasure\EdgeWidthMeasure\imageBaseOP.h(1,1): warning C4828: 文件包含在偏移 0x60a 处开始的字符，该字符在当前源字符集中无效(代码页 65001)。
  (编译源文件“locate.cpp”)
  
G:\QMacVisual(CV3)(25000)\QMacVisual(CV3)2022.9.21(25000)\QMacVisual(CV3)\QPlugins\GeometryMeasure\EdgeWidthMeasure\imageBaseOP.h(1,1): warning C4828: 文件包含在偏移 0x60c 处开始的字符，该字符在当前源字符集中无效(代码页 65001)。
  (编译源文件“locate.cpp”)
  
G:\QMacVisual(CV3)(25000)\QMacVisual(CV3)2022.9.21(25000)\QMacVisual(CV3)\QPlugins\GeometryMeasure\EdgeWidthMeasure\imageBaseOP.h(1,1): warning C4828: 文件包含在偏移 0x60d 处开始的字符，该字符在当前源字符集中无效(代码页 65001)。
  (编译源文件“locate.cpp”)
  
G:\QMacVisual(CV3)(25000)\QMacVisual(CV3)2022.9.21(25000)\QMacVisual(CV3)\QPlugins\GeometryMeasure\EdgeWidthMeasure\imageBaseOP.h(1,1): warning C4828: 文件包含在偏移 0x61a 处开始的字符，该字符在当前源字符集中无效(代码页 65001)。
  (编译源文件“locate.cpp”)
  
G:\QMacVisual(CV3)(25000)\QMacVisual(CV3)2022.9.21(25000)\QMacVisual(CV3)\QPlugins\GeometryMeasure\EdgeWidthMeasure\imageBaseOP.h(1,1): warning C4828: 文件包含在偏移 0x61b 处开始的字符，该字符在当前源字符集中无效(代码页 65001)。
  (编译源文件“locate.cpp”)
  
G:\QMacVisual(CV3)(25000)\QMacVisual(CV3)2022.9.21(25000)\QMacVisual(CV3)\QPlugins\GeometryMeasure\EdgeWidthMeasure\imageBaseOP.h(1,1): warning C4828: 文件包含在偏移 0x61d 处开始的字符，该字符在当前源字符集中无效(代码页 65001)。
  (编译源文件“locate.cpp”)
  
G:\QMacVisual(CV3)(25000)\QMacVisual(CV3)2022.9.21(25000)\QMacVisual(CV3)\QPlugins\GeometryMeasure\EdgeWidthMeasure\imageBaseOP.h(1,1): warning C4828: 文件包含在偏移 0x61e 处开始的字符，该字符在当前源字符集中无效(代码页 65001)。
  (编译源文件“locate.cpp”)
  
G:\QMacVisual(CV3)(25000)\QMacVisual(CV3)2022.9.21(25000)\QMacVisual(CV3)\QPlugins\GeometryMeasure\EdgeWidthMeasure\imageBaseOP.h(1,1): warning C4828: 文件包含在偏移 0x620 处开始的字符，该字符在当前源字符集中无效(代码页 65001)。
  (编译源文件“locate.cpp”)
  
G:\QMacVisual(CV3)(25000)\QMacVisual(CV3)2022.9.21(25000)\QMacVisual(CV3)\QPlugins\GeometryMeasure\EdgeWidthMeasure\imageBaseOP.h(1,1): warning C4828: 文件包含在偏移 0x621 处开始的字符，该字符在当前源字符集中无效(代码页 65001)。
  (编译源文件“locate.cpp”)
  
G:\QMacVisual(CV3)(25000)\QMacVisual(CV3)2022.9.21(25000)\QMacVisual(CV3)\QPlugins\GeometryMeasure\EdgeWidthMeasure\imageBaseOP.h(1,1): warning C4828: 文件包含在偏移 0x629 处开始的字符，该字符在当前源字符集中无效(代码页 65001)。
  (编译源文件“locate.cpp”)
  
G:\QMacVisual(CV3)(25000)\QMacVisual(CV3)2022.9.21(25000)\QMacVisual(CV3)\QPlugins\GeometryMeasure\EdgeWidthMeasure\imageBaseOP.h(1,1): warning C4828: 文件包含在偏移 0x62a 处开始的字符，该字符在当前源字符集中无效(代码页 65001)。
  (编译源文件“locate.cpp”)
  
G:\QMacVisual(CV3)(25000)\QMacVisual(CV3)2022.9.21(25000)\QMacVisual(CV3)\QPlugins\GeometryMeasure\EdgeWidthMeasure\imageBaseOP.h(1,1): warning C4828: 文件包含在偏移 0x62c 处开始的字符，该字符在当前源字符集中无效(代码页 65001)。
  (编译源文件“locate.cpp”)
  
G:\QMacVisual(CV3)(25000)\QMacVisual(CV3)2022.9.21(25000)\QMacVisual(CV3)\QPlugins\GeometryMeasure\EdgeWidthMeasure\imageBaseOP.h(1,1): warning C4828: 文件包含在偏移 0x62f 处开始的字符，该字符在当前源字符集中无效(代码页 65001)。
  (编译源文件“locate.cpp”)
  
G:\QMacVisual(CV3)(25000)\QMacVisual(CV3)2022.9.21(25000)\QMacVisual(CV3)\QPlugins\GeometryMeasure\EdgeWidthMeasure\imageBaseOP.h(1,1): warning C4828: 文件包含在偏移 0x630 处开始的字符，该字符在当前源字符集中无效(代码页 65001)。
  (编译源文件“locate.cpp”)
  
G:\QMacVisual(CV3)(25000)\QMacVisual(CV3)2022.9.21(25000)\QMacVisual(CV3)\QPlugins\GeometryMeasure\EdgeWidthMeasure\imageBaseOP.h(1,1): warning C4828: 文件包含在偏移 0x685 处开始的字符，该字符在当前源字符集中无效(代码页 65001)。
  (编译源文件“locate.cpp”)
  
G:\QMacVisual(CV3)(25000)\QMacVisual(CV3)2022.9.21(25000)\QMacVisual(CV3)\QPlugins\GeometryMeasure\EdgeWidthMeasure\imageBaseOP.h(1,1): warning C4828: 文件包含在偏移 0x687 处开始的字符，该字符在当前源字符集中无效(代码页 65001)。
  (编译源文件“locate.cpp”)
  
G:\QMacVisual(CV3)(25000)\QMacVisual(CV3)2022.9.21(25000)\QMacVisual(CV3)\QPlugins\GeometryMeasure\EdgeWidthMeasure\imageBaseOP.h(1,1): warning C4828: 文件包含在偏移 0x688 处开始的字符，该字符在当前源字符集中无效(代码页 65001)。
  (编译源文件“locate.cpp”)
  
G:\QMacVisual(CV3)(25000)\QMacVisual(CV3)2022.9.21(25000)\QMacVisual(CV3)\QPlugins\GeometryMeasure\EdgeWidthMeasure\imageBaseOP.h(1,1): warning C4828: 文件包含在偏移 0x68a 处开始的字符，该字符在当前源字符集中无效(代码页 65001)。
  (编译源文件“locate.cpp”)
  
G:\QMacVisual(CV3)(25000)\QMacVisual(CV3)2022.9.21(25000)\QMacVisual(CV3)\QPlugins\GeometryMeasure\EdgeWidthMeasure\imageBaseOP.h(1,1): warning C4828: 文件包含在偏移 0x68d 处开始的字符，该字符在当前源字符集中无效(代码页 65001)。
  (编译源文件“locate.cpp”)
  
G:\QMacVisual(CV3)(25000)\QMacVisual(CV3)2022.9.21(25000)\QMacVisual(CV3)\QPlugins\GeometryMeasure\EdgeWidthMeasure\imageBaseOP.h(1,1): warning C4828: 文件包含在偏移 0x690 处开始的字符，该字符在当前源字符集中无效(代码页 65001)。
  (编译源文件“locate.cpp”)
  
G:\QMacVisual(CV3)(25000)\QMacVisual(CV3)2022.9.21(25000)\QMacVisual(CV3)\QPlugins\GeometryMeasure\EdgeWidthMeasure\imageBaseOP.h(1,1): warning C4828: 文件包含在偏移 0x691 处开始的字符，该字符在当前源字符集中无效(代码页 65001)。
  (编译源文件“locate.cpp”)
  
G:\QMacVisual(CV3)(25000)\QMacVisual(CV3)2022.9.21(25000)\QMacVisual(CV3)\QPlugins\GeometryMeasure\EdgeWidthMeasure\imageBaseOP.h(1,1): warning C4828: 文件包含在偏移 0x692 处开始的字符，该字符在当前源字符集中无效(代码页 65001)。
  (编译源文件“locate.cpp”)
  
G:\QMacVisual(CV3)(25000)\QMacVisual(CV3)2022.9.21(25000)\QMacVisual(CV3)\QPlugins\GeometryMeasure\EdgeWidthMeasure\imageBaseOP.h(1,1): warning C4828: 文件包含在偏移 0x693 处开始的字符，该字符在当前源字符集中无效(代码页 65001)。
  (编译源文件“locate.cpp”)
  
G:\QMacVisual(CV3)(25000)\QMacVisual(CV3)2022.9.21(25000)\QMacVisual(CV3)\QPlugins\GeometryMeasure\EdgeWidthMeasure\imageBaseOP.h(1,1): warning C4828: 文件包含在偏移 0x695 处开始的字符，该字符在当前源字符集中无效(代码页 65001)。
  (编译源文件“locate.cpp”)
  
G:\QMacVisual(CV3)(25000)\QMacVisual(CV3)2022.9.21(25000)\QMacVisual(CV3)\QPlugins\GeometryMeasure\EdgeWidthMeasure\imageBaseOP.h(1,1): warning C4828: 文件包含在偏移 0x696 处开始的字符，该字符在当前源字符集中无效(代码页 65001)。
  (编译源文件“locate.cpp”)
  
G:\QMacVisual(CV3)(25000)\QMacVisual(CV3)2022.9.21(25000)\QMacVisual(CV3)\QPlugins\GeometryMeasure\EdgeWidthMeasure\imageBaseOP.h(1,1): warning C4828: 文件包含在偏移 0x697 处开始的字符，该字符在当前源字符集中无效(代码页 65001)。
  (编译源文件“locate.cpp”)
  
G:\QMacVisual(CV3)(25000)\QMacVisual(CV3)2022.9.21(25000)\QMacVisual(CV3)\QPlugins\GeometryMeasure\EdgeWidthMeasure\imageBaseOP.h(1,1): warning C4828: 文件包含在偏移 0x69b 处开始的字符，该字符在当前源字符集中无效(代码页 65001)。
  (编译源文件“locate.cpp”)
  
G:\QMacVisual(CV3)(25000)\QMacVisual(CV3)2022.9.21(25000)\QMacVisual(CV3)\QPlugins\GeometryMeasure\EdgeWidthMeasure\imageBaseOP.h(1,1): warning C4828: 文件包含在偏移 0x69e 处开始的字符，该字符在当前源字符集中无效(代码页 65001)。
  (编译源文件“locate.cpp”)
  
G:\QMacVisual(CV3)(25000)\QMacVisual(CV3)2022.9.21(25000)\QMacVisual(CV3)\QPlugins\GeometryMeasure\EdgeWidthMeasure\imageBaseOP.h(1,1): warning C4828: 文件包含在偏移 0x6a0 处开始的字符，该字符在当前源字符集中无效(代码页 65001)。
  (编译源文件“locate.cpp”)
  
G:\QMacVisual(CV3)(25000)\QMacVisual(CV3)2022.9.21(25000)\QMacVisual(CV3)\QPlugins\GeometryMeasure\EdgeWidthMeasure\imageBaseOP.h(1,1): warning C4828: 文件包含在偏移 0x6a4 处开始的字符，该字符在当前源字符集中无效(代码页 65001)。
  (编译源文件“locate.cpp”)
  
G:\QMacVisual(CV3)(25000)\QMacVisual(CV3)2022.9.21(25000)\QMacVisual(CV3)\QPlugins\GeometryMeasure\EdgeWidthMeasure\imageBaseOP.h(1,1): warning C4828: 文件包含在偏移 0x6b0 处开始的字符，该字符在当前源字符集中无效(代码页 65001)。
  (编译源文件“locate.cpp”)
  
G:\QMacVisual(CV3)(25000)\QMacVisual(CV3)2022.9.21(25000)\QMacVisual(CV3)\QPlugins\GeometryMeasure\EdgeWidthMeasure\imageBaseOP.h(1,1): warning C4828: 文件包含在偏移 0x6b4 处开始的字符，该字符在当前源字符集中无效(代码页 65001)。
  (编译源文件“locate.cpp”)
  
G:\QMacVisual(CV3)(25000)\QMacVisual(CV3)2022.9.21(25000)\QMacVisual(CV3)\QPlugins\GeometryMeasure\EdgeWidthMeasure\imageBaseOP.h(1,1): warning C4828: 文件包含在偏移 0x6b5 处开始的字符，该字符在当前源字符集中无效(代码页 65001)。
  (编译源文件“locate.cpp”)
  
G:\QMacVisual(CV3)(25000)\QMacVisual(CV3)2022.9.21(25000)\QMacVisual(CV3)\QPlugins\GeometryMeasure\EdgeWidthMeasure\imageBaseOP.h(1,1): warning C4828: 文件包含在偏移 0x6b6 处开始的字符，该字符在当前源字符集中无效(代码页 65001)。
  (编译源文件“locate.cpp”)
  
G:\QMacVisual(CV3)(25000)\QMacVisual(CV3)2022.9.21(25000)\QMacVisual(CV3)\QPlugins\GeometryMeasure\EdgeWidthMeasure\imageBaseOP.h(1,1): warning C4828: 文件包含在偏移 0x6b8 处开始的字符，该字符在当前源字符集中无效(代码页 65001)。
  (编译源文件“locate.cpp”)
  
G:\QMacVisual(CV3)(25000)\QMacVisual(CV3)2022.9.21(25000)\QMacVisual(CV3)\QPlugins\GeometryMeasure\EdgeWidthMeasure\imageBaseOP.h(1,1): warning C4828: 文件包含在偏移 0x6ba 处开始的字符，该字符在当前源字符集中无效(代码页 65001)。
  (编译源文件“locate.cpp”)
  
G:\QMacVisual(CV3)(25000)\QMacVisual(CV3)2022.9.21(25000)\QMacVisual(CV3)\QPlugins\GeometryMeasure\EdgeWidthMeasure\imageBaseOP.h(1,1): warning C4828: 文件包含在偏移 0x6bb 处开始的字符，该字符在当前源字符集中无效(代码页 65001)。
  (编译源文件“locate.cpp”)
  
G:\QMacVisual(CV3)(25000)\QMacVisual(CV3)2022.9.21(25000)\QMacVisual(CV3)\QPlugins\GeometryMeasure\EdgeWidthMeasure\imageBaseOP.h(1,1): warning C4828: 文件包含在偏移 0x715 处开始的字符，该字符在当前源字符集中无效(代码页 65001)。
  (编译源文件“locate.cpp”)
  
G:\QMacVisual(CV3)(25000)\QMacVisual(CV3)2022.9.21(25000)\QMacVisual(CV3)\QPlugins\GeometryMeasure\EdgeWidthMeasure\imageBaseOP.h(1,1): warning C4828: 文件包含在偏移 0x719 处开始的字符，该字符在当前源字符集中无效(代码页 65001)。
  (编译源文件“locate.cpp”)
  
G:\QMacVisual(CV3)(25000)\QMacVisual(CV3)2022.9.21(25000)\QMacVisual(CV3)\QPlugins\GeometryMeasure\EdgeWidthMeasure\imageBaseOP.h(1,1): warning C4828: 文件包含在偏移 0x71b 处开始的字符，该字符在当前源字符集中无效(代码页 65001)。
  (编译源文件“locate.cpp”)
  
G:\QMacVisual(CV3)(25000)\QMacVisual(CV3)2022.9.21(25000)\QMacVisual(CV3)\QPlugins\GeometryMeasure\EdgeWidthMeasure\imageBaseOP.h(1,1): warning C4828: 文件包含在偏移 0x71f 处开始的字符，该字符在当前源字符集中无效(代码页 65001)。
  (编译源文件“locate.cpp”)
  
G:\QMacVisual(CV3)(25000)\QMacVisual(CV3)2022.9.21(25000)\QMacVisual(CV3)\QPlugins\GeometryMeasure\EdgeWidthMeasure\imageBaseOP.h(1,1): warning C4828: 文件包含在偏移 0x720 处开始的字符，该字符在当前源字符集中无效(代码页 65001)。
  (编译源文件“locate.cpp”)
  
G:\QMacVisual(CV3)(25000)\QMacVisual(CV3)2022.9.21(25000)\QMacVisual(CV3)\QPlugins\GeometryMeasure\EdgeWidthMeasure\imageBaseOP.h(1,1): warning C4828: 文件包含在偏移 0x722 处开始的字符，该字符在当前源字符集中无效(代码页 65001)。
  (编译源文件“locate.cpp”)
  
G:\QMacVisual(CV3)(25000)\QMacVisual(CV3)2022.9.21(25000)\QMacVisual(CV3)\QPlugins\GeometryMeasure\EdgeWidthMeasure\imageBaseOP.h(1,1): warning C4828: 文件包含在偏移 0x728 处开始的字符，该字符在当前源字符集中无效(代码页 65001)。
  (编译源文件“locate.cpp”)
  
G:\QMacVisual(CV3)(25000)\QMacVisual(CV3)2022.9.21(25000)\QMacVisual(CV3)\QPlugins\GeometryMeasure\EdgeWidthMeasure\imageBaseOP.h(1,1): warning C4828: 文件包含在偏移 0x729 处开始的字符，该字符在当前源字符集中无效(代码页 65001)。
  (编译源文件“locate.cpp”)
  
G:\QMacVisual(CV3)(25000)\QMacVisual(CV3)2022.9.21(25000)\QMacVisual(CV3)\QPlugins\GeometryMeasure\EdgeWidthMeasure\imageBaseOP.h(1,1): warning C4828: 文件包含在偏移 0x72a 处开始的字符，该字符在当前源字符集中无效(代码页 65001)。
  (编译源文件“locate.cpp”)
  
G:\QMacVisual(CV3)(25000)\QMacVisual(CV3)2022.9.21(25000)\QMacVisual(CV3)\QPlugins\GeometryMeasure\EdgeWidthMeasure\imageBaseOP.h(1,1): warning C4828: 文件包含在偏移 0x72c 处开始的字符，该字符在当前源字符集中无效(代码页 65001)。
  (编译源文件“locate.cpp”)
  
G:\QMacVisual(CV3)(25000)\QMacVisual(CV3)2022.9.21(25000)\QMacVisual(CV3)\QPlugins\GeometryMeasure\EdgeWidthMeasure\imageBaseOP.h(1,1): warning C4828: 文件包含在偏移 0x72e 处开始的字符，该字符在当前源字符集中无效(代码页 65001)。
  (编译源文件“locate.cpp”)
  
G:\QMacVisual(CV3)(25000)\QMacVisual(CV3)2022.9.21(25000)\QMacVisual(CV3)\QPlugins\GeometryMeasure\EdgeWidthMeasure\imageBaseOP.h(1,1): warning C4828: 文件包含在偏移 0x72f 处开始的字符，该字符在当前源字符集中无效(代码页 65001)。
  (编译源文件“locate.cpp”)
  
G:\QMacVisual(CV3)(25000)\QMacVisual(CV3)2022.9.21(25000)\QMacVisual(CV3)\QPlugins\GeometryMeasure\EdgeWidthMeasure\imageBaseOP.h(1,1): warning C4828: 文件包含在偏移 0x790 处开始的字符，该字符在当前源字符集中无效(代码页 65001)。
  (编译源文件“locate.cpp”)
  
G:\QMacVisual(CV3)(25000)\QMacVisual(CV3)2022.9.21(25000)\QMacVisual(CV3)\QPlugins\GeometryMeasure\EdgeWidthMeasure\imageBaseOP.h(1,1): warning C4828: 文件包含在偏移 0x792 处开始的字符，该字符在当前源字符集中无效(代码页 65001)。
  (编译源文件“locate.cpp”)
  
G:\QMacVisual(CV3)(25000)\QMacVisual(CV3)2022.9.21(25000)\QMacVisual(CV3)\QPlugins\GeometryMeasure\EdgeWidthMeasure\locate.cpp(80,19): warning C4804: “<=”: 在操作中使用类型“bool”不安全
G:\QMacVisual(CV3)(25000)\QMacVisual(CV3)2022.9.21(25000)\QMacVisual(CV3)\QPlugins\GeometryMeasure\EdgeWidthMeasure\locate.cpp(83,31): warning C4804: “<=”: 在操作中使用类型“bool”不安全
G:\QMacVisual(CV3)(25000)\QMacVisual(CV3)2022.9.21(25000)\QMacVisual(CV3)\QPlugins\GeometryMeasure\EdgeWidthMeasure\locate.cpp(86,32): warning C4804: “<=”: 在操作中使用类型“bool”不安全
G:\QMacVisual(CV3)(25000)\QMacVisual(CV3)2022.9.21(25000)\QMacVisual(CV3)\QPlugins\GeometryMeasure\EdgeWidthMeasure\locate.cpp(89,32): warning C4804: “<”: 在操作中使用类型“bool”不安全
G:\QMacVisual(CV3)(25000)\QMacVisual(CV3)2022.9.21(25000)\QMacVisual(CV3)\QPlugins\GeometryMeasure\EdgeWidthMeasure\locate.h(1,1): warning C4828: 文件包含在偏移 0x94 处开始的字符，该字符在当前源字符集中无效(代码页 65001)。
  (编译源文件“autoMeasure/service/MeasureA4Service.cpp”)
  
G:\QMacVisual(CV3)(25000)\QMacVisual(CV3)2022.9.21(25000)\QMacVisual(CV3)\QPlugins\GeometryMeasure\EdgeWidthMeasure\locate.h(1,1): warning C4828: 文件包含在偏移 0x96 处开始的字符，该字符在当前源字符集中无效(代码页 65001)。
  (编译源文件“autoMeasure/service/MeasureA4Service.cpp”)
  
G:\QMacVisual(CV3)(25000)\QMacVisual(CV3)2022.9.21(25000)\QMacVisual(CV3)\QPlugins\GeometryMeasure\EdgeWidthMeasure\locate.h(1,1): warning C4828: 文件包含在偏移 0x97 处开始的字符，该字符在当前源字符集中无效(代码页 65001)。
  (编译源文件“autoMeasure/service/MeasureA4Service.cpp”)
  
G:\QMacVisual(CV3)(25000)\QMacVisual(CV3)2022.9.21(25000)\QMacVisual(CV3)\QPlugins\GeometryMeasure\EdgeWidthMeasure\locate.h(1,1): warning C4828: 文件包含在偏移 0x12b 处开始的字符，该字符在当前源字符集中无效(代码页 65001)。
  (编译源文件“autoMeasure/service/MeasureA4Service.cpp”)
  
G:\QMacVisual(CV3)(25000)\QMacVisual(CV3)2022.9.21(25000)\QMacVisual(CV3)\QPlugins\GeometryMeasure\EdgeWidthMeasure\locate.h(1,1): warning C4828: 文件包含在偏移 0x12d 处开始的字符，该字符在当前源字符集中无效(代码页 65001)。
  (编译源文件“autoMeasure/service/MeasureA4Service.cpp”)
  
G:\QMacVisual(CV3)(25000)\QMacVisual(CV3)2022.9.21(25000)\QMacVisual(CV3)\QPlugins\GeometryMeasure\EdgeWidthMeasure\locate.h(1,1): warning C4828: 文件包含在偏移 0x12e 处开始的字符，该字符在当前源字符集中无效(代码页 65001)。
  (编译源文件“autoMeasure/service/MeasureA4Service.cpp”)
  
G:\QMacVisual(CV3)(25000)\QMacVisual(CV3)2022.9.21(25000)\QMacVisual(CV3)\QPlugins\GeometryMeasure\EdgeWidthMeasure\locate.h(1,1): warning C4828: 文件包含在偏移 0x134 处开始的字符，该字符在当前源字符集中无效(代码页 65001)。
  (编译源文件“autoMeasure/service/MeasureA4Service.cpp”)
  
G:\QMacVisual(CV3)(25000)\QMacVisual(CV3)2022.9.21(25000)\QMacVisual(CV3)\QPlugins\GeometryMeasure\EdgeWidthMeasure\locate.h(1,1): warning C4828: 文件包含在偏移 0x139 处开始的字符，该字符在当前源字符集中无效(代码页 65001)。
  (编译源文件“autoMeasure/service/MeasureA4Service.cpp”)
  
G:\QMacVisual(CV3)(25000)\QMacVisual(CV3)2022.9.21(25000)\QMacVisual(CV3)\QPlugins\GeometryMeasure\EdgeWidthMeasure\locate.h(1,1): warning C4828: 文件包含在偏移 0x13b 处开始的字符，该字符在当前源字符集中无效(代码页 65001)。
  (编译源文件“autoMeasure/service/MeasureA4Service.cpp”)
  
G:\QMacVisual(CV3)(25000)\QMacVisual(CV3)2022.9.21(25000)\QMacVisual(CV3)\QPlugins\GeometryMeasure\EdgeWidthMeasure\locate.h(1,1): warning C4828: 文件包含在偏移 0x13d 处开始的字符，该字符在当前源字符集中无效(代码页 65001)。
  (编译源文件“autoMeasure/service/MeasureA4Service.cpp”)
  
G:\QMacVisual(CV3)(25000)\QMacVisual(CV3)2022.9.21(25000)\QMacVisual(CV3)\QPlugins\GeometryMeasure\EdgeWidthMeasure\locate.h(1,1): warning C4828: 文件包含在偏移 0x13e 处开始的字符，该字符在当前源字符集中无效(代码页 65001)。
  (编译源文件“autoMeasure/service/MeasureA4Service.cpp”)
  
G:\QMacVisual(CV3)(25000)\QMacVisual(CV3)2022.9.21(25000)\QMacVisual(CV3)\QPlugins\GeometryMeasure\EdgeWidthMeasure\locate.h(1,1): warning C4828: 文件包含在偏移 0x140 处开始的字符，该字符在当前源字符集中无效(代码页 65001)。
  (编译源文件“autoMeasure/service/MeasureA4Service.cpp”)
  
G:\QMacVisual(CV3)(25000)\QMacVisual(CV3)2022.9.21(25000)\QMacVisual(CV3)\QPlugins\GeometryMeasure\EdgeWidthMeasure\locate.h(1,1): warning C4828: 文件包含在偏移 0x141 处开始的字符，该字符在当前源字符集中无效(代码页 65001)。
  (编译源文件“autoMeasure/service/MeasureA4Service.cpp”)
  
G:\QMacVisual(CV3)(25000)\QMacVisual(CV3)2022.9.21(25000)\QMacVisual(CV3)\QPlugins\GeometryMeasure\EdgeWidthMeasure\locate.h(1,1): warning C4828: 文件包含在偏移 0x142 处开始的字符，该字符在当前源字符集中无效(代码页 65001)。
  (编译源文件“autoMeasure/service/MeasureA4Service.cpp”)
  
G:\QMacVisual(CV3)(25000)\QMacVisual(CV3)2022.9.21(25000)\QMacVisual(CV3)\QPlugins\GeometryMeasure\EdgeWidthMeasure\locate.h(1,1): warning C4828: 文件包含在偏移 0x14b 处开始的字符，该字符在当前源字符集中无效(代码页 65001)。
  (编译源文件“autoMeasure/service/MeasureA4Service.cpp”)
  
G:\QMacVisual(CV3)(25000)\QMacVisual(CV3)2022.9.21(25000)\QMacVisual(CV3)\QPlugins\GeometryMeasure\EdgeWidthMeasure\locate.h(1,1): warning C4828: 文件包含在偏移 0x14d 处开始的字符，该字符在当前源字符集中无效(代码页 65001)。
  (编译源文件“autoMeasure/service/MeasureA4Service.cpp”)
  
G:\QMacVisual(CV3)(25000)\QMacVisual(CV3)2022.9.21(25000)\QMacVisual(CV3)\QPlugins\GeometryMeasure\EdgeWidthMeasure\locate.h(1,1): warning C4828: 文件包含在偏移 0x14f 处开始的字符，该字符在当前源字符集中无效(代码页 65001)。
  (编译源文件“autoMeasure/service/MeasureA4Service.cpp”)
  
G:\QMacVisual(CV3)(25000)\QMacVisual(CV3)2022.9.21(25000)\QMacVisual(CV3)\QPlugins\GeometryMeasure\EdgeWidthMeasure\locate.h(1,1): warning C4828: 文件包含在偏移 0x16a 处开始的字符，该字符在当前源字符集中无效(代码页 65001)。
  (编译源文件“autoMeasure/service/MeasureA4Service.cpp”)
  
G:\QMacVisual(CV3)(25000)\QMacVisual(CV3)2022.9.21(25000)\QMacVisual(CV3)\QPlugins\GeometryMeasure\EdgeWidthMeasure\locate.h(1,1): warning C4828: 文件包含在偏移 0x16b 处开始的字符，该字符在当前源字符集中无效(代码页 65001)。
  (编译源文件“autoMeasure/service/MeasureA4Service.cpp”)
  
G:\QMacVisual(CV3)(25000)\QMacVisual(CV3)2022.9.21(25000)\QMacVisual(CV3)\QPlugins\GeometryMeasure\EdgeWidthMeasure\locate.h(1,1): warning C4828: 文件包含在偏移 0x16c 处开始的字符，该字符在当前源字符集中无效(代码页 65001)。
  (编译源文件“autoMeasure/service/MeasureA4Service.cpp”)
  
G:\QMacVisual(CV3)(25000)\QMacVisual(CV3)2022.9.21(25000)\QMacVisual(CV3)\QPlugins\GeometryMeasure\EdgeWidthMeasure\locate.h(1,1): warning C4828: 文件包含在偏移 0x16d 处开始的字符，该字符在当前源字符集中无效(代码页 65001)。
  (编译源文件“autoMeasure/service/MeasureA4Service.cpp”)
  
G:\QMacVisual(CV3)(25000)\QMacVisual(CV3)2022.9.21(25000)\QMacVisual(CV3)\QPlugins\GeometryMeasure\EdgeWidthMeasure\locate.h(1,1): warning C4828: 文件包含在偏移 0x16e 处开始的字符，该字符在当前源字符集中无效(代码页 65001)。
  (编译源文件“autoMeasure/service/MeasureA4Service.cpp”)
  
G:\QMacVisual(CV3)(25000)\QMacVisual(CV3)2022.9.21(25000)\QMacVisual(CV3)\QPlugins\GeometryMeasure\EdgeWidthMeasure\locate.h(1,1): warning C4828: 文件包含在偏移 0x16f 处开始的字符，该字符在当前源字符集中无效(代码页 65001)。
  (编译源文件“autoMeasure/service/MeasureA4Service.cpp”)
  
G:\QMacVisual(CV3)(25000)\QMacVisual(CV3)2022.9.21(25000)\QMacVisual(CV3)\QPlugins\GeometryMeasure\EdgeWidthMeasure\locate.h(1,1): warning C4828: 文件包含在偏移 0x171 处开始的字符，该字符在当前源字符集中无效(代码页 65001)。
  (编译源文件“autoMeasure/service/MeasureA4Service.cpp”)
  
G:\QMacVisual(CV3)(25000)\QMacVisual(CV3)2022.9.21(25000)\QMacVisual(CV3)\QPlugins\GeometryMeasure\EdgeWidthMeasure\locate.h(1,1): warning C4828: 文件包含在偏移 0x184 处开始的字符，该字符在当前源字符集中无效(代码页 65001)。
  (编译源文件“autoMeasure/service/MeasureA4Service.cpp”)
  
G:\QMacVisual(CV3)(25000)\QMacVisual(CV3)2022.9.21(25000)\QMacVisual(CV3)\QPlugins\GeometryMeasure\EdgeWidthMeasure\locate.h(1,1): warning C4828: 文件包含在偏移 0x186 处开始的字符，该字符在当前源字符集中无效(代码页 65001)。
  (编译源文件“autoMeasure/service/MeasureA4Service.cpp”)
  
G:\QMacVisual(CV3)(25000)\QMacVisual(CV3)2022.9.21(25000)\QMacVisual(CV3)\QPlugins\GeometryMeasure\EdgeWidthMeasure\locate.h(1,1): warning C4828: 文件包含在偏移 0x189 处开始的字符，该字符在当前源字符集中无效(代码页 65001)。
  (编译源文件“autoMeasure/service/MeasureA4Service.cpp”)
  
G:\QMacVisual(CV3)(25000)\QMacVisual(CV3)2022.9.21(25000)\QMacVisual(CV3)\QPlugins\GeometryMeasure\EdgeWidthMeasure\locate.h(1,1): warning C4828: 文件包含在偏移 0x18b 处开始的字符，该字符在当前源字符集中无效(代码页 65001)。
  (编译源文件“autoMeasure/service/MeasureA4Service.cpp”)
  
G:\QMacVisual(CV3)(25000)\QMacVisual(CV3)2022.9.21(25000)\QMacVisual(CV3)\QPlugins\GeometryMeasure\EdgeWidthMeasure\locate.h(1,1): warning C4828: 文件包含在偏移 0x18c 处开始的字符，该字符在当前源字符集中无效(代码页 65001)。
  (编译源文件“autoMeasure/service/MeasureA4Service.cpp”)
  
G:\QMacVisual(CV3)(25000)\QMacVisual(CV3)2022.9.21(25000)\QMacVisual(CV3)\QPlugins\GeometryMeasure\EdgeWidthMeasure\locate.h(1,1): warning C4828: 文件包含在偏移 0x190 处开始的字符，该字符在当前源字符集中无效(代码页 65001)。
  (编译源文件“autoMeasure/service/MeasureA4Service.cpp”)
  
G:\QMacVisual(CV3)(25000)\QMacVisual(CV3)2022.9.21(25000)\QMacVisual(CV3)\QPlugins\GeometryMeasure\EdgeWidthMeasure\locate.h(1,1): warning C4828: 文件包含在偏移 0x191 处开始的字符，该字符在当前源字符集中无效(代码页 65001)。
  (编译源文件“autoMeasure/service/MeasureA4Service.cpp”)
  
G:\QMacVisual(CV3)(25000)\QMacVisual(CV3)2022.9.21(25000)\QMacVisual(CV3)\QPlugins\GeometryMeasure\EdgeWidthMeasure\locate.h(1,1): warning C4828: 文件包含在偏移 0x194 处开始的字符，该字符在当前源字符集中无效(代码页 65001)。
  (编译源文件“autoMeasure/service/MeasureA4Service.cpp”)
  
G:\QMacVisual(CV3)(25000)\QMacVisual(CV3)2022.9.21(25000)\QMacVisual(CV3)\QPlugins\GeometryMeasure\EdgeWidthMeasure\locate.h(1,1): warning C4828: 文件包含在偏移 0x195 处开始的字符，该字符在当前源字符集中无效(代码页 65001)。
  (编译源文件“autoMeasure/service/MeasureA4Service.cpp”)
  
G:\QMacVisual(CV3)(25000)\QMacVisual(CV3)2022.9.21(25000)\QMacVisual(CV3)\QPlugins\GeometryMeasure\EdgeWidthMeasure\locate.h(1,1): warning C4828: 文件包含在偏移 0x19b 处开始的字符，该字符在当前源字符集中无效(代码页 65001)。
  (编译源文件“autoMeasure/service/MeasureA4Service.cpp”)
  
G:\QMacVisual(CV3)(25000)\QMacVisual(CV3)2022.9.21(25000)\QMacVisual(CV3)\QPlugins\GeometryMeasure\EdgeWidthMeasure\locate.h(1,1): warning C4828: 文件包含在偏移 0x19f 处开始的字符，该字符在当前源字符集中无效(代码页 65001)。
  (编译源文件“autoMeasure/service/MeasureA4Service.cpp”)
  
G:\QMacVisual(CV3)(25000)\QMacVisual(CV3)2022.9.21(25000)\QMacVisual(CV3)\QPlugins\GeometryMeasure\EdgeWidthMeasure\locate.h(1,1): warning C4828: 文件包含在偏移 0x1a0 处开始的字符，该字符在当前源字符集中无效(代码页 65001)。
  (编译源文件“autoMeasure/service/MeasureA4Service.cpp”)
  
G:\QMacVisual(CV3)(25000)\QMacVisual(CV3)2022.9.21(25000)\QMacVisual(CV3)\QPlugins\GeometryMeasure\EdgeWidthMeasure\locate.h(1,1): warning C4828: 文件包含在偏移 0x1a1 处开始的字符，该字符在当前源字符集中无效(代码页 65001)。
  (编译源文件“autoMeasure/service/MeasureA4Service.cpp”)
  
G:\QMacVisual(CV3)(25000)\QMacVisual(CV3)2022.9.21(25000)\QMacVisual(CV3)\QPlugins\GeometryMeasure\EdgeWidthMeasure\locate.h(1,1): warning C4828: 文件包含在偏移 0x1a2 处开始的字符，该字符在当前源字符集中无效(代码页 65001)。
  (编译源文件“autoMeasure/service/MeasureA4Service.cpp”)
  
G:\QMacVisual(CV3)(25000)\QMacVisual(CV3)2022.9.21(25000)\QMacVisual(CV3)\QPlugins\GeometryMeasure\EdgeWidthMeasure\locate.h(1,1): warning C4828: 文件包含在偏移 0x1a3 处开始的字符，该字符在当前源字符集中无效(代码页 65001)。
  (编译源文件“autoMeasure/service/MeasureA4Service.cpp”)
  
G:\QMacVisual(CV3)(25000)\QMacVisual(CV3)2022.9.21(25000)\QMacVisual(CV3)\QPlugins\GeometryMeasure\EdgeWidthMeasure\locate.h(1,1): warning C4828: 文件包含在偏移 0x1a5 处开始的字符，该字符在当前源字符集中无效(代码页 65001)。
  (编译源文件“autoMeasure/service/MeasureA4Service.cpp”)
  
G:\QMacVisual(CV3)(25000)\QMacVisual(CV3)2022.9.21(25000)\QMacVisual(CV3)\QPlugins\GeometryMeasure\EdgeWidthMeasure\locate.h(1,1): warning C4828: 文件包含在偏移 0x1a7 处开始的字符，该字符在当前源字符集中无效(代码页 65001)。
  (编译源文件“autoMeasure/service/MeasureA4Service.cpp”)
  
G:\QMacVisual(CV3)(25000)\QMacVisual(CV3)2022.9.21(25000)\QMacVisual(CV3)\QPlugins\GeometryMeasure\EdgeWidthMeasure\locate.h(1,1): warning C4828: 文件包含在偏移 0x1a9 处开始的字符，该字符在当前源字符集中无效(代码页 65001)。
  (编译源文件“autoMeasure/service/MeasureA4Service.cpp”)
  
G:\QMacVisual(CV3)(25000)\QMacVisual(CV3)2022.9.21(25000)\QMacVisual(CV3)\QPlugins\GeometryMeasure\EdgeWidthMeasure\locate.h(1,1): warning C4828: 文件包含在偏移 0x1aa 处开始的字符，该字符在当前源字符集中无效(代码页 65001)。
  (编译源文件“autoMeasure/service/MeasureA4Service.cpp”)
  
G:\QMacVisual(CV3)(25000)\QMacVisual(CV3)2022.9.21(25000)\QMacVisual(CV3)\QPlugins\GeometryMeasure\EdgeWidthMeasure\locate.h(1,1): warning C4828: 文件包含在偏移 0x1af 处开始的字符，该字符在当前源字符集中无效(代码页 65001)。
  (编译源文件“autoMeasure/service/MeasureA4Service.cpp”)
  
G:\QMacVisual(CV3)(25000)\QMacVisual(CV3)2022.9.21(25000)\QMacVisual(CV3)\QPlugins\GeometryMeasure\EdgeWidthMeasure\locate.h(1,1): warning C4828: 文件包含在偏移 0x1b0 处开始的字符，该字符在当前源字符集中无效(代码页 65001)。
  (编译源文件“autoMeasure/service/MeasureA4Service.cpp”)
  
G:\QMacVisual(CV3)(25000)\QMacVisual(CV3)2022.9.21(25000)\QMacVisual(CV3)\QPlugins\GeometryMeasure\EdgeWidthMeasure\locate.h(1,1): warning C4828: 文件包含在偏移 0x1b5 处开始的字符，该字符在当前源字符集中无效(代码页 65001)。
  (编译源文件“autoMeasure/service/MeasureA4Service.cpp”)
  
G:\QMacVisual(CV3)(25000)\QMacVisual(CV3)2022.9.21(25000)\QMacVisual(CV3)\QPlugins\GeometryMeasure\EdgeWidthMeasure\locate.h(1,1): warning C4828: 文件包含在偏移 0x1b7 处开始的字符，该字符在当前源字符集中无效(代码页 65001)。
  (编译源文件“autoMeasure/service/MeasureA4Service.cpp”)
  
G:\QMacVisual(CV3)(25000)\QMacVisual(CV3)2022.9.21(25000)\QMacVisual(CV3)\QPlugins\GeometryMeasure\EdgeWidthMeasure\locate.h(1,1): warning C4828: 文件包含在偏移 0x1ca 处开始的字符，该字符在当前源字符集中无效(代码页 65001)。
  (编译源文件“autoMeasure/service/MeasureA4Service.cpp”)
  
G:\QMacVisual(CV3)(25000)\QMacVisual(CV3)2022.9.21(25000)\QMacVisual(CV3)\QPlugins\GeometryMeasure\EdgeWidthMeasure\locate.h(1,1): warning C4828: 文件包含在偏移 0x1cb 处开始的字符，该字符在当前源字符集中无效(代码页 65001)。
  (编译源文件“autoMeasure/service/MeasureA4Service.cpp”)
  
G:\QMacVisual(CV3)(25000)\QMacVisual(CV3)2022.9.21(25000)\QMacVisual(CV3)\QPlugins\GeometryMeasure\EdgeWidthMeasure\locate.h(1,1): warning C4828: 文件包含在偏移 0x1f6 处开始的字符，该字符在当前源字符集中无效(代码页 65001)。
  (编译源文件“autoMeasure/service/MeasureA4Service.cpp”)
  
G:\QMacVisual(CV3)(25000)\QMacVisual(CV3)2022.9.21(25000)\QMacVisual(CV3)\QPlugins\GeometryMeasure\EdgeWidthMeasure\locate.h(1,1): warning C4828: 文件包含在偏移 0x1f7 处开始的字符，该字符在当前源字符集中无效(代码页 65001)。
  (编译源文件“autoMeasure/service/MeasureA4Service.cpp”)
  
G:\QMacVisual(CV3)(25000)\QMacVisual(CV3)2022.9.21(25000)\QMacVisual(CV3)\QPlugins\GeometryMeasure\EdgeWidthMeasure\locate.h(1,1): warning C4828: 文件包含在偏移 0x210 处开始的字符，该字符在当前源字符集中无效(代码页 65001)。
  (编译源文件“autoMeasure/service/MeasureA4Service.cpp”)
  
G:\QMacVisual(CV3)(25000)\QMacVisual(CV3)2022.9.21(25000)\QMacVisual(CV3)\QPlugins\GeometryMeasure\EdgeWidthMeasure\locate.h(1,1): warning C4828: 文件包含在偏移 0x212 处开始的字符，该字符在当前源字符集中无效(代码页 65001)。
  (编译源文件“autoMeasure/service/MeasureA4Service.cpp”)
  
G:\QMacVisual(CV3)(25000)\QMacVisual(CV3)2022.9.21(25000)\QMacVisual(CV3)\QPlugins\GeometryMeasure\EdgeWidthMeasure\locate.h(1,1): warning C4828: 文件包含在偏移 0x215 处开始的字符，该字符在当前源字符集中无效(代码页 65001)。
  (编译源文件“autoMeasure/service/MeasureA4Service.cpp”)
  
G:\QMacVisual(CV3)(25000)\QMacVisual(CV3)2022.9.21(25000)\QMacVisual(CV3)\QPlugins\GeometryMeasure\EdgeWidthMeasure\locate.h(1,1): warning C4828: 文件包含在偏移 0x217 处开始的字符，该字符在当前源字符集中无效(代码页 65001)。
  (编译源文件“autoMeasure/service/MeasureA4Service.cpp”)
  
G:\QMacVisual(CV3)(25000)\QMacVisual(CV3)2022.9.21(25000)\QMacVisual(CV3)\QPlugins\GeometryMeasure\EdgeWidthMeasure\locate.h(1,1): warning C4828: 文件包含在偏移 0x218 处开始的字符，该字符在当前源字符集中无效(代码页 65001)。
  (编译源文件“autoMeasure/service/MeasureA4Service.cpp”)
  
G:\QMacVisual(CV3)(25000)\QMacVisual(CV3)2022.9.21(25000)\QMacVisual(CV3)\QPlugins\GeometryMeasure\EdgeWidthMeasure\locate.h(1,1): warning C4828: 文件包含在偏移 0x21c 处开始的字符，该字符在当前源字符集中无效(代码页 65001)。
  (编译源文件“autoMeasure/service/MeasureA4Service.cpp”)
  
G:\QMacVisual(CV3)(25000)\QMacVisual(CV3)2022.9.21(25000)\QMacVisual(CV3)\QPlugins\GeometryMeasure\EdgeWidthMeasure\locate.h(1,1): warning C4828: 文件包含在偏移 0x21e 处开始的字符，该字符在当前源字符集中无效(代码页 65001)。
  (编译源文件“autoMeasure/service/MeasureA4Service.cpp”)
  
G:\QMacVisual(CV3)(25000)\QMacVisual(CV3)2022.9.21(25000)\QMacVisual(CV3)\QPlugins\GeometryMeasure\EdgeWidthMeasure\locate.h(1,1): warning C4828: 文件包含在偏移 0x21f 处开始的字符，该字符在当前源字符集中无效(代码页 65001)。
  (编译源文件“autoMeasure/service/MeasureA4Service.cpp”)
  
G:\QMacVisual(CV3)(25000)\QMacVisual(CV3)2022.9.21(25000)\QMacVisual(CV3)\QPlugins\GeometryMeasure\EdgeWidthMeasure\locate.h(1,1): warning C4828: 文件包含在偏移 0x221 处开始的字符，该字符在当前源字符集中无效(代码页 65001)。
  (编译源文件“autoMeasure/service/MeasureA4Service.cpp”)
  
G:\QMacVisual(CV3)(25000)\QMacVisual(CV3)2022.9.21(25000)\QMacVisual(CV3)\QPlugins\GeometryMeasure\EdgeWidthMeasure\locate.h(1,1): warning C4828: 文件包含在偏移 0x224 处开始的字符，该字符在当前源字符集中无效(代码页 65001)。
  (编译源文件“autoMeasure/service/MeasureA4Service.cpp”)
  
G:\QMacVisual(CV3)(25000)\QMacVisual(CV3)2022.9.21(25000)\QMacVisual(CV3)\QPlugins\GeometryMeasure\EdgeWidthMeasure\locate.h(1,1): warning C4828: 文件包含在偏移 0x225 处开始的字符，该字符在当前源字符集中无效(代码页 65001)。
  (编译源文件“autoMeasure/service/MeasureA4Service.cpp”)
  
G:\QMacVisual(CV3)(25000)\QMacVisual(CV3)2022.9.21(25000)\QMacVisual(CV3)\QPlugins\GeometryMeasure\EdgeWidthMeasure\locate.h(1,1): warning C4828: 文件包含在偏移 0x241 处开始的字符，该字符在当前源字符集中无效(代码页 65001)。
  (编译源文件“autoMeasure/service/MeasureA4Service.cpp”)
  
G:\QMacVisual(CV3)(25000)\QMacVisual(CV3)2022.9.21(25000)\QMacVisual(CV3)\QPlugins\GeometryMeasure\EdgeWidthMeasure\locate.h(1,1): warning C4828: 文件包含在偏移 0x242 处开始的字符，该字符在当前源字符集中无效(代码页 65001)。
  (编译源文件“autoMeasure/service/MeasureA4Service.cpp”)
  
G:\QMacVisual(CV3)(25000)\QMacVisual(CV3)2022.9.21(25000)\QMacVisual(CV3)\QPlugins\GeometryMeasure\EdgeWidthMeasure\locate.h(1,1): warning C4828: 文件包含在偏移 0x243 处开始的字符，该字符在当前源字符集中无效(代码页 65001)。
  (编译源文件“autoMeasure/service/MeasureA4Service.cpp”)
  
G:\QMacVisual(CV3)(25000)\QMacVisual(CV3)2022.9.21(25000)\QMacVisual(CV3)\QPlugins\GeometryMeasure\EdgeWidthMeasure\locate.h(1,1): warning C4828: 文件包含在偏移 0x245 处开始的字符，该字符在当前源字符集中无效(代码页 65001)。
  (编译源文件“autoMeasure/service/MeasureA4Service.cpp”)
  
G:\QMacVisual(CV3)(25000)\QMacVisual(CV3)2022.9.21(25000)\QMacVisual(CV3)\QPlugins\GeometryMeasure\EdgeWidthMeasure\locate.h(1,1): warning C4828: 文件包含在偏移 0x246 处开始的字符，该字符在当前源字符集中无效(代码页 65001)。
  (编译源文件“autoMeasure/service/MeasureA4Service.cpp”)
  
G:\QMacVisual(CV3)(25000)\QMacVisual(CV3)2022.9.21(25000)\QMacVisual(CV3)\QPlugins\GeometryMeasure\EdgeWidthMeasure\locate.h(1,1): warning C4828: 文件包含在偏移 0x247 处开始的字符，该字符在当前源字符集中无效(代码页 65001)。
  (编译源文件“autoMeasure/service/MeasureA4Service.cpp”)
  
G:\QMacVisual(CV3)(25000)\QMacVisual(CV3)2022.9.21(25000)\QMacVisual(CV3)\QPlugins\GeometryMeasure\EdgeWidthMeasure\locate.h(1,1): warning C4828: 文件包含在偏移 0x249 处开始的字符，该字符在当前源字符集中无效(代码页 65001)。
  (编译源文件“autoMeasure/service/MeasureA4Service.cpp”)
  
G:\QMacVisual(CV3)(25000)\QMacVisual(CV3)2022.9.21(25000)\QMacVisual(CV3)\QPlugins\GeometryMeasure\EdgeWidthMeasure\locate.h(1,1): warning C4828: 文件包含在偏移 0x24b 处开始的字符，该字符在当前源字符集中无效(代码页 65001)。
  (编译源文件“autoMeasure/service/MeasureA4Service.cpp”)
  
G:\QMacVisual(CV3)(25000)\QMacVisual(CV3)2022.9.21(25000)\QMacVisual(CV3)\QPlugins\GeometryMeasure\EdgeWidthMeasure\locate.h(1,1): warning C4828: 文件包含在偏移 0x24c 处开始的字符，该字符在当前源字符集中无效(代码页 65001)。
  (编译源文件“autoMeasure/service/MeasureA4Service.cpp”)
  
G:\QMacVisual(CV3)(25000)\QMacVisual(CV3)2022.9.21(25000)\QMacVisual(CV3)\QPlugins\GeometryMeasure\EdgeWidthMeasure\locate.h(1,1): warning C4828: 文件包含在偏移 0x24d 处开始的字符，该字符在当前源字符集中无效(代码页 65001)。
  (编译源文件“autoMeasure/service/MeasureA4Service.cpp”)
  
G:\QMacVisual(CV3)(25000)\QMacVisual(CV3)2022.9.21(25000)\QMacVisual(CV3)\QPlugins\GeometryMeasure\EdgeWidthMeasure\locate.h(1,1): warning C4828: 文件包含在偏移 0x24e 处开始的字符，该字符在当前源字符集中无效(代码页 65001)。
  (编译源文件“autoMeasure/service/MeasureA4Service.cpp”)
  
G:\QMacVisual(CV3)(25000)\QMacVisual(CV3)2022.9.21(25000)\QMacVisual(CV3)\QPlugins\GeometryMeasure\EdgeWidthMeasure\locate.h(1,1): warning C4828: 文件包含在偏移 0x24f 处开始的字符，该字符在当前源字符集中无效(代码页 65001)。
  (编译源文件“autoMeasure/service/MeasureA4Service.cpp”)
  
G:\QMacVisual(CV3)(25000)\QMacVisual(CV3)2022.9.21(25000)\QMacVisual(CV3)\QPlugins\GeometryMeasure\EdgeWidthMeasure\locate.h(1,1): warning C4828: 文件包含在偏移 0x251 处开始的字符，该字符在当前源字符集中无效(代码页 65001)。
  (编译源文件“autoMeasure/service/MeasureA4Service.cpp”)
  
G:\QMacVisual(CV3)(25000)\QMacVisual(CV3)2022.9.21(25000)\QMacVisual(CV3)\QPlugins\GeometryMeasure\EdgeWidthMeasure\locate.h(1,1): warning C4828: 文件包含在偏移 0x255 处开始的字符，该字符在当前源字符集中无效(代码页 65001)。
  (编译源文件“autoMeasure/service/MeasureA4Service.cpp”)
  
G:\QMacVisual(CV3)(25000)\QMacVisual(CV3)2022.9.21(25000)\QMacVisual(CV3)\QPlugins\GeometryMeasure\EdgeWidthMeasure\locate.h(1,1): warning C4828: 文件包含在偏移 0x257 处开始的字符，该字符在当前源字符集中无效(代码页 65001)。
  (编译源文件“autoMeasure/service/MeasureA4Service.cpp”)
  
G:\QMacVisual(CV3)(25000)\QMacVisual(CV3)2022.9.21(25000)\QMacVisual(CV3)\QPlugins\GeometryMeasure\EdgeWidthMeasure\locate.h(1,1): warning C4828: 文件包含在偏移 0x259 处开始的字符，该字符在当前源字符集中无效(代码页 65001)。
  (编译源文件“autoMeasure/service/MeasureA4Service.cpp”)
  
G:\QMacVisual(CV3)(25000)\QMacVisual(CV3)2022.9.21(25000)\QMacVisual(CV3)\QPlugins\GeometryMeasure\EdgeWidthMeasure\locate.h(1,1): warning C4828: 文件包含在偏移 0x25a 处开始的字符，该字符在当前源字符集中无效(代码页 65001)。
  (编译源文件“autoMeasure/service/MeasureA4Service.cpp”)
  
G:\QMacVisual(CV3)(25000)\QMacVisual(CV3)2022.9.21(25000)\QMacVisual(CV3)\QPlugins\GeometryMeasure\EdgeWidthMeasure\locate.h(1,1): warning C4828: 文件包含在偏移 0x25c 处开始的字符，该字符在当前源字符集中无效(代码页 65001)。
  (编译源文件“autoMeasure/service/MeasureA4Service.cpp”)
  
G:\QMacVisual(CV3)(25000)\QMacVisual(CV3)2022.9.21(25000)\QMacVisual(CV3)\QPlugins\GeometryMeasure\EdgeWidthMeasure\locate.h(1,1): warning C4828: 文件包含在偏移 0x25d 处开始的字符，该字符在当前源字符集中无效(代码页 65001)。
  (编译源文件“autoMeasure/service/MeasureA4Service.cpp”)
  
G:\QMacVisual(CV3)(25000)\QMacVisual(CV3)2022.9.21(25000)\QMacVisual(CV3)\QPlugins\GeometryMeasure\EdgeWidthMeasure\locate.h(1,1): warning C4828: 文件包含在偏移 0x261 处开始的字符，该字符在当前源字符集中无效(代码页 65001)。
  (编译源文件“autoMeasure/service/MeasureA4Service.cpp”)
  
G:\QMacVisual(CV3)(25000)\QMacVisual(CV3)2022.9.21(25000)\QMacVisual(CV3)\QPlugins\GeometryMeasure\EdgeWidthMeasure\locate.h(1,1): warning C4828: 文件包含在偏移 0x265 处开始的字符，该字符在当前源字符集中无效(代码页 65001)。
  (编译源文件“autoMeasure/service/MeasureA4Service.cpp”)
  
G:\QMacVisual(CV3)(25000)\QMacVisual(CV3)2022.9.21(25000)\QMacVisual(CV3)\QPlugins\GeometryMeasure\EdgeWidthMeasure\locate.h(1,1): warning C4828: 文件包含在偏移 0x266 处开始的字符，该字符在当前源字符集中无效(代码页 65001)。
  (编译源文件“autoMeasure/service/MeasureA4Service.cpp”)
  
G:\QMacVisual(CV3)(25000)\QMacVisual(CV3)2022.9.21(25000)\QMacVisual(CV3)\QPlugins\GeometryMeasure\EdgeWidthMeasure\locate.h(1,1): warning C4828: 文件包含在偏移 0x267 处开始的字符，该字符在当前源字符集中无效(代码页 65001)。
  (编译源文件“autoMeasure/service/MeasureA4Service.cpp”)
  
G:\QMacVisual(CV3)(25000)\QMacVisual(CV3)2022.9.21(25000)\QMacVisual(CV3)\QPlugins\GeometryMeasure\EdgeWidthMeasure\locate.h(1,1): warning C4828: 文件包含在偏移 0x268 处开始的字符，该字符在当前源字符集中无效(代码页 65001)。
  (编译源文件“autoMeasure/service/MeasureA4Service.cpp”)
  
G:\QMacVisual(CV3)(25000)\QMacVisual(CV3)2022.9.21(25000)\QMacVisual(CV3)\QPlugins\GeometryMeasure\EdgeWidthMeasure\locate.h(1,1): warning C4828: 文件包含在偏移 0x26b 处开始的字符，该字符在当前源字符集中无效(代码页 65001)。
  (编译源文件“autoMeasure/service/MeasureA4Service.cpp”)
  
G:\QMacVisual(CV3)(25000)\QMacVisual(CV3)2022.9.21(25000)\QMacVisual(CV3)\QPlugins\GeometryMeasure\EdgeWidthMeasure\locate.h(1,1): warning C4828: 文件包含在偏移 0x26d 处开始的字符，该字符在当前源字符集中无效(代码页 65001)。
  (编译源文件“autoMeasure/service/MeasureA4Service.cpp”)
  
G:\QMacVisual(CV3)(25000)\QMacVisual(CV3)2022.9.21(25000)\QMacVisual(CV3)\QPlugins\GeometryMeasure\EdgeWidthMeasure\locate.h(1,1): warning C4828: 文件包含在偏移 0x26e 处开始的字符，该字符在当前源字符集中无效(代码页 65001)。
  (编译源文件“autoMeasure/service/MeasureA4Service.cpp”)
  
G:\QMacVisual(CV3)(25000)\QMacVisual(CV3)2022.9.21(25000)\QMacVisual(CV3)\QPlugins\GeometryMeasure\EdgeWidthMeasure\locate.h(1,1): warning C4828: 文件包含在偏移 0x288 处开始的字符，该字符在当前源字符集中无效(代码页 65001)。
  (编译源文件“autoMeasure/service/MeasureA4Service.cpp”)
  
G:\QMacVisual(CV3)(25000)\QMacVisual(CV3)2022.9.21(25000)\QMacVisual(CV3)\QPlugins\GeometryMeasure\EdgeWidthMeasure\locate.h(1,1): warning C4828: 文件包含在偏移 0x28a 处开始的字符，该字符在当前源字符集中无效(代码页 65001)。
  (编译源文件“autoMeasure/service/MeasureA4Service.cpp”)
  
G:\QMacVisual(CV3)(25000)\QMacVisual(CV3)2022.9.21(25000)\QMacVisual(CV3)\QPlugins\GeometryMeasure\EdgeWidthMeasure\locate.h(1,1): warning C4828: 文件包含在偏移 0x28f 处开始的字符，该字符在当前源字符集中无效(代码页 65001)。
  (编译源文件“autoMeasure/service/MeasureA4Service.cpp”)
  
G:\QMacVisual(CV3)(25000)\QMacVisual(CV3)2022.9.21(25000)\QMacVisual(CV3)\QPlugins\GeometryMeasure\EdgeWidthMeasure\locate.h(1,1): warning C4828: 文件包含在偏移 0x291 处开始的字符，该字符在当前源字符集中无效(代码页 65001)。
  (编译源文件“autoMeasure/service/MeasureA4Service.cpp”)
  
G:\QMacVisual(CV3)(25000)\QMacVisual(CV3)2022.9.21(25000)\QMacVisual(CV3)\QPlugins\GeometryMeasure\EdgeWidthMeasure\locate.h(1,1): warning C4828: 文件包含在偏移 0x292 处开始的字符，该字符在当前源字符集中无效(代码页 65001)。
  (编译源文件“autoMeasure/service/MeasureA4Service.cpp”)
  
G:\QMacVisual(CV3)(25000)\QMacVisual(CV3)2022.9.21(25000)\QMacVisual(CV3)\QPlugins\GeometryMeasure\EdgeWidthMeasure\locate.h(1,1): warning C4828: 文件包含在偏移 0x293 处开始的字符，该字符在当前源字符集中无效(代码页 65001)。
  (编译源文件“autoMeasure/service/MeasureA4Service.cpp”)
  
G:\QMacVisual(CV3)(25000)\QMacVisual(CV3)2022.9.21(25000)\QMacVisual(CV3)\QPlugins\GeometryMeasure\EdgeWidthMeasure\locate.h(1,1): warning C4828: 文件包含在偏移 0x298 处开始的字符，该字符在当前源字符集中无效(代码页 65001)。
  (编译源文件“autoMeasure/service/MeasureA4Service.cpp”)
  
G:\QMacVisual(CV3)(25000)\QMacVisual(CV3)2022.9.21(25000)\QMacVisual(CV3)\QPlugins\GeometryMeasure\EdgeWidthMeasure\locate.h(1,1): warning C4828: 文件包含在偏移 0x299 处开始的字符，该字符在当前源字符集中无效(代码页 65001)。
  (编译源文件“autoMeasure/service/MeasureA4Service.cpp”)
  
G:\QMacVisual(CV3)(25000)\QMacVisual(CV3)2022.9.21(25000)\QMacVisual(CV3)\QPlugins\GeometryMeasure\EdgeWidthMeasure\locate.h(1,1): warning C4828: 文件包含在偏移 0x29d 处开始的字符，该字符在当前源字符集中无效(代码页 65001)。
  (编译源文件“autoMeasure/service/MeasureA4Service.cpp”)
  
G:\QMacVisual(CV3)(25000)\QMacVisual(CV3)2022.9.21(25000)\QMacVisual(CV3)\QPlugins\GeometryMeasure\EdgeWidthMeasure\locate.h(1,1): warning C4828: 文件包含在偏移 0x29f 处开始的字符，该字符在当前源字符集中无效(代码页 65001)。
  (编译源文件“autoMeasure/service/MeasureA4Service.cpp”)
  
G:\QMacVisual(CV3)(25000)\QMacVisual(CV3)2022.9.21(25000)\QMacVisual(CV3)\QPlugins\GeometryMeasure\EdgeWidthMeasure\locate.h(1,1): warning C4828: 文件包含在偏移 0x2a2 处开始的字符，该字符在当前源字符集中无效(代码页 65001)。
  (编译源文件“autoMeasure/service/MeasureA4Service.cpp”)
  
G:\QMacVisual(CV3)(25000)\QMacVisual(CV3)2022.9.21(25000)\QMacVisual(CV3)\QPlugins\GeometryMeasure\EdgeWidthMeasure\locate.h(1,1): warning C4828: 文件包含在偏移 0x2a6 处开始的字符，该字符在当前源字符集中无效(代码页 65001)。
  (编译源文件“autoMeasure/service/MeasureA4Service.cpp”)
  
G:\QMacVisual(CV3)(25000)\QMacVisual(CV3)2022.9.21(25000)\QMacVisual(CV3)\QPlugins\GeometryMeasure\EdgeWidthMeasure\locate.h(1,1): warning C4828: 文件包含在偏移 0x2a8 处开始的字符，该字符在当前源字符集中无效(代码页 65001)。
  (编译源文件“autoMeasure/service/MeasureA4Service.cpp”)
  
G:\QMacVisual(CV3)(25000)\QMacVisual(CV3)2022.9.21(25000)\QMacVisual(CV3)\QPlugins\GeometryMeasure\EdgeWidthMeasure\locate.h(1,1): warning C4828: 文件包含在偏移 0x2a9 处开始的字符，该字符在当前源字符集中无效(代码页 65001)。
  (编译源文件“autoMeasure/service/MeasureA4Service.cpp”)
  
G:\QMacVisual(CV3)(25000)\QMacVisual(CV3)2022.9.21(25000)\QMacVisual(CV3)\QPlugins\GeometryMeasure\EdgeWidthMeasure\locate.h(1,1): warning C4828: 文件包含在偏移 0x2ab 处开始的字符，该字符在当前源字符集中无效(代码页 65001)。
  (编译源文件“autoMeasure/service/MeasureA4Service.cpp”)
  
G:\QMacVisual(CV3)(25000)\QMacVisual(CV3)2022.9.21(25000)\QMacVisual(CV3)\QPlugins\GeometryMeasure\EdgeWidthMeasure\locate.h(1,1): warning C4828: 文件包含在偏移 0x2ae 处开始的字符，该字符在当前源字符集中无效(代码页 65001)。
  (编译源文件“autoMeasure/service/MeasureA4Service.cpp”)
  
G:\QMacVisual(CV3)(25000)\QMacVisual(CV3)2022.9.21(25000)\QMacVisual(CV3)\QPlugins\GeometryMeasure\EdgeWidthMeasure\locate.h(1,1): warning C4828: 文件包含在偏移 0x2b3 处开始的字符，该字符在当前源字符集中无效(代码页 65001)。
  (编译源文件“autoMeasure/service/MeasureA4Service.cpp”)
  
G:\QMacVisual(CV3)(25000)\QMacVisual(CV3)2022.9.21(25000)\QMacVisual(CV3)\QPlugins\GeometryMeasure\EdgeWidthMeasure\locate.h(1,1): warning C4828: 文件包含在偏移 0x2b5 处开始的字符，该字符在当前源字符集中无效(代码页 65001)。
  (编译源文件“autoMeasure/service/MeasureA4Service.cpp”)
  
G:\QMacVisual(CV3)(25000)\QMacVisual(CV3)2022.9.21(25000)\QMacVisual(CV3)\QPlugins\GeometryMeasure\EdgeWidthMeasure\locate.h(1,1): warning C4828: 文件包含在偏移 0x2b6 处开始的字符，该字符在当前源字符集中无效(代码页 65001)。
  (编译源文件“autoMeasure/service/MeasureA4Service.cpp”)
  
G:\QMacVisual(CV3)(25000)\QMacVisual(CV3)2022.9.21(25000)\QMacVisual(CV3)\QPlugins\GeometryMeasure\EdgeWidthMeasure\locate.h(1,1): warning C4828: 文件包含在偏移 0x2ba 处开始的字符，该字符在当前源字符集中无效(代码页 65001)。
  (编译源文件“autoMeasure/service/MeasureA4Service.cpp”)
  
G:\QMacVisual(CV3)(25000)\QMacVisual(CV3)2022.9.21(25000)\QMacVisual(CV3)\QPlugins\GeometryMeasure\EdgeWidthMeasure\locate.h(1,1): warning C4828: 文件包含在偏移 0x2c2 处开始的字符，该字符在当前源字符集中无效(代码页 65001)。
  (编译源文件“autoMeasure/service/MeasureA4Service.cpp”)
  
G:\QMacVisual(CV3)(25000)\QMacVisual(CV3)2022.9.21(25000)\QMacVisual(CV3)\QPlugins\GeometryMeasure\EdgeWidthMeasure\locate.h(1,1): warning C4828: 文件包含在偏移 0x2c4 处开始的字符，该字符在当前源字符集中无效(代码页 65001)。
  (编译源文件“autoMeasure/service/MeasureA4Service.cpp”)
  
G:\QMacVisual(CV3)(25000)\QMacVisual(CV3)2022.9.21(25000)\QMacVisual(CV3)\QPlugins\GeometryMeasure\EdgeWidthMeasure\locate.h(1,1): warning C4828: 文件包含在偏移 0x2c7 处开始的字符，该字符在当前源字符集中无效(代码页 65001)。
  (编译源文件“autoMeasure/service/MeasureA4Service.cpp”)
  
G:\QMacVisual(CV3)(25000)\QMacVisual(CV3)2022.9.21(25000)\QMacVisual(CV3)\QPlugins\GeometryMeasure\EdgeWidthMeasure\locate.h(1,1): warning C4828: 文件包含在偏移 0x2c9 处开始的字符，该字符在当前源字符集中无效(代码页 65001)。
  (编译源文件“autoMeasure/service/MeasureA4Service.cpp”)
  
G:\QMacVisual(CV3)(25000)\QMacVisual(CV3)2022.9.21(25000)\QMacVisual(CV3)\QPlugins\GeometryMeasure\EdgeWidthMeasure\locate.h(1,1): warning C4828: 文件包含在偏移 0x2ca 处开始的字符，该字符在当前源字符集中无效(代码页 65001)。
  (编译源文件“autoMeasure/service/MeasureA4Service.cpp”)
  
G:\QMacVisual(CV3)(25000)\QMacVisual(CV3)2022.9.21(25000)\QMacVisual(CV3)\QPlugins\GeometryMeasure\EdgeWidthMeasure\locate.h(1,1): warning C4828: 文件包含在偏移 0x2cc 处开始的字符，该字符在当前源字符集中无效(代码页 65001)。
  (编译源文件“autoMeasure/service/MeasureA4Service.cpp”)
  
G:\QMacVisual(CV3)(25000)\QMacVisual(CV3)2022.9.21(25000)\QMacVisual(CV3)\QPlugins\GeometryMeasure\EdgeWidthMeasure\locate.h(1,1): warning C4828: 文件包含在偏移 0x2cd 处开始的字符，该字符在当前源字符集中无效(代码页 65001)。
  (编译源文件“autoMeasure/service/MeasureA4Service.cpp”)
  
G:\QMacVisual(CV3)(25000)\QMacVisual(CV3)2022.9.21(25000)\QMacVisual(CV3)\QPlugins\GeometryMeasure\EdgeWidthMeasure\locate.h(1,1): warning C4828: 文件包含在偏移 0x2cf 处开始的字符，该字符在当前源字符集中无效(代码页 65001)。
  (编译源文件“autoMeasure/service/MeasureA4Service.cpp”)
  
G:\QMacVisual(CV3)(25000)\QMacVisual(CV3)2022.9.21(25000)\QMacVisual(CV3)\QPlugins\GeometryMeasure\EdgeWidthMeasure\locate.h(1,1): warning C4828: 文件包含在偏移 0x2f1 处开始的字符，该字符在当前源字符集中无效(代码页 65001)。
  (编译源文件“autoMeasure/service/MeasureA4Service.cpp”)
  
G:\QMacVisual(CV3)(25000)\QMacVisual(CV3)2022.9.21(25000)\QMacVisual(CV3)\QPlugins\GeometryMeasure\EdgeWidthMeasure\locate.h(1,1): warning C4828: 文件包含在偏移 0x2f3 处开始的字符，该字符在当前源字符集中无效(代码页 65001)。
  (编译源文件“autoMeasure/service/MeasureA4Service.cpp”)
  
G:\QMacVisual(CV3)(25000)\QMacVisual(CV3)2022.9.21(25000)\QMacVisual(CV3)\QPlugins\GeometryMeasure\EdgeWidthMeasure\locate.h(1,1): warning C4828: 文件包含在偏移 0x2f4 处开始的字符，该字符在当前源字符集中无效(代码页 65001)。
  (编译源文件“autoMeasure/service/MeasureA4Service.cpp”)
  
G:\QMacVisual(CV3)(25000)\QMacVisual(CV3)2022.9.21(25000)\QMacVisual(CV3)\QPlugins\GeometryMeasure\EdgeWidthMeasure\locate.h(1,1): warning C4828: 文件包含在偏移 0x2f5 处开始的字符，该字符在当前源字符集中无效(代码页 65001)。
  (编译源文件“autoMeasure/service/MeasureA4Service.cpp”)
  
G:\QMacVisual(CV3)(25000)\QMacVisual(CV3)2022.9.21(25000)\QMacVisual(CV3)\QPlugins\GeometryMeasure\EdgeWidthMeasure\locate.h(1,1): warning C4828: 文件包含在偏移 0x302 处开始的字符，该字符在当前源字符集中无效(代码页 65001)。
  (编译源文件“autoMeasure/service/MeasureA4Service.cpp”)
  
G:\QMacVisual(CV3)(25000)\QMacVisual(CV3)2022.9.21(25000)\QMacVisual(CV3)\QPlugins\GeometryMeasure\EdgeWidthMeasure\locate.h(1,1): warning C4828: 文件包含在偏移 0x304 处开始的字符，该字符在当前源字符集中无效(代码页 65001)。
  (编译源文件“autoMeasure/service/MeasureA4Service.cpp”)
  
G:\QMacVisual(CV3)(25000)\QMacVisual(CV3)2022.9.21(25000)\QMacVisual(CV3)\QPlugins\GeometryMeasure\EdgeWidthMeasure\locate.h(1,1): warning C4828: 文件包含在偏移 0x30c 处开始的字符，该字符在当前源字符集中无效(代码页 65001)。
  (编译源文件“autoMeasure/service/MeasureA4Service.cpp”)
  
G:\QMacVisual(CV3)(25000)\QMacVisual(CV3)2022.9.21(25000)\QMacVisual(CV3)\QPlugins\GeometryMeasure\EdgeWidthMeasure\locate.h(1,1): warning C4828: 文件包含在偏移 0x30f 处开始的字符，该字符在当前源字符集中无效(代码页 65001)。
  (编译源文件“autoMeasure/service/MeasureA4Service.cpp”)
  
G:\QMacVisual(CV3)(25000)\QMacVisual(CV3)2022.9.21(25000)\QMacVisual(CV3)\QPlugins\GeometryMeasure\EdgeWidthMeasure\locate.h(1,1): warning C4828: 文件包含在偏移 0x310 处开始的字符，该字符在当前源字符集中无效(代码页 65001)。
  (编译源文件“autoMeasure/service/MeasureA4Service.cpp”)
  
G:\QMacVisual(CV3)(25000)\QMacVisual(CV3)2022.9.21(25000)\QMacVisual(CV3)\QPlugins\GeometryMeasure\EdgeWidthMeasure\locate.h(1,1): warning C4828: 文件包含在偏移 0x311 处开始的字符，该字符在当前源字符集中无效(代码页 65001)。
  (编译源文件“autoMeasure/service/MeasureA4Service.cpp”)
  
G:\QMacVisual(CV3)(25000)\QMacVisual(CV3)2022.9.21(25000)\QMacVisual(CV3)\QPlugins\GeometryMeasure\EdgeWidthMeasure\locate.h(1,1): warning C4828: 文件包含在偏移 0x317 处开始的字符，该字符在当前源字符集中无效(代码页 65001)。
  (编译源文件“autoMeasure/service/MeasureA4Service.cpp”)
  
G:\QMacVisual(CV3)(25000)\QMacVisual(CV3)2022.9.21(25000)\QMacVisual(CV3)\QPlugins\GeometryMeasure\EdgeWidthMeasure\locate.h(1,1): warning C4828: 文件包含在偏移 0x318 处开始的字符，该字符在当前源字符集中无效(代码页 65001)。
  (编译源文件“autoMeasure/service/MeasureA4Service.cpp”)
  
G:\QMacVisual(CV3)(25000)\QMacVisual(CV3)2022.9.21(25000)\QMacVisual(CV3)\QPlugins\GeometryMeasure\EdgeWidthMeasure\locate.h(1,1): warning C4828: 文件包含在偏移 0x31a 处开始的字符，该字符在当前源字符集中无效(代码页 65001)。
  (编译源文件“autoMeasure/service/MeasureA4Service.cpp”)
  
G:\QMacVisual(CV3)(25000)\QMacVisual(CV3)2022.9.21(25000)\QMacVisual(CV3)\QPlugins\GeometryMeasure\EdgeWidthMeasure\locate.h(1,1): warning C4828: 文件包含在偏移 0x31d 处开始的字符，该字符在当前源字符集中无效(代码页 65001)。
  (编译源文件“autoMeasure/service/MeasureA4Service.cpp”)
  
G:\QMacVisual(CV3)(25000)\QMacVisual(CV3)2022.9.21(25000)\QMacVisual(CV3)\QPlugins\GeometryMeasure\EdgeWidthMeasure\locate.h(1,1): warning C4828: 文件包含在偏移 0x31e 处开始的字符，该字符在当前源字符集中无效(代码页 65001)。
  (编译源文件“autoMeasure/service/MeasureA4Service.cpp”)
  
G:\QMacVisual(CV3)(25000)\QMacVisual(CV3)2022.9.21(25000)\QMacVisual(CV3)\QPlugins\GeometryMeasure\EdgeWidthMeasure\locate.h(1,1): warning C4828: 文件包含在偏移 0x322 处开始的字符，该字符在当前源字符集中无效(代码页 65001)。
  (编译源文件“autoMeasure/service/MeasureA4Service.cpp”)
  
G:\QMacVisual(CV3)(25000)\QMacVisual(CV3)2022.9.21(25000)\QMacVisual(CV3)\QPlugins\GeometryMeasure\EdgeWidthMeasure\mytitlebar.h(1,1): warning C4828: 文件包含在偏移 0xb7 处开始的字符，该字符在当前源字符集中无效(代码页 65001)。
  (编译源文件“frmEdgeWidthMeasure.cpp”)
  
G:\QMacVisual(CV3)(25000)\QMacVisual(CV3)2022.9.21(25000)\QMacVisual(CV3)\QPlugins\GeometryMeasure\EdgeWidthMeasure\mytitlebar.h(1,1): warning C4828: 文件包含在偏移 0xbb 处开始的字符，该字符在当前源字符集中无效(代码页 65001)。
  (编译源文件“frmEdgeWidthMeasure.cpp”)
  
G:\QMacVisual(CV3)(25000)\QMacVisual(CV3)2022.9.21(25000)\QMacVisual(CV3)\QPlugins\GeometryMeasure\EdgeWidthMeasure\mytitlebar.h(1,1): warning C4828: 文件包含在偏移 0xbc 处开始的字符，该字符在当前源字符集中无效(代码页 65001)。
  (编译源文件“frmEdgeWidthMeasure.cpp”)
  
G:\QMacVisual(CV3)(25000)\QMacVisual(CV3)2022.9.21(25000)\QMacVisual(CV3)\QPlugins\GeometryMeasure\EdgeWidthMeasure\mytitlebar.h(1,1): warning C4828: 文件包含在偏移 0xbd 处开始的字符，该字符在当前源字符集中无效(代码页 65001)。
  (编译源文件“frmEdgeWidthMeasure.cpp”)
  
G:\QMacVisual(CV3)(25000)\QMacVisual(CV3)2022.9.21(25000)\QMacVisual(CV3)\QPlugins\GeometryMeasure\EdgeWidthMeasure\mytitlebar.h(1,1): warning C4828: 文件包含在偏移 0xc4 处开始的字符，该字符在当前源字符集中无效(代码页 65001)。
  (编译源文件“frmEdgeWidthMeasure.cpp”)
  
G:\QMacVisual(CV3)(25000)\QMacVisual(CV3)2022.9.21(25000)\QMacVisual(CV3)\QPlugins\GeometryMeasure\EdgeWidthMeasure\mytitlebar.h(1,1): warning C4828: 文件包含在偏移 0xde 处开始的字符，该字符在当前源字符集中无效(代码页 65001)。
  (编译源文件“frmEdgeWidthMeasure.cpp”)
  
G:\QMacVisual(CV3)(25000)\QMacVisual(CV3)2022.9.21(25000)\QMacVisual(CV3)\QPlugins\GeometryMeasure\EdgeWidthMeasure\mytitlebar.h(1,1): warning C4828: 文件包含在偏移 0xe2 处开始的字符，该字符在当前源字符集中无效(代码页 65001)。
  (编译源文件“frmEdgeWidthMeasure.cpp”)
  
G:\QMacVisual(CV3)(25000)\QMacVisual(CV3)2022.9.21(25000)\QMacVisual(CV3)\QPlugins\GeometryMeasure\EdgeWidthMeasure\mytitlebar.h(1,1): warning C4828: 文件包含在偏移 0xe3 处开始的字符，该字符在当前源字符集中无效(代码页 65001)。
  (编译源文件“frmEdgeWidthMeasure.cpp”)
  
G:\QMacVisual(CV3)(25000)\QMacVisual(CV3)2022.9.21(25000)\QMacVisual(CV3)\QPlugins\GeometryMeasure\EdgeWidthMeasure\mytitlebar.h(1,1): warning C4828: 文件包含在偏移 0xe4 处开始的字符，该字符在当前源字符集中无效(代码页 65001)。
  (编译源文件“frmEdgeWidthMeasure.cpp”)
  
G:\QMacVisual(CV3)(25000)\QMacVisual(CV3)2022.9.21(25000)\QMacVisual(CV3)\QPlugins\GeometryMeasure\EdgeWidthMeasure\mytitlebar.h(1,1): warning C4828: 文件包含在偏移 0xe5 处开始的字符，该字符在当前源字符集中无效(代码页 65001)。
  (编译源文件“frmEdgeWidthMeasure.cpp”)
  
G:\QMacVisual(CV3)(25000)\QMacVisual(CV3)2022.9.21(25000)\QMacVisual(CV3)\QPlugins\GeometryMeasure\EdgeWidthMeasure\mytitlebar.h(1,1): warning C4828: 文件包含在偏移 0xe6 处开始的字符，该字符在当前源字符集中无效(代码页 65001)。
  (编译源文件“frmEdgeWidthMeasure.cpp”)
  
G:\QMacVisual(CV3)(25000)\QMacVisual(CV3)2022.9.21(25000)\QMacVisual(CV3)\QPlugins\GeometryMeasure\EdgeWidthMeasure\mytitlebar.h(1,1): warning C4828: 文件包含在偏移 0xe8 处开始的字符，该字符在当前源字符集中无效(代码页 65001)。
  (编译源文件“frmEdgeWidthMeasure.cpp”)
  
G:\QMacVisual(CV3)(25000)\QMacVisual(CV3)2022.9.21(25000)\QMacVisual(CV3)\QPlugins\GeometryMeasure\EdgeWidthMeasure\mytitlebar.h(1,1): warning C4828: 文件包含在偏移 0xf3 处开始的字符，该字符在当前源字符集中无效(代码页 65001)。
  (编译源文件“frmEdgeWidthMeasure.cpp”)
  
G:\QMacVisual(CV3)(25000)\QMacVisual(CV3)2022.9.21(25000)\QMacVisual(CV3)\QPlugins\GeometryMeasure\EdgeWidthMeasure\mytitlebar.h(1,1): warning C4828: 文件包含在偏移 0x110 处开始的字符，该字符在当前源字符集中无效(代码页 65001)。
  (编译源文件“frmEdgeWidthMeasure.cpp”)
  
G:\QMacVisual(CV3)(25000)\QMacVisual(CV3)2022.9.21(25000)\QMacVisual(CV3)\QPlugins\GeometryMeasure\EdgeWidthMeasure\mytitlebar.h(1,1): warning C4828: 文件包含在偏移 0x112 处开始的字符，该字符在当前源字符集中无效(代码页 65001)。
  (编译源文件“frmEdgeWidthMeasure.cpp”)
  
G:\QMacVisual(CV3)(25000)\QMacVisual(CV3)2022.9.21(25000)\QMacVisual(CV3)\QPlugins\GeometryMeasure\EdgeWidthMeasure\mytitlebar.h(1,1): warning C4828: 文件包含在偏移 0x117 处开始的字符，该字符在当前源字符集中无效(代码页 65001)。
  (编译源文件“frmEdgeWidthMeasure.cpp”)
  
G:\QMacVisual(CV3)(25000)\QMacVisual(CV3)2022.9.21(25000)\QMacVisual(CV3)\QPlugins\GeometryMeasure\EdgeWidthMeasure\mytitlebar.h(1,1): warning C4828: 文件包含在偏移 0x19a 处开始的字符，该字符在当前源字符集中无效(代码页 65001)。
  (编译源文件“frmEdgeWidthMeasure.cpp”)
  
G:\QMacVisual(CV3)(25000)\QMacVisual(CV3)2022.9.21(25000)\QMacVisual(CV3)\QPlugins\GeometryMeasure\EdgeWidthMeasure\mytitlebar.h(1,1): warning C4828: 文件包含在偏移 0x19c 处开始的字符，该字符在当前源字符集中无效(代码页 65001)。
  (编译源文件“frmEdgeWidthMeasure.cpp”)
  
G:\QMacVisual(CV3)(25000)\QMacVisual(CV3)2022.9.21(25000)\QMacVisual(CV3)\QPlugins\GeometryMeasure\EdgeWidthMeasure\mytitlebar.h(1,1): warning C4828: 文件包含在偏移 0x19e 处开始的字符，该字符在当前源字符集中无效(代码页 65001)。
  (编译源文件“frmEdgeWidthMeasure.cpp”)
  
G:\QMacVisual(CV3)(25000)\QMacVisual(CV3)2022.9.21(25000)\QMacVisual(CV3)\QPlugins\GeometryMeasure\EdgeWidthMeasure\mytitlebar.h(1,1): warning C4828: 文件包含在偏移 0x19f 处开始的字符，该字符在当前源字符集中无效(代码页 65001)。
  (编译源文件“frmEdgeWidthMeasure.cpp”)
  
G:\QMacVisual(CV3)(25000)\QMacVisual(CV3)2022.9.21(25000)\QMacVisual(CV3)\QPlugins\GeometryMeasure\EdgeWidthMeasure\mytitlebar.h(1,1): warning C4828: 文件包含在偏移 0x1a2 处开始的字符，该字符在当前源字符集中无效(代码页 65001)。
  (编译源文件“frmEdgeWidthMeasure.cpp”)
  
G:\QMacVisual(CV3)(25000)\QMacVisual(CV3)2022.9.21(25000)\QMacVisual(CV3)\QPlugins\GeometryMeasure\EdgeWidthMeasure\mytitlebar.h(1,1): warning C4828: 文件包含在偏移 0x1a3 处开始的字符，该字符在当前源字符集中无效(代码页 65001)。
  (编译源文件“frmEdgeWidthMeasure.cpp”)
  
G:\QMacVisual(CV3)(25000)\QMacVisual(CV3)2022.9.21(25000)\QMacVisual(CV3)\QPlugins\GeometryMeasure\EdgeWidthMeasure\mytitlebar.h(1,1): warning C4828: 文件包含在偏移 0x1a4 处开始的字符，该字符在当前源字符集中无效(代码页 65001)。
  (编译源文件“frmEdgeWidthMeasure.cpp”)
  
G:\QMacVisual(CV3)(25000)\QMacVisual(CV3)2022.9.21(25000)\QMacVisual(CV3)\QPlugins\GeometryMeasure\EdgeWidthMeasure\mytitlebar.h(1,1): warning C4828: 文件包含在偏移 0x1a5 处开始的字符，该字符在当前源字符集中无效(代码页 65001)。
  (编译源文件“frmEdgeWidthMeasure.cpp”)
  
G:\QMacVisual(CV3)(25000)\QMacVisual(CV3)2022.9.21(25000)\QMacVisual(CV3)\QPlugins\GeometryMeasure\EdgeWidthMeasure\mytitlebar.h(1,1): warning C4828: 文件包含在偏移 0x1a6 处开始的字符，该字符在当前源字符集中无效(代码页 65001)。
  (编译源文件“frmEdgeWidthMeasure.cpp”)
  
G:\QMacVisual(CV3)(25000)\QMacVisual(CV3)2022.9.21(25000)\QMacVisual(CV3)\QPlugins\GeometryMeasure\EdgeWidthMeasure\mytitlebar.h(1,1): warning C4828: 文件包含在偏移 0x1a7 处开始的字符，该字符在当前源字符集中无效(代码页 65001)。
  (编译源文件“frmEdgeWidthMeasure.cpp”)
  
G:\QMacVisual(CV3)(25000)\QMacVisual(CV3)2022.9.21(25000)\QMacVisual(CV3)\QPlugins\GeometryMeasure\EdgeWidthMeasure\mytitlebar.h(1,1): warning C4828: 文件包含在偏移 0x1df 处开始的字符，该字符在当前源字符集中无效(代码页 65001)。
  (编译源文件“frmEdgeWidthMeasure.cpp”)
  
G:\QMacVisual(CV3)(25000)\QMacVisual(CV3)2022.9.21(25000)\QMacVisual(CV3)\QPlugins\GeometryMeasure\EdgeWidthMeasure\mytitlebar.h(1,1): warning C4828: 文件包含在偏移 0x1e1 处开始的字符，该字符在当前源字符集中无效(代码页 65001)。
  (编译源文件“frmEdgeWidthMeasure.cpp”)
  
G:\QMacVisual(CV3)(25000)\QMacVisual(CV3)2022.9.21(25000)\QMacVisual(CV3)\QPlugins\GeometryMeasure\EdgeWidthMeasure\mytitlebar.h(1,1): warning C4828: 文件包含在偏移 0x1e3 处开始的字符，该字符在当前源字符集中无效(代码页 65001)。
  (编译源文件“frmEdgeWidthMeasure.cpp”)
  
G:\QMacVisual(CV3)(25000)\QMacVisual(CV3)2022.9.21(25000)\QMacVisual(CV3)\QPlugins\GeometryMeasure\EdgeWidthMeasure\mytitlebar.h(1,1): warning C4828: 文件包含在偏移 0x1e4 处开始的字符，该字符在当前源字符集中无效(代码页 65001)。
  (编译源文件“frmEdgeWidthMeasure.cpp”)
  
G:\QMacVisual(CV3)(25000)\QMacVisual(CV3)2022.9.21(25000)\QMacVisual(CV3)\QPlugins\GeometryMeasure\EdgeWidthMeasure\mytitlebar.h(1,1): warning C4828: 文件包含在偏移 0x1e7 处开始的字符，该字符在当前源字符集中无效(代码页 65001)。
  (编译源文件“frmEdgeWidthMeasure.cpp”)
  
G:\QMacVisual(CV3)(25000)\QMacVisual(CV3)2022.9.21(25000)\QMacVisual(CV3)\QPlugins\GeometryMeasure\EdgeWidthMeasure\mytitlebar.h(1,1): warning C4828: 文件包含在偏移 0x1e8 处开始的字符，该字符在当前源字符集中无效(代码页 65001)。
  (编译源文件“frmEdgeWidthMeasure.cpp”)
  
G:\QMacVisual(CV3)(25000)\QMacVisual(CV3)2022.9.21(25000)\QMacVisual(CV3)\QPlugins\GeometryMeasure\EdgeWidthMeasure\mytitlebar.h(1,1): warning C4828: 文件包含在偏移 0x1eb 处开始的字符，该字符在当前源字符集中无效(代码页 65001)。
  (编译源文件“frmEdgeWidthMeasure.cpp”)
  
G:\QMacVisual(CV3)(25000)\QMacVisual(CV3)2022.9.21(25000)\QMacVisual(CV3)\QPlugins\GeometryMeasure\EdgeWidthMeasure\mytitlebar.h(1,1): warning C4828: 文件包含在偏移 0x1ec 处开始的字符，该字符在当前源字符集中无效(代码页 65001)。
  (编译源文件“frmEdgeWidthMeasure.cpp”)
  
G:\QMacVisual(CV3)(25000)\QMacVisual(CV3)2022.9.21(25000)\QMacVisual(CV3)\QPlugins\GeometryMeasure\EdgeWidthMeasure\mytitlebar.h(1,1): warning C4828: 文件包含在偏移 0x219 处开始的字符，该字符在当前源字符集中无效(代码页 65001)。
  (编译源文件“frmEdgeWidthMeasure.cpp”)
  
G:\QMacVisual(CV3)(25000)\QMacVisual(CV3)2022.9.21(25000)\QMacVisual(CV3)\QPlugins\GeometryMeasure\EdgeWidthMeasure\mytitlebar.h(1,1): warning C4828: 文件包含在偏移 0x21b 处开始的字符，该字符在当前源字符集中无效(代码页 65001)。
  (编译源文件“frmEdgeWidthMeasure.cpp”)
  
G:\QMacVisual(CV3)(25000)\QMacVisual(CV3)2022.9.21(25000)\QMacVisual(CV3)\QPlugins\GeometryMeasure\EdgeWidthMeasure\mytitlebar.h(1,1): warning C4828: 文件包含在偏移 0x21d 处开始的字符，该字符在当前源字符集中无效(代码页 65001)。
  (编译源文件“frmEdgeWidthMeasure.cpp”)
  
G:\QMacVisual(CV3)(25000)\QMacVisual(CV3)2022.9.21(25000)\QMacVisual(CV3)\QPlugins\GeometryMeasure\EdgeWidthMeasure\mytitlebar.h(1,1): warning C4828: 文件包含在偏移 0x21e 处开始的字符，该字符在当前源字符集中无效(代码页 65001)。
  (编译源文件“frmEdgeWidthMeasure.cpp”)
  
G:\QMacVisual(CV3)(25000)\QMacVisual(CV3)2022.9.21(25000)\QMacVisual(CV3)\QPlugins\GeometryMeasure\EdgeWidthMeasure\mytitlebar.h(1,1): warning C4828: 文件包含在偏移 0x221 处开始的字符，该字符在当前源字符集中无效(代码页 65001)。
  (编译源文件“frmEdgeWidthMeasure.cpp”)
  
G:\QMacVisual(CV3)(25000)\QMacVisual(CV3)2022.9.21(25000)\QMacVisual(CV3)\QPlugins\GeometryMeasure\EdgeWidthMeasure\mytitlebar.h(1,1): warning C4828: 文件包含在偏移 0x223 处开始的字符，该字符在当前源字符集中无效(代码页 65001)。
  (编译源文件“frmEdgeWidthMeasure.cpp”)
  
G:\QMacVisual(CV3)(25000)\QMacVisual(CV3)2022.9.21(25000)\QMacVisual(CV3)\QPlugins\GeometryMeasure\EdgeWidthMeasure\mytitlebar.h(1,1): warning C4828: 文件包含在偏移 0x258 处开始的字符，该字符在当前源字符集中无效(代码页 65001)。
  (编译源文件“frmEdgeWidthMeasure.cpp”)
  
G:\QMacVisual(CV3)(25000)\QMacVisual(CV3)2022.9.21(25000)\QMacVisual(CV3)\QPlugins\GeometryMeasure\EdgeWidthMeasure\mytitlebar.h(1,1): warning C4828: 文件包含在偏移 0x25a 处开始的字符，该字符在当前源字符集中无效(代码页 65001)。
  (编译源文件“frmEdgeWidthMeasure.cpp”)
  
G:\QMacVisual(CV3)(25000)\QMacVisual(CV3)2022.9.21(25000)\QMacVisual(CV3)\QPlugins\GeometryMeasure\EdgeWidthMeasure\mytitlebar.h(1,1): warning C4828: 文件包含在偏移 0x25c 处开始的字符，该字符在当前源字符集中无效(代码页 65001)。
  (编译源文件“frmEdgeWidthMeasure.cpp”)
  
G:\QMacVisual(CV3)(25000)\QMacVisual(CV3)2022.9.21(25000)\QMacVisual(CV3)\QPlugins\GeometryMeasure\EdgeWidthMeasure\mytitlebar.h(1,1): warning C4828: 文件包含在偏移 0x25d 处开始的字符，该字符在当前源字符集中无效(代码页 65001)。
  (编译源文件“frmEdgeWidthMeasure.cpp”)
  
G:\QMacVisual(CV3)(25000)\QMacVisual(CV3)2022.9.21(25000)\QMacVisual(CV3)\QPlugins\GeometryMeasure\EdgeWidthMeasure\mytitlebar.h(1,1): warning C4828: 文件包含在偏移 0x260 处开始的字符，该字符在当前源字符集中无效(代码页 65001)。
  (编译源文件“frmEdgeWidthMeasure.cpp”)
  
G:\QMacVisual(CV3)(25000)\QMacVisual(CV3)2022.9.21(25000)\QMacVisual(CV3)\QPlugins\GeometryMeasure\EdgeWidthMeasure\mytitlebar.h(1,1): warning C4828: 文件包含在偏移 0x261 处开始的字符，该字符在当前源字符集中无效(代码页 65001)。
  (编译源文件“frmEdgeWidthMeasure.cpp”)
  
G:\QMacVisual(CV3)(25000)\QMacVisual(CV3)2022.9.21(25000)\QMacVisual(CV3)\QPlugins\GeometryMeasure\EdgeWidthMeasure\mytitlebar.h(1,1): warning C4828: 文件包含在偏移 0x262 处开始的字符，该字符在当前源字符集中无效(代码页 65001)。
  (编译源文件“frmEdgeWidthMeasure.cpp”)
  
G:\QMacVisual(CV3)(25000)\QMacVisual(CV3)2022.9.21(25000)\QMacVisual(CV3)\QPlugins\GeometryMeasure\EdgeWidthMeasure\mytitlebar.h(1,1): warning C4828: 文件包含在偏移 0x263 处开始的字符，该字符在当前源字符集中无效(代码页 65001)。
  (编译源文件“frmEdgeWidthMeasure.cpp”)
  
G:\QMacVisual(CV3)(25000)\QMacVisual(CV3)2022.9.21(25000)\QMacVisual(CV3)\QPlugins\GeometryMeasure\EdgeWidthMeasure\mytitlebar.h(1,1): warning C4828: 文件包含在偏移 0x264 处开始的字符，该字符在当前源字符集中无效(代码页 65001)。
  (编译源文件“frmEdgeWidthMeasure.cpp”)
  
G:\QMacVisual(CV3)(25000)\QMacVisual(CV3)2022.9.21(25000)\QMacVisual(CV3)\QPlugins\GeometryMeasure\EdgeWidthMeasure\mytitlebar.h(1,1): warning C4828: 文件包含在偏移 0x265 处开始的字符，该字符在当前源字符集中无效(代码页 65001)。
  (编译源文件“frmEdgeWidthMeasure.cpp”)
  
G:\QMacVisual(CV3)(25000)\QMacVisual(CV3)2022.9.21(25000)\QMacVisual(CV3)\QPlugins\GeometryMeasure\EdgeWidthMeasure\mytitlebar.h(1,1): warning C4828: 文件包含在偏移 0x28c 处开始的字符，该字符在当前源字符集中无效(代码页 65001)。
  (编译源文件“frmEdgeWidthMeasure.cpp”)
  
G:\QMacVisual(CV3)(25000)\QMacVisual(CV3)2022.9.21(25000)\QMacVisual(CV3)\QPlugins\GeometryMeasure\EdgeWidthMeasure\mytitlebar.h(1,1): warning C4828: 文件包含在偏移 0x28e 处开始的字符，该字符在当前源字符集中无效(代码页 65001)。
  (编译源文件“frmEdgeWidthMeasure.cpp”)
  
G:\QMacVisual(CV3)(25000)\QMacVisual(CV3)2022.9.21(25000)\QMacVisual(CV3)\QPlugins\GeometryMeasure\EdgeWidthMeasure\mytitlebar.h(1,1): warning C4828: 文件包含在偏移 0x290 处开始的字符，该字符在当前源字符集中无效(代码页 65001)。
  (编译源文件“frmEdgeWidthMeasure.cpp”)
  
G:\QMacVisual(CV3)(25000)\QMacVisual(CV3)2022.9.21(25000)\QMacVisual(CV3)\QPlugins\GeometryMeasure\EdgeWidthMeasure\mytitlebar.h(1,1): warning C4828: 文件包含在偏移 0x291 处开始的字符，该字符在当前源字符集中无效(代码页 65001)。
  (编译源文件“frmEdgeWidthMeasure.cpp”)
  
G:\QMacVisual(CV3)(25000)\QMacVisual(CV3)2022.9.21(25000)\QMacVisual(CV3)\QPlugins\GeometryMeasure\EdgeWidthMeasure\mytitlebar.h(1,1): warning C4828: 文件包含在偏移 0x294 处开始的字符，该字符在当前源字符集中无效(代码页 65001)。
  (编译源文件“frmEdgeWidthMeasure.cpp”)
  
G:\QMacVisual(CV3)(25000)\QMacVisual(CV3)2022.9.21(25000)\QMacVisual(CV3)\QPlugins\GeometryMeasure\EdgeWidthMeasure\mytitlebar.h(1,1): warning C4828: 文件包含在偏移 0x295 处开始的字符，该字符在当前源字符集中无效(代码页 65001)。
  (编译源文件“frmEdgeWidthMeasure.cpp”)
  
G:\QMacVisual(CV3)(25000)\QMacVisual(CV3)2022.9.21(25000)\QMacVisual(CV3)\QPlugins\GeometryMeasure\EdgeWidthMeasure\mytitlebar.h(1,1): warning C4828: 文件包含在偏移 0x296 处开始的字符，该字符在当前源字符集中无效(代码页 65001)。
  (编译源文件“frmEdgeWidthMeasure.cpp”)
  
G:\QMacVisual(CV3)(25000)\QMacVisual(CV3)2022.9.21(25000)\QMacVisual(CV3)\QPlugins\GeometryMeasure\EdgeWidthMeasure\mytitlebar.h(1,1): warning C4828: 文件包含在偏移 0x298 处开始的字符，该字符在当前源字符集中无效(代码页 65001)。
  (编译源文件“frmEdgeWidthMeasure.cpp”)
  
G:\QMacVisual(CV3)(25000)\QMacVisual(CV3)2022.9.21(25000)\QMacVisual(CV3)\QPlugins\GeometryMeasure\EdgeWidthMeasure\mytitlebar.h(1,1): warning C4828: 文件包含在偏移 0x299 处开始的字符，该字符在当前源字符集中无效(代码页 65001)。
  (编译源文件“frmEdgeWidthMeasure.cpp”)
  
G:\QMacVisual(CV3)(25000)\QMacVisual(CV3)2022.9.21(25000)\QMacVisual(CV3)\QPlugins\GeometryMeasure\EdgeWidthMeasure\mytitlebar.h(1,1): warning C4828: 文件包含在偏移 0x29c 处开始的字符，该字符在当前源字符集中无效(代码页 65001)。
  (编译源文件“frmEdgeWidthMeasure.cpp”)
  
G:\QMacVisual(CV3)(25000)\QMacVisual(CV3)2022.9.21(25000)\QMacVisual(CV3)\QPlugins\GeometryMeasure\EdgeWidthMeasure\mytitlebar.h(1,1): warning C4828: 文件包含在偏移 0x29d 处开始的字符，该字符在当前源字符集中无效(代码页 65001)。
  (编译源文件“frmEdgeWidthMeasure.cpp”)
  
G:\QMacVisual(CV3)(25000)\QMacVisual(CV3)2022.9.21(25000)\QMacVisual(CV3)\QPlugins\GeometryMeasure\EdgeWidthMeasure\mytitlebar.h(1,1): warning C4828: 文件包含在偏移 0x2d2 处开始的字符，该字符在当前源字符集中无效(代码页 65001)。
  (编译源文件“frmEdgeWidthMeasure.cpp”)
  
G:\QMacVisual(CV3)(25000)\QMacVisual(CV3)2022.9.21(25000)\QMacVisual(CV3)\QPlugins\GeometryMeasure\EdgeWidthMeasure\mytitlebar.h(1,1): warning C4828: 文件包含在偏移 0x2d4 处开始的字符，该字符在当前源字符集中无效(代码页 65001)。
  (编译源文件“frmEdgeWidthMeasure.cpp”)
  
G:\QMacVisual(CV3)(25000)\QMacVisual(CV3)2022.9.21(25000)\QMacVisual(CV3)\QPlugins\GeometryMeasure\EdgeWidthMeasure\mytitlebar.h(1,1): warning C4828: 文件包含在偏移 0x2d6 处开始的字符，该字符在当前源字符集中无效(代码页 65001)。
  (编译源文件“frmEdgeWidthMeasure.cpp”)
  
G:\QMacVisual(CV3)(25000)\QMacVisual(CV3)2022.9.21(25000)\QMacVisual(CV3)\QPlugins\GeometryMeasure\EdgeWidthMeasure\mytitlebar.h(1,1): warning C4828: 文件包含在偏移 0x2d7 处开始的字符，该字符在当前源字符集中无效(代码页 65001)。
  (编译源文件“frmEdgeWidthMeasure.cpp”)
  
G:\QMacVisual(CV3)(25000)\QMacVisual(CV3)2022.9.21(25000)\QMacVisual(CV3)\QPlugins\GeometryMeasure\EdgeWidthMeasure\mytitlebar.h(1,1): warning C4828: 文件包含在偏移 0x2da 处开始的字符，该字符在当前源字符集中无效(代码页 65001)。
  (编译源文件“frmEdgeWidthMeasure.cpp”)
  
G:\QMacVisual(CV3)(25000)\QMacVisual(CV3)2022.9.21(25000)\QMacVisual(CV3)\QPlugins\GeometryMeasure\EdgeWidthMeasure\mytitlebar.h(1,1): warning C4828: 文件包含在偏移 0x2db 处开始的字符，该字符在当前源字符集中无效(代码页 65001)。
  (编译源文件“frmEdgeWidthMeasure.cpp”)
  
G:\QMacVisual(CV3)(25000)\QMacVisual(CV3)2022.9.21(25000)\QMacVisual(CV3)\QPlugins\GeometryMeasure\EdgeWidthMeasure\mytitlebar.h(1,1): warning C4828: 文件包含在偏移 0x2dc 处开始的字符，该字符在当前源字符集中无效(代码页 65001)。
  (编译源文件“frmEdgeWidthMeasure.cpp”)
  
G:\QMacVisual(CV3)(25000)\QMacVisual(CV3)2022.9.21(25000)\QMacVisual(CV3)\QPlugins\GeometryMeasure\EdgeWidthMeasure\mytitlebar.h(1,1): warning C4828: 文件包含在偏移 0x2de 处开始的字符，该字符在当前源字符集中无效(代码页 65001)。
  (编译源文件“frmEdgeWidthMeasure.cpp”)
  
G:\QMacVisual(CV3)(25000)\QMacVisual(CV3)2022.9.21(25000)\QMacVisual(CV3)\QPlugins\GeometryMeasure\EdgeWidthMeasure\mytitlebar.h(1,1): warning C4828: 文件包含在偏移 0x2e1 处开始的字符，该字符在当前源字符集中无效(代码页 65001)。
  (编译源文件“frmEdgeWidthMeasure.cpp”)
  
G:\QMacVisual(CV3)(25000)\QMacVisual(CV3)2022.9.21(25000)\QMacVisual(CV3)\QPlugins\GeometryMeasure\EdgeWidthMeasure\mytitlebar.h(1,1): warning C4828: 文件包含在偏移 0x2e4 处开始的字符，该字符在当前源字符集中无效(代码页 65001)。
  (编译源文件“frmEdgeWidthMeasure.cpp”)
  
G:\QMacVisual(CV3)(25000)\QMacVisual(CV3)2022.9.21(25000)\QMacVisual(CV3)\QPlugins\GeometryMeasure\EdgeWidthMeasure\mytitlebar.h(1,1): warning C4828: 文件包含在偏移 0x2e6 处开始的字符，该字符在当前源字符集中无效(代码页 65001)。
  (编译源文件“frmEdgeWidthMeasure.cpp”)
  
G:\QMacVisual(CV3)(25000)\QMacVisual(CV3)2022.9.21(25000)\QMacVisual(CV3)\QPlugins\GeometryMeasure\EdgeWidthMeasure\mytitlebar.h(1,1): warning C4828: 文件包含在偏移 0x2e7 处开始的字符，该字符在当前源字符集中无效(代码页 65001)。
  (编译源文件“frmEdgeWidthMeasure.cpp”)
  
G:\QMacVisual(CV3)(25000)\QMacVisual(CV3)2022.9.21(25000)\QMacVisual(CV3)\QPlugins\GeometryMeasure\EdgeWidthMeasure\mytitlebar.h(1,1): warning C4828: 文件包含在偏移 0x2eb 处开始的字符，该字符在当前源字符集中无效(代码页 65001)。
  (编译源文件“frmEdgeWidthMeasure.cpp”)
  
G:\QMacVisual(CV3)(25000)\QMacVisual(CV3)2022.9.21(25000)\QMacVisual(CV3)\QPlugins\GeometryMeasure\EdgeWidthMeasure\mytitlebar.h(1,1): warning C4828: 文件包含在偏移 0x2ef 处开始的字符，该字符在当前源字符集中无效(代码页 65001)。
  (编译源文件“frmEdgeWidthMeasure.cpp”)
  
G:\QMacVisual(CV3)(25000)\QMacVisual(CV3)2022.9.21(25000)\QMacVisual(CV3)\QPlugins\GeometryMeasure\EdgeWidthMeasure\mytitlebar.h(1,1): warning C4828: 文件包含在偏移 0x2f0 处开始的字符，该字符在当前源字符集中无效(代码页 65001)。
  (编译源文件“frmEdgeWidthMeasure.cpp”)
  
G:\QMacVisual(CV3)(25000)\QMacVisual(CV3)2022.9.21(25000)\QMacVisual(CV3)\QPlugins\GeometryMeasure\EdgeWidthMeasure\mytitlebar.h(1,1): warning C4828: 文件包含在偏移 0x2f2 处开始的字符，该字符在当前源字符集中无效(代码页 65001)。
  (编译源文件“frmEdgeWidthMeasure.cpp”)
  
G:\QMacVisual(CV3)(25000)\QMacVisual(CV3)2022.9.21(25000)\QMacVisual(CV3)\QPlugins\GeometryMeasure\EdgeWidthMeasure\mytitlebar.h(1,1): warning C4828: 文件包含在偏移 0x2f5 处开始的字符，该字符在当前源字符集中无效(代码页 65001)。
  (编译源文件“frmEdgeWidthMeasure.cpp”)
  
G:\QMacVisual(CV3)(25000)\QMacVisual(CV3)2022.9.21(25000)\QMacVisual(CV3)\QPlugins\GeometryMeasure\EdgeWidthMeasure\mytitlebar.h(1,1): warning C4828: 文件包含在偏移 0x2f7 处开始的字符，该字符在当前源字符集中无效(代码页 65001)。
  (编译源文件“frmEdgeWidthMeasure.cpp”)
  
G:\QMacVisual(CV3)(25000)\QMacVisual(CV3)2022.9.21(25000)\QMacVisual(CV3)\QPlugins\GeometryMeasure\EdgeWidthMeasure\mytitlebar.h(1,1): warning C4828: 文件包含在偏移 0x2f8 处开始的字符，该字符在当前源字符集中无效(代码页 65001)。
  (编译源文件“frmEdgeWidthMeasure.cpp”)
  
G:\QMacVisual(CV3)(25000)\QMacVisual(CV3)2022.9.21(25000)\QMacVisual(CV3)\QPlugins\GeometryMeasure\EdgeWidthMeasure\mytitlebar.h(1,1): warning C4828: 文件包含在偏移 0x2fb 处开始的字符，该字符在当前源字符集中无效(代码页 65001)。
  (编译源文件“frmEdgeWidthMeasure.cpp”)
  
G:\QMacVisual(CV3)(25000)\QMacVisual(CV3)2022.9.21(25000)\QMacVisual(CV3)\QPlugins\GeometryMeasure\EdgeWidthMeasure\mytitlebar.h(1,1): warning C4828: 文件包含在偏移 0x2fc 处开始的字符，该字符在当前源字符集中无效(代码页 65001)。
  (编译源文件“frmEdgeWidthMeasure.cpp”)
  
G:\QMacVisual(CV3)(25000)\QMacVisual(CV3)2022.9.21(25000)\QMacVisual(CV3)\QPlugins\GeometryMeasure\EdgeWidthMeasure\mytitlebar.h(1,1): warning C4828: 文件包含在偏移 0x319 处开始的字符，该字符在当前源字符集中无效(代码页 65001)。
  (编译源文件“frmEdgeWidthMeasure.cpp”)
  
G:\QMacVisual(CV3)(25000)\QMacVisual(CV3)2022.9.21(25000)\QMacVisual(CV3)\QPlugins\GeometryMeasure\EdgeWidthMeasure\mytitlebar.h(1,1): warning C4828: 文件包含在偏移 0x31a 处开始的字符，该字符在当前源字符集中无效(代码页 65001)。
  (编译源文件“frmEdgeWidthMeasure.cpp”)
  
G:\QMacVisual(CV3)(25000)\QMacVisual(CV3)2022.9.21(25000)\QMacVisual(CV3)\QPlugins\GeometryMeasure\EdgeWidthMeasure\mytitlebar.h(1,1): warning C4828: 文件包含在偏移 0x31b 处开始的字符，该字符在当前源字符集中无效(代码页 65001)。
  (编译源文件“frmEdgeWidthMeasure.cpp”)
  
G:\QMacVisual(CV3)(25000)\QMacVisual(CV3)2022.9.21(25000)\QMacVisual(CV3)\QPlugins\GeometryMeasure\EdgeWidthMeasure\mytitlebar.h(1,1): warning C4828: 文件包含在偏移 0x31c 处开始的字符，该字符在当前源字符集中无效(代码页 65001)。
  (编译源文件“frmEdgeWidthMeasure.cpp”)
  
G:\QMacVisual(CV3)(25000)\QMacVisual(CV3)2022.9.21(25000)\QMacVisual(CV3)\QPlugins\GeometryMeasure\EdgeWidthMeasure\mytitlebar.h(1,1): warning C4828: 文件包含在偏移 0x31f 处开始的字符，该字符在当前源字符集中无效(代码页 65001)。
  (编译源文件“frmEdgeWidthMeasure.cpp”)
  
G:\QMacVisual(CV3)(25000)\QMacVisual(CV3)2022.9.21(25000)\QMacVisual(CV3)\QPlugins\GeometryMeasure\EdgeWidthMeasure\mytitlebar.h(1,1): warning C4828: 文件包含在偏移 0x320 处开始的字符，该字符在当前源字符集中无效(代码页 65001)。
  (编译源文件“frmEdgeWidthMeasure.cpp”)
  
G:\QMacVisual(CV3)(25000)\QMacVisual(CV3)2022.9.21(25000)\QMacVisual(CV3)\QPlugins\GeometryMeasure\EdgeWidthMeasure\mytitlebar.h(1,1): warning C4828: 文件包含在偏移 0x324 处开始的字符，该字符在当前源字符集中无效(代码页 65001)。
  (编译源文件“frmEdgeWidthMeasure.cpp”)
  
G:\QMacVisual(CV3)(25000)\QMacVisual(CV3)2022.9.21(25000)\QMacVisual(CV3)\QPlugins\GeometryMeasure\EdgeWidthMeasure\mytitlebar.h(1,1): warning C4828: 文件包含在偏移 0x325 处开始的字符，该字符在当前源字符集中无效(代码页 65001)。
  (编译源文件“frmEdgeWidthMeasure.cpp”)
  
G:\QMacVisual(CV3)(25000)\QMacVisual(CV3)2022.9.21(25000)\QMacVisual(CV3)\QPlugins\GeometryMeasure\EdgeWidthMeasure\mytitlebar.h(1,1): warning C4828: 文件包含在偏移 0x326 处开始的字符，该字符在当前源字符集中无效(代码页 65001)。
  (编译源文件“frmEdgeWidthMeasure.cpp”)
  
G:\QMacVisual(CV3)(25000)\QMacVisual(CV3)2022.9.21(25000)\QMacVisual(CV3)\QPlugins\GeometryMeasure\EdgeWidthMeasure\mytitlebar.h(1,1): warning C4828: 文件包含在偏移 0x327 处开始的字符，该字符在当前源字符集中无效(代码页 65001)。
  (编译源文件“frmEdgeWidthMeasure.cpp”)
  
G:\QMacVisual(CV3)(25000)\QMacVisual(CV3)2022.9.21(25000)\QMacVisual(CV3)\QPlugins\GeometryMeasure\EdgeWidthMeasure\mytitlebar.h(1,1): warning C4828: 文件包含在偏移 0x32a 处开始的字符，该字符在当前源字符集中无效(代码页 65001)。
  (编译源文件“frmEdgeWidthMeasure.cpp”)
  
G:\QMacVisual(CV3)(25000)\QMacVisual(CV3)2022.9.21(25000)\QMacVisual(CV3)\QPlugins\GeometryMeasure\EdgeWidthMeasure\mytitlebar.h(1,1): warning C4828: 文件包含在偏移 0x32c 处开始的字符，该字符在当前源字符集中无效(代码页 65001)。
  (编译源文件“frmEdgeWidthMeasure.cpp”)
  
G:\QMacVisual(CV3)(25000)\QMacVisual(CV3)2022.9.21(25000)\QMacVisual(CV3)\QPlugins\GeometryMeasure\EdgeWidthMeasure\mytitlebar.h(1,1): warning C4828: 文件包含在偏移 0x32d 处开始的字符，该字符在当前源字符集中无效(代码页 65001)。
  (编译源文件“frmEdgeWidthMeasure.cpp”)
  
G:\QMacVisual(CV3)(25000)\QMacVisual(CV3)2022.9.21(25000)\QMacVisual(CV3)\QPlugins\GeometryMeasure\EdgeWidthMeasure\mytitlebar.h(1,1): warning C4828: 文件包含在偏移 0x32f 处开始的字符，该字符在当前源字符集中无效(代码页 65001)。
  (编译源文件“frmEdgeWidthMeasure.cpp”)
  
G:\QMacVisual(CV3)(25000)\QMacVisual(CV3)2022.9.21(25000)\QMacVisual(CV3)\QPlugins\GeometryMeasure\EdgeWidthMeasure\mytitlebar.h(1,1): warning C4828: 文件包含在偏移 0x330 处开始的字符，该字符在当前源字符集中无效(代码页 65001)。
  (编译源文件“frmEdgeWidthMeasure.cpp”)
  
G:\QMacVisual(CV3)(25000)\QMacVisual(CV3)2022.9.21(25000)\QMacVisual(CV3)\QPlugins\GeometryMeasure\EdgeWidthMeasure\mytitlebar.h(1,1): warning C4828: 文件包含在偏移 0x331 处开始的字符，该字符在当前源字符集中无效(代码页 65001)。
  (编译源文件“frmEdgeWidthMeasure.cpp”)
  
G:\QMacVisual(CV3)(25000)\QMacVisual(CV3)2022.9.21(25000)\QMacVisual(CV3)\QPlugins\GeometryMeasure\EdgeWidthMeasure\mytitlebar.h(1,1): warning C4828: 文件包含在偏移 0x332 处开始的字符，该字符在当前源字符集中无效(代码页 65001)。
  (编译源文件“frmEdgeWidthMeasure.cpp”)
  
G:\QMacVisual(CV3)(25000)\QMacVisual(CV3)2022.9.21(25000)\QMacVisual(CV3)\QPlugins\GeometryMeasure\EdgeWidthMeasure\mytitlebar.h(1,1): warning C4828: 文件包含在偏移 0x378 处开始的字符，该字符在当前源字符集中无效(代码页 65001)。
  (编译源文件“frmEdgeWidthMeasure.cpp”)
  
G:\QMacVisual(CV3)(25000)\QMacVisual(CV3)2022.9.21(25000)\QMacVisual(CV3)\QPlugins\GeometryMeasure\EdgeWidthMeasure\mytitlebar.h(1,1): warning C4828: 文件包含在偏移 0x379 处开始的字符，该字符在当前源字符集中无效(代码页 65001)。
  (编译源文件“frmEdgeWidthMeasure.cpp”)
  
G:\QMacVisual(CV3)(25000)\QMacVisual(CV3)2022.9.21(25000)\QMacVisual(CV3)\QPlugins\GeometryMeasure\EdgeWidthMeasure\mytitlebar.h(1,1): warning C4828: 文件包含在偏移 0x37d 处开始的字符，该字符在当前源字符集中无效(代码页 65001)。
  (编译源文件“frmEdgeWidthMeasure.cpp”)
  
G:\QMacVisual(CV3)(25000)\QMacVisual(CV3)2022.9.21(25000)\QMacVisual(CV3)\QPlugins\GeometryMeasure\EdgeWidthMeasure\mytitlebar.h(1,1): warning C4828: 文件包含在偏移 0x380 处开始的字符，该字符在当前源字符集中无效(代码页 65001)。
  (编译源文件“frmEdgeWidthMeasure.cpp”)
  
G:\QMacVisual(CV3)(25000)\QMacVisual(CV3)2022.9.21(25000)\QMacVisual(CV3)\QPlugins\GeometryMeasure\EdgeWidthMeasure\mytitlebar.h(1,1): warning C4828: 文件包含在偏移 0x381 处开始的字符，该字符在当前源字符集中无效(代码页 65001)。
  (编译源文件“frmEdgeWidthMeasure.cpp”)
  
G:\QMacVisual(CV3)(25000)\QMacVisual(CV3)2022.9.21(25000)\QMacVisual(CV3)\QPlugins\GeometryMeasure\EdgeWidthMeasure\mytitlebar.h(1,1): warning C4828: 文件包含在偏移 0x384 处开始的字符，该字符在当前源字符集中无效(代码页 65001)。
  (编译源文件“frmEdgeWidthMeasure.cpp”)
  
G:\QMacVisual(CV3)(25000)\QMacVisual(CV3)2022.9.21(25000)\QMacVisual(CV3)\QPlugins\GeometryMeasure\EdgeWidthMeasure\mytitlebar.h(1,1): warning C4828: 文件包含在偏移 0x385 处开始的字符，该字符在当前源字符集中无效(代码页 65001)。
  (编译源文件“frmEdgeWidthMeasure.cpp”)
  
G:\QMacVisual(CV3)(25000)\QMacVisual(CV3)2022.9.21(25000)\QMacVisual(CV3)\QPlugins\GeometryMeasure\EdgeWidthMeasure\mytitlebar.h(1,1): warning C4828: 文件包含在偏移 0x386 处开始的字符，该字符在当前源字符集中无效(代码页 65001)。
  (编译源文件“frmEdgeWidthMeasure.cpp”)
  
G:\QMacVisual(CV3)(25000)\QMacVisual(CV3)2022.9.21(25000)\QMacVisual(CV3)\QPlugins\GeometryMeasure\EdgeWidthMeasure\mytitlebar.h(1,1): warning C4828: 文件包含在偏移 0x389 处开始的字符，该字符在当前源字符集中无效(代码页 65001)。
  (编译源文件“frmEdgeWidthMeasure.cpp”)
  
G:\QMacVisual(CV3)(25000)\QMacVisual(CV3)2022.9.21(25000)\QMacVisual(CV3)\QPlugins\GeometryMeasure\EdgeWidthMeasure\mytitlebar.h(1,1): warning C4828: 文件包含在偏移 0x38b 处开始的字符，该字符在当前源字符集中无效(代码页 65001)。
  (编译源文件“frmEdgeWidthMeasure.cpp”)
  
G:\QMacVisual(CV3)(25000)\QMacVisual(CV3)2022.9.21(25000)\QMacVisual(CV3)\QPlugins\GeometryMeasure\EdgeWidthMeasure\mytitlebar.h(1,1): warning C4828: 文件包含在偏移 0x38c 处开始的字符，该字符在当前源字符集中无效(代码页 65001)。
  (编译源文件“frmEdgeWidthMeasure.cpp”)
  
G:\QMacVisual(CV3)(25000)\QMacVisual(CV3)2022.9.21(25000)\QMacVisual(CV3)\QPlugins\GeometryMeasure\EdgeWidthMeasure\mytitlebar.h(1,1): warning C4828: 文件包含在偏移 0x38e 处开始的字符，该字符在当前源字符集中无效(代码页 65001)。
  (编译源文件“frmEdgeWidthMeasure.cpp”)
  
G:\QMacVisual(CV3)(25000)\QMacVisual(CV3)2022.9.21(25000)\QMacVisual(CV3)\QPlugins\GeometryMeasure\EdgeWidthMeasure\mytitlebar.h(1,1): warning C4828: 文件包含在偏移 0x38f 处开始的字符，该字符在当前源字符集中无效(代码页 65001)。
  (编译源文件“frmEdgeWidthMeasure.cpp”)
  
G:\QMacVisual(CV3)(25000)\QMacVisual(CV3)2022.9.21(25000)\QMacVisual(CV3)\QPlugins\GeometryMeasure\EdgeWidthMeasure\mytitlebar.h(1,1): warning C4828: 文件包含在偏移 0x390 处开始的字符，该字符在当前源字符集中无效(代码页 65001)。
  (编译源文件“frmEdgeWidthMeasure.cpp”)
  
G:\QMacVisual(CV3)(25000)\QMacVisual(CV3)2022.9.21(25000)\QMacVisual(CV3)\QPlugins\GeometryMeasure\EdgeWidthMeasure\mytitlebar.h(1,1): warning C4828: 文件包含在偏移 0x391 处开始的字符，该字符在当前源字符集中无效(代码页 65001)。
  (编译源文件“frmEdgeWidthMeasure.cpp”)
  
G:\QMacVisual(CV3)(25000)\QMacVisual(CV3)2022.9.21(25000)\QMacVisual(CV3)\QPlugins\GeometryMeasure\EdgeWidthMeasure\mytitlebar.h(1,1): warning C4828: 文件包含在偏移 0x4b6 处开始的字符，该字符在当前源字符集中无效(代码页 65001)。
  (编译源文件“frmEdgeWidthMeasure.cpp”)
  
G:\QMacVisual(CV3)(25000)\QMacVisual(CV3)2022.9.21(25000)\QMacVisual(CV3)\QPlugins\GeometryMeasure\EdgeWidthMeasure\mytitlebar.h(1,1): warning C4828: 文件包含在偏移 0x4b7 处开始的字符，该字符在当前源字符集中无效(代码页 65001)。
  (编译源文件“frmEdgeWidthMeasure.cpp”)
  
G:\QMacVisual(CV3)(25000)\QMacVisual(CV3)2022.9.21(25000)\QMacVisual(CV3)\QPlugins\GeometryMeasure\EdgeWidthMeasure\mytitlebar.h(1,1): warning C4828: 文件包含在偏移 0x4bb 处开始的字符，该字符在当前源字符集中无效(代码页 65001)。
  (编译源文件“frmEdgeWidthMeasure.cpp”)
  
G:\QMacVisual(CV3)(25000)\QMacVisual(CV3)2022.9.21(25000)\QMacVisual(CV3)\QPlugins\GeometryMeasure\EdgeWidthMeasure\mytitlebar.h(1,1): warning C4828: 文件包含在偏移 0x4bc 处开始的字符，该字符在当前源字符集中无效(代码页 65001)。
  (编译源文件“frmEdgeWidthMeasure.cpp”)
  
G:\QMacVisual(CV3)(25000)\QMacVisual(CV3)2022.9.21(25000)\QMacVisual(CV3)\QPlugins\GeometryMeasure\EdgeWidthMeasure\mytitlebar.h(1,1): warning C4828: 文件包含在偏移 0x4bf 处开始的字符，该字符在当前源字符集中无效(代码页 65001)。
  (编译源文件“frmEdgeWidthMeasure.cpp”)
  
G:\QMacVisual(CV3)(25000)\QMacVisual(CV3)2022.9.21(25000)\QMacVisual(CV3)\QPlugins\GeometryMeasure\EdgeWidthMeasure\mytitlebar.h(1,1): warning C4828: 文件包含在偏移 0x4db 处开始的字符，该字符在当前源字符集中无效(代码页 65001)。
  (编译源文件“frmEdgeWidthMeasure.cpp”)
  
G:\QMacVisual(CV3)(25000)\QMacVisual(CV3)2022.9.21(25000)\QMacVisual(CV3)\QPlugins\GeometryMeasure\EdgeWidthMeasure\mytitlebar.h(1,1): warning C4828: 文件包含在偏移 0x4dd 处开始的字符，该字符在当前源字符集中无效(代码页 65001)。
  (编译源文件“frmEdgeWidthMeasure.cpp”)
  
G:\QMacVisual(CV3)(25000)\QMacVisual(CV3)2022.9.21(25000)\QMacVisual(CV3)\QPlugins\GeometryMeasure\EdgeWidthMeasure\mytitlebar.h(1,1): warning C4828: 文件包含在偏移 0x4e4 处开始的字符，该字符在当前源字符集中无效(代码页 65001)。
  (编译源文件“frmEdgeWidthMeasure.cpp”)
  
G:\QMacVisual(CV3)(25000)\QMacVisual(CV3)2022.9.21(25000)\QMacVisual(CV3)\QPlugins\GeometryMeasure\EdgeWidthMeasure\mytitlebar.h(1,1): warning C4828: 文件包含在偏移 0x506 处开始的字符，该字符在当前源字符集中无效(代码页 65001)。
  (编译源文件“frmEdgeWidthMeasure.cpp”)
  
G:\QMacVisual(CV3)(25000)\QMacVisual(CV3)2022.9.21(25000)\QMacVisual(CV3)\QPlugins\GeometryMeasure\EdgeWidthMeasure\mytitlebar.h(1,1): warning C4828: 文件包含在偏移 0x507 处开始的字符，该字符在当前源字符集中无效(代码页 65001)。
  (编译源文件“frmEdgeWidthMeasure.cpp”)
  
G:\QMacVisual(CV3)(25000)\QMacVisual(CV3)2022.9.21(25000)\QMacVisual(CV3)\QPlugins\GeometryMeasure\EdgeWidthMeasure\mytitlebar.h(1,1): warning C4828: 文件包含在偏移 0x509 处开始的字符，该字符在当前源字符集中无效(代码页 65001)。
  (编译源文件“frmEdgeWidthMeasure.cpp”)
  
G:\QMacVisual(CV3)(25000)\QMacVisual(CV3)2022.9.21(25000)\QMacVisual(CV3)\QPlugins\GeometryMeasure\EdgeWidthMeasure\mytitlebar.h(1,1): warning C4828: 文件包含在偏移 0x50b 处开始的字符，该字符在当前源字符集中无效(代码页 65001)。
  (编译源文件“frmEdgeWidthMeasure.cpp”)
  
G:\QMacVisual(CV3)(25000)\QMacVisual(CV3)2022.9.21(25000)\QMacVisual(CV3)\QPlugins\GeometryMeasure\EdgeWidthMeasure\mytitlebar.h(1,1): warning C4828: 文件包含在偏移 0x50e 处开始的字符，该字符在当前源字符集中无效(代码页 65001)。
  (编译源文件“frmEdgeWidthMeasure.cpp”)
  
G:\QMacVisual(CV3)(25000)\QMacVisual(CV3)2022.9.21(25000)\QMacVisual(CV3)\QPlugins\GeometryMeasure\EdgeWidthMeasure\mytitlebar.h(1,1): warning C4828: 文件包含在偏移 0x510 处开始的字符，该字符在当前源字符集中无效(代码页 65001)。
  (编译源文件“frmEdgeWidthMeasure.cpp”)
  
G:\QMacVisual(CV3)(25000)\QMacVisual(CV3)2022.9.21(25000)\QMacVisual(CV3)\QPlugins\GeometryMeasure\EdgeWidthMeasure\mytitlebar.h(1,1): warning C4828: 文件包含在偏移 0x511 处开始的字符，该字符在当前源字符集中无效(代码页 65001)。
  (编译源文件“frmEdgeWidthMeasure.cpp”)
  
G:\QMacVisual(CV3)(25000)\QMacVisual(CV3)2022.9.21(25000)\QMacVisual(CV3)\QPlugins\GeometryMeasure\EdgeWidthMeasure\mytitlebar.h(1,1): warning C4828: 文件包含在偏移 0x554 处开始的字符，该字符在当前源字符集中无效(代码页 65001)。
  (编译源文件“frmEdgeWidthMeasure.cpp”)
  
G:\QMacVisual(CV3)(25000)\QMacVisual(CV3)2022.9.21(25000)\QMacVisual(CV3)\QPlugins\GeometryMeasure\EdgeWidthMeasure\mytitlebar.h(1,1): warning C4828: 文件包含在偏移 0x555 处开始的字符，该字符在当前源字符集中无效(代码页 65001)。
  (编译源文件“frmEdgeWidthMeasure.cpp”)
  
G:\QMacVisual(CV3)(25000)\QMacVisual(CV3)2022.9.21(25000)\QMacVisual(CV3)\QPlugins\GeometryMeasure\EdgeWidthMeasure\mytitlebar.h(1,1): warning C4828: 文件包含在偏移 0x558 处开始的字符，该字符在当前源字符集中无效(代码页 65001)。
  (编译源文件“frmEdgeWidthMeasure.cpp”)
  
G:\QMacVisual(CV3)(25000)\QMacVisual(CV3)2022.9.21(25000)\QMacVisual(CV3)\QPlugins\GeometryMeasure\EdgeWidthMeasure\mytitlebar.h(1,1): warning C4828: 文件包含在偏移 0x559 处开始的字符，该字符在当前源字符集中无效(代码页 65001)。
  (编译源文件“frmEdgeWidthMeasure.cpp”)
  
G:\QMacVisual(CV3)(25000)\QMacVisual(CV3)2022.9.21(25000)\QMacVisual(CV3)\QPlugins\GeometryMeasure\EdgeWidthMeasure\mytitlebar.h(1,1): warning C4828: 文件包含在偏移 0x55a 处开始的字符，该字符在当前源字符集中无效(代码页 65001)。
  (编译源文件“frmEdgeWidthMeasure.cpp”)
  
G:\QMacVisual(CV3)(25000)\QMacVisual(CV3)2022.9.21(25000)\QMacVisual(CV3)\QPlugins\GeometryMeasure\EdgeWidthMeasure\mytitlebar.h(1,1): warning C4828: 文件包含在偏移 0x55b 处开始的字符，该字符在当前源字符集中无效(代码页 65001)。
  (编译源文件“frmEdgeWidthMeasure.cpp”)
  
G:\QMacVisual(CV3)(25000)\QMacVisual(CV3)2022.9.21(25000)\QMacVisual(CV3)\QPlugins\GeometryMeasure\EdgeWidthMeasure\mytitlebar.h(1,1): warning C4828: 文件包含在偏移 0x55c 处开始的字符，该字符在当前源字符集中无效(代码页 65001)。
  (编译源文件“frmEdgeWidthMeasure.cpp”)
  
G:\QMacVisual(CV3)(25000)\QMacVisual(CV3)2022.9.21(25000)\QMacVisual(CV3)\QPlugins\GeometryMeasure\EdgeWidthMeasure\mytitlebar.h(1,1): warning C4828: 文件包含在偏移 0x55d 处开始的字符，该字符在当前源字符集中无效(代码页 65001)。
  (编译源文件“frmEdgeWidthMeasure.cpp”)
  
G:\QMacVisual(CV3)(25000)\QMacVisual(CV3)2022.9.21(25000)\QMacVisual(CV3)\QPlugins\GeometryMeasure\EdgeWidthMeasure\mytitlebar.h(1,1): warning C4828: 文件包含在偏移 0x561 处开始的字符，该字符在当前源字符集中无效(代码页 65001)。
  (编译源文件“frmEdgeWidthMeasure.cpp”)
  
G:\QMacVisual(CV3)(25000)\QMacVisual(CV3)2022.9.21(25000)\QMacVisual(CV3)\QPlugins\GeometryMeasure\EdgeWidthMeasure\mytitlebar.h(1,1): warning C4828: 文件包含在偏移 0x603 处开始的字符，该字符在当前源字符集中无效(代码页 65001)。
  (编译源文件“frmEdgeWidthMeasure.cpp”)
  
G:\QMacVisual(CV3)(25000)\QMacVisual(CV3)2022.9.21(25000)\QMacVisual(CV3)\QPlugins\GeometryMeasure\EdgeWidthMeasure\mytitlebar.h(1,1): warning C4828: 文件包含在偏移 0x604 处开始的字符，该字符在当前源字符集中无效(代码页 65001)。
  (编译源文件“frmEdgeWidthMeasure.cpp”)
  
G:\QMacVisual(CV3)(25000)\QMacVisual(CV3)2022.9.21(25000)\QMacVisual(CV3)\QPlugins\GeometryMeasure\EdgeWidthMeasure\mytitlebar.h(1,1): warning C4828: 文件包含在偏移 0x607 处开始的字符，该字符在当前源字符集中无效(代码页 65001)。
  (编译源文件“frmEdgeWidthMeasure.cpp”)
  
G:\QMacVisual(CV3)(25000)\QMacVisual(CV3)2022.9.21(25000)\QMacVisual(CV3)\QPlugins\GeometryMeasure\EdgeWidthMeasure\mytitlebar.h(1,1): warning C4828: 文件包含在偏移 0x608 处开始的字符，该字符在当前源字符集中无效(代码页 65001)。
  (编译源文件“frmEdgeWidthMeasure.cpp”)
  
G:\QMacVisual(CV3)(25000)\QMacVisual(CV3)2022.9.21(25000)\QMacVisual(CV3)\QPlugins\GeometryMeasure\EdgeWidthMeasure\mytitlebar.h(1,1): warning C4828: 文件包含在偏移 0x609 处开始的字符，该字符在当前源字符集中无效(代码页 65001)。
  (编译源文件“frmEdgeWidthMeasure.cpp”)
  
G:\QMacVisual(CV3)(25000)\QMacVisual(CV3)2022.9.21(25000)\QMacVisual(CV3)\QPlugins\GeometryMeasure\EdgeWidthMeasure\mytitlebar.h(1,1): warning C4828: 文件包含在偏移 0x60a 处开始的字符，该字符在当前源字符集中无效(代码页 65001)。
  (编译源文件“frmEdgeWidthMeasure.cpp”)
  
G:\QMacVisual(CV3)(25000)\QMacVisual(CV3)2022.9.21(25000)\QMacVisual(CV3)\QPlugins\GeometryMeasure\EdgeWidthMeasure\mytitlebar.h(1,1): warning C4828: 文件包含在偏移 0x60b 处开始的字符，该字符在当前源字符集中无效(代码页 65001)。
  (编译源文件“frmEdgeWidthMeasure.cpp”)
  
G:\QMacVisual(CV3)(25000)\QMacVisual(CV3)2022.9.21(25000)\QMacVisual(CV3)\QPlugins\GeometryMeasure\EdgeWidthMeasure\mytitlebar.h(1,1): warning C4828: 文件包含在偏移 0x610 处开始的字符，该字符在当前源字符集中无效(代码页 65001)。
  (编译源文件“frmEdgeWidthMeasure.cpp”)
  
G:\QMacVisual(CV3)(25000)\QMacVisual(CV3)2022.9.21(25000)\QMacVisual(CV3)\QPlugins\GeometryMeasure\EdgeWidthMeasure\mytitlebar.h(1,1): warning C4828: 文件包含在偏移 0x611 处开始的字符，该字符在当前源字符集中无效(代码页 65001)。
  (编译源文件“frmEdgeWidthMeasure.cpp”)
  
G:\QMacVisual(CV3)(25000)\QMacVisual(CV3)2022.9.21(25000)\QMacVisual(CV3)\QPlugins\GeometryMeasure\EdgeWidthMeasure\mytitlebar.h(1,1): warning C4828: 文件包含在偏移 0x6c9 处开始的字符，该字符在当前源字符集中无效(代码页 65001)。
  (编译源文件“frmEdgeWidthMeasure.cpp”)
  
G:\QMacVisual(CV3)(25000)\QMacVisual(CV3)2022.9.21(25000)\QMacVisual(CV3)\QPlugins\GeometryMeasure\EdgeWidthMeasure\mytitlebar.h(1,1): warning C4828: 文件包含在偏移 0x6ca 处开始的字符，该字符在当前源字符集中无效(代码页 65001)。
  (编译源文件“frmEdgeWidthMeasure.cpp”)
  
G:\QMacVisual(CV3)(25000)\QMacVisual(CV3)2022.9.21(25000)\QMacVisual(CV3)\QPlugins\GeometryMeasure\EdgeWidthMeasure\mytitlebar.h(1,1): warning C4828: 文件包含在偏移 0x6cd 处开始的字符，该字符在当前源字符集中无效(代码页 65001)。
  (编译源文件“frmEdgeWidthMeasure.cpp”)
  
G:\QMacVisual(CV3)(25000)\QMacVisual(CV3)2022.9.21(25000)\QMacVisual(CV3)\QPlugins\GeometryMeasure\EdgeWidthMeasure\mytitlebar.h(1,1): warning C4828: 文件包含在偏移 0x6ce 处开始的字符，该字符在当前源字符集中无效(代码页 65001)。
  (编译源文件“frmEdgeWidthMeasure.cpp”)
  
G:\QMacVisual(CV3)(25000)\QMacVisual(CV3)2022.9.21(25000)\QMacVisual(CV3)\QPlugins\GeometryMeasure\EdgeWidthMeasure\mytitlebar.h(1,1): warning C4828: 文件包含在偏移 0x6d1 处开始的字符，该字符在当前源字符集中无效(代码页 65001)。
  (编译源文件“frmEdgeWidthMeasure.cpp”)
  
G:\QMacVisual(CV3)(25000)\QMacVisual(CV3)2022.9.21(25000)\QMacVisual(CV3)\QPlugins\GeometryMeasure\EdgeWidthMeasure\mytitlebar.h(1,1): warning C4828: 文件包含在偏移 0x6d2 处开始的字符，该字符在当前源字符集中无效(代码页 65001)。
  (编译源文件“frmEdgeWidthMeasure.cpp”)
  
G:\QMacVisual(CV3)(25000)\QMacVisual(CV3)2022.9.21(25000)\QMacVisual(CV3)\QPlugins\GeometryMeasure\EdgeWidthMeasure\mytitlebar.h(1,1): warning C4828: 文件包含在偏移 0x6f3 处开始的字符，该字符在当前源字符集中无效(代码页 65001)。
  (编译源文件“frmEdgeWidthMeasure.cpp”)
  
G:\QMacVisual(CV3)(25000)\QMacVisual(CV3)2022.9.21(25000)\QMacVisual(CV3)\QPlugins\GeometryMeasure\EdgeWidthMeasure\mytitlebar.h(1,1): warning C4828: 文件包含在偏移 0x6f4 处开始的字符，该字符在当前源字符集中无效(代码页 65001)。
  (编译源文件“frmEdgeWidthMeasure.cpp”)
  
G:\QMacVisual(CV3)(25000)\QMacVisual(CV3)2022.9.21(25000)\QMacVisual(CV3)\QPlugins\GeometryMeasure\EdgeWidthMeasure\mytitlebar.h(1,1): warning C4828: 文件包含在偏移 0x6f7 处开始的字符，该字符在当前源字符集中无效(代码页 65001)。
  (编译源文件“frmEdgeWidthMeasure.cpp”)
  
G:\QMacVisual(CV3)(25000)\QMacVisual(CV3)2022.9.21(25000)\QMacVisual(CV3)\QPlugins\GeometryMeasure\EdgeWidthMeasure\mytitlebar.h(1,1): warning C4828: 文件包含在偏移 0x6f8 处开始的字符，该字符在当前源字符集中无效(代码页 65001)。
  (编译源文件“frmEdgeWidthMeasure.cpp”)
  
G:\QMacVisual(CV3)(25000)\QMacVisual(CV3)2022.9.21(25000)\QMacVisual(CV3)\QPlugins\GeometryMeasure\EdgeWidthMeasure\mytitlebar.h(1,1): warning C4828: 文件包含在偏移 0x6f9 处开始的字符，该字符在当前源字符集中无效(代码页 65001)。
  (编译源文件“frmEdgeWidthMeasure.cpp”)
  
G:\QMacVisual(CV3)(25000)\QMacVisual(CV3)2022.9.21(25000)\QMacVisual(CV3)\QPlugins\GeometryMeasure\EdgeWidthMeasure\mytitlebar.h(1,1): warning C4828: 文件包含在偏移 0x6fb 处开始的字符，该字符在当前源字符集中无效(代码页 65001)。
  (编译源文件“frmEdgeWidthMeasure.cpp”)
  
G:\QMacVisual(CV3)(25000)\QMacVisual(CV3)2022.9.21(25000)\QMacVisual(CV3)\QPlugins\GeometryMeasure\EdgeWidthMeasure\mytitlebar.h(1,1): warning C4828: 文件包含在偏移 0x71f 处开始的字符，该字符在当前源字符集中无效(代码页 65001)。
  (编译源文件“frmEdgeWidthMeasure.cpp”)
  
G:\QMacVisual(CV3)(25000)\QMacVisual(CV3)2022.9.21(25000)\QMacVisual(CV3)\QPlugins\GeometryMeasure\EdgeWidthMeasure\mytitlebar.h(1,1): warning C4828: 文件包含在偏移 0x723 处开始的字符，该字符在当前源字符集中无效(代码页 65001)。
  (编译源文件“frmEdgeWidthMeasure.cpp”)
  
G:\QMacVisual(CV3)(25000)\QMacVisual(CV3)2022.9.21(25000)\QMacVisual(CV3)\QPlugins\GeometryMeasure\EdgeWidthMeasure\mytitlebar.h(1,1): warning C4828: 文件包含在偏移 0x724 处开始的字符，该字符在当前源字符集中无效(代码页 65001)。
  (编译源文件“frmEdgeWidthMeasure.cpp”)
  
G:\QMacVisual(CV3)(25000)\QMacVisual(CV3)2022.9.21(25000)\QMacVisual(CV3)\QPlugins\GeometryMeasure\EdgeWidthMeasure\mytitlebar.h(1,1): warning C4828: 文件包含在偏移 0x725 处开始的字符，该字符在当前源字符集中无效(代码页 65001)。
  (编译源文件“frmEdgeWidthMeasure.cpp”)
  
G:\QMacVisual(CV3)(25000)\QMacVisual(CV3)2022.9.21(25000)\QMacVisual(CV3)\QPlugins\GeometryMeasure\EdgeWidthMeasure\mytitlebar.h(1,1): warning C4828: 文件包含在偏移 0x726 处开始的字符，该字符在当前源字符集中无效(代码页 65001)。
  (编译源文件“frmEdgeWidthMeasure.cpp”)
  
G:\QMacVisual(CV3)(25000)\QMacVisual(CV3)2022.9.21(25000)\QMacVisual(CV3)\QPlugins\GeometryMeasure\EdgeWidthMeasure\mytitlebar.h(1,1): warning C4828: 文件包含在偏移 0x74e 处开始的字符，该字符在当前源字符集中无效(代码页 65001)。
  (编译源文件“frmEdgeWidthMeasure.cpp”)
  
G:\QMacVisual(CV3)(25000)\QMacVisual(CV3)2022.9.21(25000)\QMacVisual(CV3)\QPlugins\GeometryMeasure\EdgeWidthMeasure\mytitlebar.h(1,1): warning C4828: 文件包含在偏移 0x750 处开始的字符，该字符在当前源字符集中无效(代码页 65001)。
  (编译源文件“frmEdgeWidthMeasure.cpp”)
  
G:\QMacVisual(CV3)(25000)\QMacVisual(CV3)2022.9.21(25000)\QMacVisual(CV3)\QPlugins\GeometryMeasure\EdgeWidthMeasure\mytitlebar.h(1,1): warning C4828: 文件包含在偏移 0x755 处开始的字符，该字符在当前源字符集中无效(代码页 65001)。
  (编译源文件“frmEdgeWidthMeasure.cpp”)
  
G:\QMacVisual(CV3)(25000)\QMacVisual(CV3)2022.9.21(25000)\QMacVisual(CV3)\QPlugins\GeometryMeasure\EdgeWidthMeasure\mytitlebar.h(1,1): warning C4828: 文件包含在偏移 0x758 处开始的字符，该字符在当前源字符集中无效(代码页 65001)。
  (编译源文件“frmEdgeWidthMeasure.cpp”)
  
G:\QMacVisual(CV3)(25000)\QMacVisual(CV3)2022.9.21(25000)\QMacVisual(CV3)\QPlugins\GeometryMeasure\EdgeWidthMeasure\mytitlebar.h(1,1): warning C4828: 文件包含在偏移 0x759 处开始的字符，该字符在当前源字符集中无效(代码页 65001)。
  (编译源文件“frmEdgeWidthMeasure.cpp”)
  
G:\QMacVisual(CV3)(25000)\QMacVisual(CV3)2022.9.21(25000)\QMacVisual(CV3)\QPlugins\GeometryMeasure\EdgeWidthMeasure\mytitlebar.h(1,1): warning C4828: 文件包含在偏移 0x77e 处开始的字符，该字符在当前源字符集中无效(代码页 65001)。
  (编译源文件“frmEdgeWidthMeasure.cpp”)
  
G:\QMacVisual(CV3)(25000)\QMacVisual(CV3)2022.9.21(25000)\QMacVisual(CV3)\QPlugins\GeometryMeasure\EdgeWidthMeasure\mytitlebar.h(1,1): warning C4828: 文件包含在偏移 0x780 处开始的字符，该字符在当前源字符集中无效(代码页 65001)。
  (编译源文件“frmEdgeWidthMeasure.cpp”)
  
G:\QMacVisual(CV3)(25000)\QMacVisual(CV3)2022.9.21(25000)\QMacVisual(CV3)\QPlugins\GeometryMeasure\EdgeWidthMeasure\mytitlebar.h(1,1): warning C4828: 文件包含在偏移 0x785 处开始的字符，该字符在当前源字符集中无效(代码页 65001)。
  (编译源文件“frmEdgeWidthMeasure.cpp”)
  
G:\QMacVisual(CV3)(25000)\QMacVisual(CV3)2022.9.21(25000)\QMacVisual(CV3)\QPlugins\GeometryMeasure\EdgeWidthMeasure\mytitlebar.h(1,1): warning C4828: 文件包含在偏移 0x7ab 处开始的字符，该字符在当前源字符集中无效(代码页 65001)。
  (编译源文件“frmEdgeWidthMeasure.cpp”)
  
G:\QMacVisual(CV3)(25000)\QMacVisual(CV3)2022.9.21(25000)\QMacVisual(CV3)\QPlugins\GeometryMeasure\EdgeWidthMeasure\mytitlebar.h(1,1): warning C4828: 文件包含在偏移 0x7b0 处开始的字符，该字符在当前源字符集中无效(代码页 65001)。
  (编译源文件“frmEdgeWidthMeasure.cpp”)
  
G:\QMacVisual(CV3)(25000)\QMacVisual(CV3)2022.9.21(25000)\QMacVisual(CV3)\QPlugins\GeometryMeasure\EdgeWidthMeasure\mytitlebar.h(1,1): warning C4828: 文件包含在偏移 0x7b9 处开始的字符，该字符在当前源字符集中无效(代码页 65001)。
  (编译源文件“frmEdgeWidthMeasure.cpp”)
  
G:\QMacVisual(CV3)(25000)\QMacVisual(CV3)2022.9.21(25000)\QMacVisual(CV3)\QPlugins\GeometryMeasure\EdgeWidthMeasure\mytitlebar.h(1,1): warning C4828: 文件包含在偏移 0x7ba 处开始的字符，该字符在当前源字符集中无效(代码页 65001)。
  (编译源文件“frmEdgeWidthMeasure.cpp”)
  
G:\QMacVisual(CV3)(25000)\QMacVisual(CV3)2022.9.21(25000)\QMacVisual(CV3)\QPlugins\GeometryMeasure\EdgeWidthMeasure\mytitlebar.h(1,1): warning C4828: 文件包含在偏移 0x7bd 处开始的字符，该字符在当前源字符集中无效(代码页 65001)。
  (编译源文件“frmEdgeWidthMeasure.cpp”)
  
G:\QMacVisual(CV3)(25000)\QMacVisual(CV3)2022.9.21(25000)\QMacVisual(CV3)\QPlugins\GeometryMeasure\EdgeWidthMeasure\mytitlebar.h(1,1): warning C4828: 文件包含在偏移 0x7be 处开始的字符，该字符在当前源字符集中无效(代码页 65001)。
  (编译源文件“frmEdgeWidthMeasure.cpp”)
  
G:\QMacVisual(CV3)(25000)\QMacVisual(CV3)2022.9.21(25000)\QMacVisual(CV3)\QPlugins\GeometryMeasure\EdgeWidthMeasure\mytitlebar.h(1,1): warning C4828: 文件包含在偏移 0x7bf 处开始的字符，该字符在当前源字符集中无效(代码页 65001)。
  (编译源文件“frmEdgeWidthMeasure.cpp”)
  
G:\QMacVisual(CV3)(25000)\QMacVisual(CV3)2022.9.21(25000)\QMacVisual(CV3)\QPlugins\GeometryMeasure\EdgeWidthMeasure\mytitlebar.h(1,1): warning C4828: 文件包含在偏移 0x7c0 处开始的字符，该字符在当前源字符集中无效(代码页 65001)。
  (编译源文件“frmEdgeWidthMeasure.cpp”)
  
G:\QMacVisual(CV3)(25000)\QMacVisual(CV3)2022.9.21(25000)\QMacVisual(CV3)\QPlugins\GeometryMeasure\EdgeWidthMeasure\mytitlebar.h(1,1): warning C4828: 文件包含在偏移 0x7c1 处开始的字符，该字符在当前源字符集中无效(代码页 65001)。
  (编译源文件“frmEdgeWidthMeasure.cpp”)
  
G:\QMacVisual(CV3)(25000)\QMacVisual(CV3)2022.9.21(25000)\QMacVisual(CV3)\QPlugins\GeometryMeasure\EdgeWidthMeasure\mytitlebar.h(1,1): warning C4828: 文件包含在偏移 0x7c2 处开始的字符，该字符在当前源字符集中无效(代码页 65001)。
  (编译源文件“frmEdgeWidthMeasure.cpp”)
  
G:\QMacVisual(CV3)(25000)\QMacVisual(CV3)2022.9.21(25000)\QMacVisual(CV3)\QPlugins\GeometryMeasure\EdgeWidthMeasure\mytitlebar.h(1,1): warning C4828: 文件包含在偏移 0x7fa 处开始的字符，该字符在当前源字符集中无效(代码页 65001)。
  (编译源文件“frmEdgeWidthMeasure.cpp”)
  
G:\QMacVisual(CV3)(25000)\QMacVisual(CV3)2022.9.21(25000)\QMacVisual(CV3)\QPlugins\GeometryMeasure\EdgeWidthMeasure\mytitlebar.h(1,1): warning C4828: 文件包含在偏移 0x7fc 处开始的字符，该字符在当前源字符集中无效(代码页 65001)。
  (编译源文件“frmEdgeWidthMeasure.cpp”)
  
G:\QMacVisual(CV3)(25000)\QMacVisual(CV3)2022.9.21(25000)\QMacVisual(CV3)\QPlugins\GeometryMeasure\EdgeWidthMeasure\mytitlebar.h(1,1): warning C4828: 文件包含在偏移 0x801 处开始的字符，该字符在当前源字符集中无效(代码页 65001)。
  (编译源文件“frmEdgeWidthMeasure.cpp”)
  
G:\QMacVisual(CV3)(25000)\QMacVisual(CV3)2022.9.21(25000)\QMacVisual(CV3)\QPlugins\GeometryMeasure\EdgeWidthMeasure\mytitlebar.h(1,1): warning C4828: 文件包含在偏移 0x802 处开始的字符，该字符在当前源字符集中无效(代码页 65001)。
  (编译源文件“frmEdgeWidthMeasure.cpp”)
  
G:\QMacVisual(CV3)(25000)\QMacVisual(CV3)2022.9.21(25000)\QMacVisual(CV3)\QPlugins\GeometryMeasure\EdgeWidthMeasure\mytitlebar.h(1,1): warning C4828: 文件包含在偏移 0x806 处开始的字符，该字符在当前源字符集中无效(代码页 65001)。
  (编译源文件“frmEdgeWidthMeasure.cpp”)
  
G:\QMacVisual(CV3)(25000)\QMacVisual(CV3)2022.9.21(25000)\QMacVisual(CV3)\QPlugins\GeometryMeasure\EdgeWidthMeasure\mytitlebar.h(1,1): warning C4828: 文件包含在偏移 0x807 处开始的字符，该字符在当前源字符集中无效(代码页 65001)。
  (编译源文件“frmEdgeWidthMeasure.cpp”)
  
G:\QMacVisual(CV3)(25000)\QMacVisual(CV3)2022.9.21(25000)\QMacVisual(CV3)\QPlugins\GeometryMeasure\EdgeWidthMeasure\mytitlebar.h(1,1): warning C4828: 文件包含在偏移 0x808 处开始的字符，该字符在当前源字符集中无效(代码页 65001)。
  (编译源文件“frmEdgeWidthMeasure.cpp”)
  
G:\QMacVisual(CV3)(25000)\QMacVisual(CV3)2022.9.21(25000)\QMacVisual(CV3)\QPlugins\GeometryMeasure\EdgeWidthMeasure\mytitlebar.h(1,1): warning C4828: 文件包含在偏移 0x809 处开始的字符，该字符在当前源字符集中无效(代码页 65001)。
  (编译源文件“frmEdgeWidthMeasure.cpp”)
  
G:\QMacVisual(CV3)(25000)\QMacVisual(CV3)2022.9.21(25000)\QMacVisual(CV3)\QPlugins\GeometryMeasure\EdgeWidthMeasure\mytitlebar.h(1,1): warning C4828: 文件包含在偏移 0x83f 处开始的字符，该字符在当前源字符集中无效(代码页 65001)。
  (编译源文件“frmEdgeWidthMeasure.cpp”)
  
G:\QMacVisual(CV3)(25000)\QMacVisual(CV3)2022.9.21(25000)\QMacVisual(CV3)\QPlugins\GeometryMeasure\EdgeWidthMeasure\mytitlebar.h(1,1): warning C4828: 文件包含在偏移 0x841 处开始的字符，该字符在当前源字符集中无效(代码页 65001)。
  (编译源文件“frmEdgeWidthMeasure.cpp”)
  
G:\QMacVisual(CV3)(25000)\QMacVisual(CV3)2022.9.21(25000)\QMacVisual(CV3)\QPlugins\GeometryMeasure\EdgeWidthMeasure\mytitlebar.h(1,1): warning C4828: 文件包含在偏移 0x842 处开始的字符，该字符在当前源字符集中无效(代码页 65001)。
  (编译源文件“frmEdgeWidthMeasure.cpp”)
  
G:\QMacVisual(CV3)(25000)\QMacVisual(CV3)2022.9.21(25000)\QMacVisual(CV3)\QPlugins\GeometryMeasure\EdgeWidthMeasure\mytitlebar.h(1,1): warning C4828: 文件包含在偏移 0x843 处开始的字符，该字符在当前源字符集中无效(代码页 65001)。
  (编译源文件“frmEdgeWidthMeasure.cpp”)
  
G:\QMacVisual(CV3)(25000)\QMacVisual(CV3)2022.9.21(25000)\QMacVisual(CV3)\QPlugins\GeometryMeasure\EdgeWidthMeasure\mytitlebar.h(1,1): warning C4828: 文件包含在偏移 0x844 处开始的字符，该字符在当前源字符集中无效(代码页 65001)。
  (编译源文件“frmEdgeWidthMeasure.cpp”)
  
G:\QMacVisual(CV3)(25000)\QMacVisual(CV3)2022.9.21(25000)\QMacVisual(CV3)\QPlugins\GeometryMeasure\EdgeWidthMeasure\mytitlebar.h(1,1): warning C4828: 文件包含在偏移 0x845 处开始的字符，该字符在当前源字符集中无效(代码页 65001)。
  (编译源文件“frmEdgeWidthMeasure.cpp”)
  
G:\QMacVisual(CV3)(25000)\QMacVisual(CV3)2022.9.21(25000)\QMacVisual(CV3)\QPlugins\GeometryMeasure\EdgeWidthMeasure\mytitlebar.h(1,1): warning C4828: 文件包含在偏移 0x84a 处开始的字符，该字符在当前源字符集中无效(代码页 65001)。
  (编译源文件“frmEdgeWidthMeasure.cpp”)
  
G:\QMacVisual(CV3)(25000)\QMacVisual(CV3)2022.9.21(25000)\QMacVisual(CV3)\QPlugins\GeometryMeasure\EdgeWidthMeasure\mytitlebar.h(1,1): warning C4828: 文件包含在偏移 0x87f 处开始的字符，该字符在当前源字符集中无效(代码页 65001)。
  (编译源文件“frmEdgeWidthMeasure.cpp”)
  
G:\QMacVisual(CV3)(25000)\QMacVisual(CV3)2022.9.21(25000)\QMacVisual(CV3)\QPlugins\GeometryMeasure\EdgeWidthMeasure\mytitlebar.h(1,1): warning C4828: 文件包含在偏移 0x880 处开始的字符，该字符在当前源字符集中无效(代码页 65001)。
  (编译源文件“frmEdgeWidthMeasure.cpp”)
  
G:\QMacVisual(CV3)(25000)\QMacVisual(CV3)2022.9.21(25000)\QMacVisual(CV3)\QPlugins\GeometryMeasure\EdgeWidthMeasure\mytitlebar.h(1,1): warning C4828: 文件包含在偏移 0x883 处开始的字符，该字符在当前源字符集中无效(代码页 65001)。
  (编译源文件“frmEdgeWidthMeasure.cpp”)
  
G:\QMacVisual(CV3)(25000)\QMacVisual(CV3)2022.9.21(25000)\QMacVisual(CV3)\QPlugins\GeometryMeasure\EdgeWidthMeasure\mytitlebar.h(1,1): warning C4828: 文件包含在偏移 0x884 处开始的字符，该字符在当前源字符集中无效(代码页 65001)。
  (编译源文件“frmEdgeWidthMeasure.cpp”)
  
G:\QMacVisual(CV3)(25000)\QMacVisual(CV3)2022.9.21(25000)\QMacVisual(CV3)\QPlugins\GeometryMeasure\EdgeWidthMeasure\mytitlebar.h(1,1): warning C4828: 文件包含在偏移 0x885 处开始的字符，该字符在当前源字符集中无效(代码页 65001)。
  (编译源文件“frmEdgeWidthMeasure.cpp”)
  
G:\QMacVisual(CV3)(25000)\QMacVisual(CV3)2022.9.21(25000)\QMacVisual(CV3)\QPlugins\GeometryMeasure\EdgeWidthMeasure\mytitlebar.h(1,1): warning C4828: 文件包含在偏移 0x887 处开始的字符，该字符在当前源字符集中无效(代码页 65001)。
  (编译源文件“frmEdgeWidthMeasure.cpp”)
  
G:\QMacVisual(CV3)(25000)\QMacVisual(CV3)2022.9.21(25000)\QMacVisual(CV3)\QPlugins\GeometryMeasure\EdgeWidthMeasure\mytitlebar.h(1,1): warning C4828: 文件包含在偏移 0x889 处开始的字符，该字符在当前源字符集中无效(代码页 65001)。
  (编译源文件“frmEdgeWidthMeasure.cpp”)
  
G:\QMacVisual(CV3)(25000)\QMacVisual(CV3)2022.9.21(25000)\QMacVisual(CV3)\QPlugins\GeometryMeasure\EdgeWidthMeasure\mytitlebar.h(1,1): warning C4828: 文件包含在偏移 0x88a 处开始的字符，该字符在当前源字符集中无效(代码页 65001)。
  (编译源文件“frmEdgeWidthMeasure.cpp”)
  
G:\QMacVisual(CV3)(25000)\QMacVisual(CV3)2022.9.21(25000)\QMacVisual(CV3)\QPlugins\GeometryMeasure\EdgeWidthMeasure\mytitlebar.h(1,1): warning C4828: 文件包含在偏移 0x88c 处开始的字符，该字符在当前源字符集中无效(代码页 65001)。
  (编译源文件“frmEdgeWidthMeasure.cpp”)
  
G:\QMacVisual(CV3)(25000)\QMacVisual(CV3)2022.9.21(25000)\QMacVisual(CV3)\QPlugins\GeometryMeasure\EdgeWidthMeasure\mytitlebar.h(1,1): warning C4828: 文件包含在偏移 0x88d 处开始的字符，该字符在当前源字符集中无效(代码页 65001)。
  (编译源文件“frmEdgeWidthMeasure.cpp”)
  
G:\QMacVisual(CV3)(25000)\QMacVisual(CV3)2022.9.21(25000)\QMacVisual(CV3)\QPlugins\GeometryMeasure\EdgeWidthMeasure\mytitlebar.h(1,1): warning C4828: 文件包含在偏移 0x88e 处开始的字符，该字符在当前源字符集中无效(代码页 65001)。
  (编译源文件“frmEdgeWidthMeasure.cpp”)
  
G:\QMacVisual(CV3)(25000)\QMacVisual(CV3)2022.9.21(25000)\QMacVisual(CV3)\QPlugins\GeometryMeasure\EdgeWidthMeasure\mytitlebar.h(1,1): warning C4828: 文件包含在偏移 0x891 处开始的字符，该字符在当前源字符集中无效(代码页 65001)。
  (编译源文件“frmEdgeWidthMeasure.cpp”)
  
G:\QMacVisual(CV3)(25000)\QMacVisual(CV3)2022.9.21(25000)\QMacVisual(CV3)\QPlugins\GeometryMeasure\EdgeWidthMeasure\mytitlebar.h(1,1): warning C4828: 文件包含在偏移 0x8b3 处开始的字符，该字符在当前源字符集中无效(代码页 65001)。
  (编译源文件“frmEdgeWidthMeasure.cpp”)
  
G:\QMacVisual(CV3)(25000)\QMacVisual(CV3)2022.9.21(25000)\QMacVisual(CV3)\QPlugins\GeometryMeasure\EdgeWidthMeasure\mytitlebar.h(1,1): warning C4828: 文件包含在偏移 0x8b4 处开始的字符，该字符在当前源字符集中无效(代码页 65001)。
  (编译源文件“frmEdgeWidthMeasure.cpp”)
  
G:\QMacVisual(CV3)(25000)\QMacVisual(CV3)2022.9.21(25000)\QMacVisual(CV3)\QPlugins\GeometryMeasure\EdgeWidthMeasure\mytitlebar.h(1,1): warning C4828: 文件包含在偏移 0x8b7 处开始的字符，该字符在当前源字符集中无效(代码页 65001)。
  (编译源文件“frmEdgeWidthMeasure.cpp”)
  
G:\QMacVisual(CV3)(25000)\QMacVisual(CV3)2022.9.21(25000)\QMacVisual(CV3)\QPlugins\GeometryMeasure\EdgeWidthMeasure\mytitlebar.h(1,1): warning C4828: 文件包含在偏移 0x8b8 处开始的字符，该字符在当前源字符集中无效(代码页 65001)。
  (编译源文件“frmEdgeWidthMeasure.cpp”)
  
G:\QMacVisual(CV3)(25000)\QMacVisual(CV3)2022.9.21(25000)\QMacVisual(CV3)\QPlugins\GeometryMeasure\EdgeWidthMeasure\mytitlebar.h(1,1): warning C4828: 文件包含在偏移 0x8b9 处开始的字符，该字符在当前源字符集中无效(代码页 65001)。
  (编译源文件“frmEdgeWidthMeasure.cpp”)
  
G:\QMacVisual(CV3)(25000)\QMacVisual(CV3)2022.9.21(25000)\QMacVisual(CV3)\QPlugins\GeometryMeasure\EdgeWidthMeasure\mytitlebar.h(1,1): warning C4828: 文件包含在偏移 0x8bb 处开始的字符，该字符在当前源字符集中无效(代码页 65001)。
  (编译源文件“frmEdgeWidthMeasure.cpp”)
  
G:\QMacVisual(CV3)(25000)\QMacVisual(CV3)2022.9.21(25000)\QMacVisual(CV3)\QPlugins\GeometryMeasure\EdgeWidthMeasure\mytitlebar.h(1,1): warning C4828: 文件包含在偏移 0x8dc 处开始的字符，该字符在当前源字符集中无效(代码页 65001)。
  (编译源文件“frmEdgeWidthMeasure.cpp”)
  
G:\QMacVisual(CV3)(25000)\QMacVisual(CV3)2022.9.21(25000)\QMacVisual(CV3)\QPlugins\GeometryMeasure\EdgeWidthMeasure\mytitlebar.h(1,1): warning C4828: 文件包含在偏移 0x8dd 处开始的字符，该字符在当前源字符集中无效(代码页 65001)。
  (编译源文件“frmEdgeWidthMeasure.cpp”)
  
G:\QMacVisual(CV3)(25000)\QMacVisual(CV3)2022.9.21(25000)\QMacVisual(CV3)\QPlugins\GeometryMeasure\EdgeWidthMeasure\mytitlebar.h(1,1): warning C4828: 文件包含在偏移 0x8e0 处开始的字符，该字符在当前源字符集中无效(代码页 65001)。
  (编译源文件“frmEdgeWidthMeasure.cpp”)
  
G:\QMacVisual(CV3)(25000)\QMacVisual(CV3)2022.9.21(25000)\QMacVisual(CV3)\QPlugins\GeometryMeasure\EdgeWidthMeasure\mytitlebar.h(1,1): warning C4828: 文件包含在偏移 0x8e1 处开始的字符，该字符在当前源字符集中无效(代码页 65001)。
  (编译源文件“frmEdgeWidthMeasure.cpp”)
  
G:\QMacVisual(CV3)(25000)\QMacVisual(CV3)2022.9.21(25000)\QMacVisual(CV3)\QPlugins\GeometryMeasure\EdgeWidthMeasure\gvariable.h(1,1): warning C4828: 文件包含在偏移 0xa1 处开始的字符，该字符在当前源字符集中无效(代码页 65001)。
  (编译源文件“frmEdgeWidthMeasure.cpp”)
  
G:\QMacVisual(CV3)(25000)\QMacVisual(CV3)2022.9.21(25000)\QMacVisual(CV3)\QPlugins\GeometryMeasure\EdgeWidthMeasure\gvariable.h(1,1): warning C4828: 文件包含在偏移 0xa2 处开始的字符，该字符在当前源字符集中无效(代码页 65001)。
  (编译源文件“frmEdgeWidthMeasure.cpp”)
  
G:\QMacVisual(CV3)(25000)\QMacVisual(CV3)2022.9.21(25000)\QMacVisual(CV3)\QPlugins\GeometryMeasure\EdgeWidthMeasure\gvariable.h(1,1): warning C4828: 文件包含在偏移 0xa3 处开始的字符，该字符在当前源字符集中无效(代码页 65001)。
  (编译源文件“frmEdgeWidthMeasure.cpp”)
  
G:\QMacVisual(CV3)(25000)\QMacVisual(CV3)2022.9.21(25000)\QMacVisual(CV3)\QPlugins\GeometryMeasure\EdgeWidthMeasure\gvariable.h(1,1): warning C4828: 文件包含在偏移 0xa7 处开始的字符，该字符在当前源字符集中无效(代码页 65001)。
  (编译源文件“frmEdgeWidthMeasure.cpp”)
  
G:\QMacVisual(CV3)(25000)\QMacVisual(CV3)2022.9.21(25000)\QMacVisual(CV3)\QPlugins\GeometryMeasure\EdgeWidthMeasure\gvariable.h(1,1): warning C4828: 文件包含在偏移 0xaa 处开始的字符，该字符在当前源字符集中无效(代码页 65001)。
  (编译源文件“frmEdgeWidthMeasure.cpp”)
  
G:\QMacVisual(CV3)(25000)\QMacVisual(CV3)2022.9.21(25000)\QMacVisual(CV3)\QPlugins\GeometryMeasure\EdgeWidthMeasure\gvariable.h(1,1): warning C4828: 文件包含在偏移 0xad 处开始的字符，该字符在当前源字符集中无效(代码页 65001)。
  (编译源文件“frmEdgeWidthMeasure.cpp”)
  
G:\QMacVisual(CV3)(25000)\QMacVisual(CV3)2022.9.21(25000)\QMacVisual(CV3)\QPlugins\GeometryMeasure\EdgeWidthMeasure\gvariable.h(1,1): warning C4828: 文件包含在偏移 0xb1 处开始的字符，该字符在当前源字符集中无效(代码页 65001)。
  (编译源文件“frmEdgeWidthMeasure.cpp”)
  
G:\QMacVisual(CV3)(25000)\QMacVisual(CV3)2022.9.21(25000)\QMacVisual(CV3)\QPlugins\GeometryMeasure\EdgeWidthMeasure\gvariable.h(1,1): warning C4828: 文件包含在偏移 0x304 处开始的字符，该字符在当前源字符集中无效(代码页 65001)。
  (编译源文件“frmEdgeWidthMeasure.cpp”)
  
G:\QMacVisual(CV3)(25000)\QMacVisual(CV3)2022.9.21(25000)\QMacVisual(CV3)\QPlugins\GeometryMeasure\EdgeWidthMeasure\gvariable.h(1,1): warning C4828: 文件包含在偏移 0x305 处开始的字符，该字符在当前源字符集中无效(代码页 65001)。
  (编译源文件“frmEdgeWidthMeasure.cpp”)
  
G:\QMacVisual(CV3)(25000)\QMacVisual(CV3)2022.9.21(25000)\QMacVisual(CV3)\QPlugins\GeometryMeasure\EdgeWidthMeasure\gvariable.h(1,1): warning C4828: 文件包含在偏移 0x306 处开始的字符，该字符在当前源字符集中无效(代码页 65001)。
  (编译源文件“frmEdgeWidthMeasure.cpp”)
  
G:\QMacVisual(CV3)(25000)\QMacVisual(CV3)2022.9.21(25000)\QMacVisual(CV3)\QPlugins\GeometryMeasure\EdgeWidthMeasure\gvariable.h(1,1): warning C4828: 文件包含在偏移 0x308 处开始的字符，该字符在当前源字符集中无效(代码页 65001)。
  (编译源文件“frmEdgeWidthMeasure.cpp”)
  
G:\QMacVisual(CV3)(25000)\QMacVisual(CV3)2022.9.21(25000)\QMacVisual(CV3)\QPlugins\GeometryMeasure\EdgeWidthMeasure\gvariable.h(1,1): warning C4828: 文件包含在偏移 0x30c 处开始的字符，该字符在当前源字符集中无效(代码页 65001)。
  (编译源文件“frmEdgeWidthMeasure.cpp”)
  
G:\QMacVisual(CV3)(25000)\QMacVisual(CV3)2022.9.21(25000)\QMacVisual(CV3)\QPlugins\GeometryMeasure\EdgeWidthMeasure\gvariable.h(1,1): warning C4828: 文件包含在偏移 0x30d 处开始的字符，该字符在当前源字符集中无效(代码页 65001)。
  (编译源文件“frmEdgeWidthMeasure.cpp”)
  
G:\QMacVisual(CV3)(25000)\QMacVisual(CV3)2022.9.21(25000)\QMacVisual(CV3)\QPlugins\GeometryMeasure\EdgeWidthMeasure\gvariable.h(1,1): warning C4828: 文件包含在偏移 0x30e 处开始的字符，该字符在当前源字符集中无效(代码页 65001)。
  (编译源文件“frmEdgeWidthMeasure.cpp”)
  
G:\QMacVisual(CV3)(25000)\QMacVisual(CV3)2022.9.21(25000)\QMacVisual(CV3)\QPlugins\GeometryMeasure\EdgeWidthMeasure\gvariable.h(1,1): warning C4828: 文件包含在偏移 0x314 处开始的字符，该字符在当前源字符集中无效(代码页 65001)。
  (编译源文件“frmEdgeWidthMeasure.cpp”)
  
G:\QMacVisual(CV3)(25000)\QMacVisual(CV3)2022.9.21(25000)\QMacVisual(CV3)\QPlugins\GeometryMeasure\EdgeWidthMeasure\gvariable.h(1,1): warning C4828: 文件包含在偏移 0x3bb 处开始的字符，该字符在当前源字符集中无效(代码页 65001)。
  (编译源文件“frmEdgeWidthMeasure.cpp”)
  
G:\QMacVisual(CV3)(25000)\QMacVisual(CV3)2022.9.21(25000)\QMacVisual(CV3)\QPlugins\GeometryMeasure\EdgeWidthMeasure\gvariable.h(1,1): warning C4828: 文件包含在偏移 0x3bc 处开始的字符，该字符在当前源字符集中无效(代码页 65001)。
  (编译源文件“frmEdgeWidthMeasure.cpp”)
  
G:\QMacVisual(CV3)(25000)\QMacVisual(CV3)2022.9.21(25000)\QMacVisual(CV3)\QPlugins\GeometryMeasure\EdgeWidthMeasure\gvariable.h(1,1): warning C4828: 文件包含在偏移 0x3bd 处开始的字符，该字符在当前源字符集中无效(代码页 65001)。
  (编译源文件“frmEdgeWidthMeasure.cpp”)
  
G:\QMacVisual(CV3)(25000)\QMacVisual(CV3)2022.9.21(25000)\QMacVisual(CV3)\QPlugins\GeometryMeasure\EdgeWidthMeasure\gvariable.h(1,1): warning C4828: 文件包含在偏移 0x3c3 处开始的字符，该字符在当前源字符集中无效(代码页 65001)。
  (编译源文件“frmEdgeWidthMeasure.cpp”)
  
G:\QMacVisual(CV3)(25000)\QMacVisual(CV3)2022.9.21(25000)\QMacVisual(CV3)\QPlugins\GeometryMeasure\EdgeWidthMeasure\gvariable.h(1,1): warning C4828: 文件包含在偏移 0x3c7 处开始的字符，该字符在当前源字符集中无效(代码页 65001)。
  (编译源文件“frmEdgeWidthMeasure.cpp”)
  
G:\QMacVisual(CV3)(25000)\QMacVisual(CV3)2022.9.21(25000)\QMacVisual(CV3)\QPlugins\GeometryMeasure\EdgeWidthMeasure\gvariable.h(1,1): warning C4828: 文件包含在偏移 0x3e8 处开始的字符，该字符在当前源字符集中无效(代码页 65001)。
  (编译源文件“frmEdgeWidthMeasure.cpp”)
  
G:\QMacVisual(CV3)(25000)\QMacVisual(CV3)2022.9.21(25000)\QMacVisual(CV3)\QPlugins\GeometryMeasure\EdgeWidthMeasure\gvariable.h(1,1): warning C4828: 文件包含在偏移 0x3ea 处开始的字符，该字符在当前源字符集中无效(代码页 65001)。
  (编译源文件“frmEdgeWidthMeasure.cpp”)
  
G:\QMacVisual(CV3)(25000)\QMacVisual(CV3)2022.9.21(25000)\QMacVisual(CV3)\QPlugins\GeometryMeasure\EdgeWidthMeasure\gvariable.h(1,1): warning C4828: 文件包含在偏移 0x3eb 处开始的字符，该字符在当前源字符集中无效(代码页 65001)。
  (编译源文件“frmEdgeWidthMeasure.cpp”)
  
G:\QMacVisual(CV3)(25000)\QMacVisual(CV3)2022.9.21(25000)\QMacVisual(CV3)\QPlugins\GeometryMeasure\EdgeWidthMeasure\gvariable.h(1,1): warning C4828: 文件包含在偏移 0x472 处开始的字符，该字符在当前源字符集中无效(代码页 65001)。
  (编译源文件“frmEdgeWidthMeasure.cpp”)
  
G:\QMacVisual(CV3)(25000)\QMacVisual(CV3)2022.9.21(25000)\QMacVisual(CV3)\QPlugins\GeometryMeasure\EdgeWidthMeasure\gvariable.h(1,1): warning C4828: 文件包含在偏移 0x514 处开始的字符，该字符在当前源字符集中无效(代码页 65001)。
  (编译源文件“frmEdgeWidthMeasure.cpp”)
  
G:\QMacVisual(CV3)(25000)\QMacVisual(CV3)2022.9.21(25000)\QMacVisual(CV3)\QPlugins\GeometryMeasure\EdgeWidthMeasure\gvariable.h(1,1): warning C4828: 文件包含在偏移 0x5c3 处开始的字符，该字符在当前源字符集中无效(代码页 65001)。
  (编译源文件“frmEdgeWidthMeasure.cpp”)
  
G:\QMacVisual(CV3)(25000)\QMacVisual(CV3)2022.9.21(25000)\QMacVisual(CV3)\QPlugins\GeometryMeasure\EdgeWidthMeasure\gvariable.h(1,1): warning C4828: 文件包含在偏移 0x5c4 处开始的字符，该字符在当前源字符集中无效(代码页 65001)。
  (编译源文件“frmEdgeWidthMeasure.cpp”)
  
G:\QMacVisual(CV3)(25000)\QMacVisual(CV3)2022.9.21(25000)\QMacVisual(CV3)\QPlugins\GeometryMeasure\EdgeWidthMeasure\gvariable.h(1,1): warning C4828: 文件包含在偏移 0x5c5 处开始的字符，该字符在当前源字符集中无效(代码页 65001)。
  (编译源文件“frmEdgeWidthMeasure.cpp”)
  
G:\QMacVisual(CV3)(25000)\QMacVisual(CV3)2022.9.21(25000)\QMacVisual(CV3)\QPlugins\GeometryMeasure\EdgeWidthMeasure\gvariable.h(1,1): warning C4828: 文件包含在偏移 0x5c6 处开始的字符，该字符在当前源字符集中无效(代码页 65001)。
  (编译源文件“frmEdgeWidthMeasure.cpp”)
  
G:\QMacVisual(CV3)(25000)\QMacVisual(CV3)2022.9.21(25000)\QMacVisual(CV3)\QPlugins\GeometryMeasure\EdgeWidthMeasure\gvariable.h(1,1): warning C4828: 文件包含在偏移 0x5c8 处开始的字符，该字符在当前源字符集中无效(代码页 65001)。
  (编译源文件“frmEdgeWidthMeasure.cpp”)
  
G:\QMacVisual(CV3)(25000)\QMacVisual(CV3)2022.9.21(25000)\QMacVisual(CV3)\QPlugins\GeometryMeasure\EdgeWidthMeasure\gvariable.h(1,1): warning C4828: 文件包含在偏移 0x5c9 处开始的字符，该字符在当前源字符集中无效(代码页 65001)。
  (编译源文件“frmEdgeWidthMeasure.cpp”)
  
G:\QMacVisual(CV3)(25000)\QMacVisual(CV3)2022.9.21(25000)\QMacVisual(CV3)\QPlugins\GeometryMeasure\EdgeWidthMeasure\gvariable.h(1,1): warning C4828: 文件包含在偏移 0x66f 处开始的字符，该字符在当前源字符集中无效(代码页 65001)。
  (编译源文件“frmEdgeWidthMeasure.cpp”)
  
G:\QMacVisual(CV3)(25000)\QMacVisual(CV3)2022.9.21(25000)\QMacVisual(CV3)\QPlugins\GeometryMeasure\EdgeWidthMeasure\gvariable.h(1,1): warning C4828: 文件包含在偏移 0x670 处开始的字符，该字符在当前源字符集中无效(代码页 65001)。
  (编译源文件“frmEdgeWidthMeasure.cpp”)
  
G:\QMacVisual(CV3)(25000)\QMacVisual(CV3)2022.9.21(25000)\QMacVisual(CV3)\QPlugins\GeometryMeasure\EdgeWidthMeasure\gvariable.h(1,1): warning C4828: 文件包含在偏移 0x671 处开始的字符，该字符在当前源字符集中无效(代码页 65001)。
  (编译源文件“frmEdgeWidthMeasure.cpp”)
  
G:\QMacVisual(CV3)(25000)\QMacVisual(CV3)2022.9.21(25000)\QMacVisual(CV3)\QPlugins\GeometryMeasure\EdgeWidthMeasure\gvariable.h(1,1): warning C4828: 文件包含在偏移 0x673 处开始的字符，该字符在当前源字符集中无效(代码页 65001)。
  (编译源文件“frmEdgeWidthMeasure.cpp”)
  
G:\QMacVisual(CV3)(25000)\QMacVisual(CV3)2022.9.21(25000)\QMacVisual(CV3)\QPlugins\GeometryMeasure\EdgeWidthMeasure\gvariable.h(1,1): warning C4828: 文件包含在偏移 0x732 处开始的字符，该字符在当前源字符集中无效(代码页 65001)。
  (编译源文件“frmEdgeWidthMeasure.cpp”)
  
G:\QMacVisual(CV3)(25000)\QMacVisual(CV3)2022.9.21(25000)\QMacVisual(CV3)\QPlugins\GeometryMeasure\EdgeWidthMeasure\gvariable.h(1,1): warning C4828: 文件包含在偏移 0x735 处开始的字符，该字符在当前源字符集中无效(代码页 65001)。
  (编译源文件“frmEdgeWidthMeasure.cpp”)
  
G:\QMacVisual(CV3)(25000)\QMacVisual(CV3)2022.9.21(25000)\QMacVisual(CV3)\QPlugins\GeometryMeasure\EdgeWidthMeasure\gvariable.h(1,1): warning C4828: 文件包含在偏移 0x736 处开始的字符，该字符在当前源字符集中无效(代码页 65001)。
  (编译源文件“frmEdgeWidthMeasure.cpp”)
  
G:\QMacVisual(CV3)(25000)\QMacVisual(CV3)2022.9.21(25000)\QMacVisual(CV3)\QPlugins\GeometryMeasure\EdgeWidthMeasure\gvariable.h(1,1): warning C4828: 文件包含在偏移 0x737 处开始的字符，该字符在当前源字符集中无效(代码页 65001)。
  (编译源文件“frmEdgeWidthMeasure.cpp”)
  
G:\QMacVisual(CV3)(25000)\QMacVisual(CV3)2022.9.21(25000)\QMacVisual(CV3)\QPlugins\GeometryMeasure\EdgeWidthMeasure\gvariable.h(1,1): warning C4828: 文件包含在偏移 0x7ea 处开始的字符，该字符在当前源字符集中无效(代码页 65001)。
  (编译源文件“frmEdgeWidthMeasure.cpp”)
  
G:\QMacVisual(CV3)(25000)\QMacVisual(CV3)2022.9.21(25000)\QMacVisual(CV3)\QPlugins\GeometryMeasure\EdgeWidthMeasure\gvariable.h(1,1): warning C4828: 文件包含在偏移 0x7ed 处开始的字符，该字符在当前源字符集中无效(代码页 65001)。
  (编译源文件“frmEdgeWidthMeasure.cpp”)
  
G:\QMacVisual(CV3)(25000)\QMacVisual(CV3)2022.9.21(25000)\QMacVisual(CV3)\QPlugins\GeometryMeasure\EdgeWidthMeasure\gvariable.h(1,1): warning C4828: 文件包含在偏移 0x7ee 处开始的字符，该字符在当前源字符集中无效(代码页 65001)。
  (编译源文件“frmEdgeWidthMeasure.cpp”)
  
G:\QMacVisual(CV3)(25000)\QMacVisual(CV3)2022.9.21(25000)\QMacVisual(CV3)\QPlugins\GeometryMeasure\EdgeWidthMeasure\locate.h(1,1): warning C4828: 文件包含在偏移 0x94 处开始的字符，该字符在当前源字符集中无效(代码页 65001)。
  (编译源文件“frmEdgeWidthMeasure.cpp”)
  
G:\QMacVisual(CV3)(25000)\QMacVisual(CV3)2022.9.21(25000)\QMacVisual(CV3)\QPlugins\GeometryMeasure\EdgeWidthMeasure\locate.h(1,1): warning C4828: 文件包含在偏移 0x96 处开始的字符，该字符在当前源字符集中无效(代码页 65001)。
  (编译源文件“frmEdgeWidthMeasure.cpp”)
  
G:\QMacVisual(CV3)(25000)\QMacVisual(CV3)2022.9.21(25000)\QMacVisual(CV3)\QPlugins\GeometryMeasure\EdgeWidthMeasure\locate.h(1,1): warning C4828: 文件包含在偏移 0x97 处开始的字符，该字符在当前源字符集中无效(代码页 65001)。
  (编译源文件“frmEdgeWidthMeasure.cpp”)
  
G:\QMacVisual(CV3)(25000)\QMacVisual(CV3)2022.9.21(25000)\QMacVisual(CV3)\QPlugins\GeometryMeasure\EdgeWidthMeasure\locate.h(1,1): warning C4828: 文件包含在偏移 0x12b 处开始的字符，该字符在当前源字符集中无效(代码页 65001)。
  (编译源文件“frmEdgeWidthMeasure.cpp”)
  
G:\QMacVisual(CV3)(25000)\QMacVisual(CV3)2022.9.21(25000)\QMacVisual(CV3)\QPlugins\GeometryMeasure\EdgeWidthMeasure\locate.h(1,1): warning C4828: 文件包含在偏移 0x12d 处开始的字符，该字符在当前源字符集中无效(代码页 65001)。
  (编译源文件“frmEdgeWidthMeasure.cpp”)
  
G:\QMacVisual(CV3)(25000)\QMacVisual(CV3)2022.9.21(25000)\QMacVisual(CV3)\QPlugins\GeometryMeasure\EdgeWidthMeasure\locate.h(1,1): warning C4828: 文件包含在偏移 0x12e 处开始的字符，该字符在当前源字符集中无效(代码页 65001)。
  (编译源文件“frmEdgeWidthMeasure.cpp”)
  
G:\QMacVisual(CV3)(25000)\QMacVisual(CV3)2022.9.21(25000)\QMacVisual(CV3)\QPlugins\GeometryMeasure\EdgeWidthMeasure\locate.h(1,1): warning C4828: 文件包含在偏移 0x134 处开始的字符，该字符在当前源字符集中无效(代码页 65001)。
  (编译源文件“frmEdgeWidthMeasure.cpp”)
  
G:\QMacVisual(CV3)(25000)\QMacVisual(CV3)2022.9.21(25000)\QMacVisual(CV3)\QPlugins\GeometryMeasure\EdgeWidthMeasure\locate.h(1,1): warning C4828: 文件包含在偏移 0x139 处开始的字符，该字符在当前源字符集中无效(代码页 65001)。
  (编译源文件“frmEdgeWidthMeasure.cpp”)
  
G:\QMacVisual(CV3)(25000)\QMacVisual(CV3)2022.9.21(25000)\QMacVisual(CV3)\QPlugins\GeometryMeasure\EdgeWidthMeasure\locate.h(1,1): warning C4828: 文件包含在偏移 0x13b 处开始的字符，该字符在当前源字符集中无效(代码页 65001)。
  (编译源文件“frmEdgeWidthMeasure.cpp”)
  
G:\QMacVisual(CV3)(25000)\QMacVisual(CV3)2022.9.21(25000)\QMacVisual(CV3)\QPlugins\GeometryMeasure\EdgeWidthMeasure\locate.h(1,1): warning C4828: 文件包含在偏移 0x13d 处开始的字符，该字符在当前源字符集中无效(代码页 65001)。
  (编译源文件“frmEdgeWidthMeasure.cpp”)
  
G:\QMacVisual(CV3)(25000)\QMacVisual(CV3)2022.9.21(25000)\QMacVisual(CV3)\QPlugins\GeometryMeasure\EdgeWidthMeasure\locate.h(1,1): warning C4828: 文件包含在偏移 0x13e 处开始的字符，该字符在当前源字符集中无效(代码页 65001)。
  (编译源文件“frmEdgeWidthMeasure.cpp”)
  
G:\QMacVisual(CV3)(25000)\QMacVisual(CV3)2022.9.21(25000)\QMacVisual(CV3)\QPlugins\GeometryMeasure\EdgeWidthMeasure\locate.h(1,1): warning C4828: 文件包含在偏移 0x140 处开始的字符，该字符在当前源字符集中无效(代码页 65001)。
  (编译源文件“frmEdgeWidthMeasure.cpp”)
  
G:\QMacVisual(CV3)(25000)\QMacVisual(CV3)2022.9.21(25000)\QMacVisual(CV3)\QPlugins\GeometryMeasure\EdgeWidthMeasure\locate.h(1,1): warning C4828: 文件包含在偏移 0x141 处开始的字符，该字符在当前源字符集中无效(代码页 65001)。
  (编译源文件“frmEdgeWidthMeasure.cpp”)
  
G:\QMacVisual(CV3)(25000)\QMacVisual(CV3)2022.9.21(25000)\QMacVisual(CV3)\QPlugins\GeometryMeasure\EdgeWidthMeasure\locate.h(1,1): warning C4828: 文件包含在偏移 0x142 处开始的字符，该字符在当前源字符集中无效(代码页 65001)。
  (编译源文件“frmEdgeWidthMeasure.cpp”)
  
G:\QMacVisual(CV3)(25000)\QMacVisual(CV3)2022.9.21(25000)\QMacVisual(CV3)\QPlugins\GeometryMeasure\EdgeWidthMeasure\locate.h(1,1): warning C4828: 文件包含在偏移 0x14b 处开始的字符，该字符在当前源字符集中无效(代码页 65001)。
  (编译源文件“frmEdgeWidthMeasure.cpp”)
  
G:\QMacVisual(CV3)(25000)\QMacVisual(CV3)2022.9.21(25000)\QMacVisual(CV3)\QPlugins\GeometryMeasure\EdgeWidthMeasure\locate.h(1,1): warning C4828: 文件包含在偏移 0x14d 处开始的字符，该字符在当前源字符集中无效(代码页 65001)。
  (编译源文件“frmEdgeWidthMeasure.cpp”)
  
G:\QMacVisual(CV3)(25000)\QMacVisual(CV3)2022.9.21(25000)\QMacVisual(CV3)\QPlugins\GeometryMeasure\EdgeWidthMeasure\locate.h(1,1): warning C4828: 文件包含在偏移 0x14f 处开始的字符，该字符在当前源字符集中无效(代码页 65001)。
  (编译源文件“frmEdgeWidthMeasure.cpp”)
  
G:\QMacVisual(CV3)(25000)\QMacVisual(CV3)2022.9.21(25000)\QMacVisual(CV3)\QPlugins\GeometryMeasure\EdgeWidthMeasure\locate.h(1,1): warning C4828: 文件包含在偏移 0x16a 处开始的字符，该字符在当前源字符集中无效(代码页 65001)。
  (编译源文件“frmEdgeWidthMeasure.cpp”)
  
G:\QMacVisual(CV3)(25000)\QMacVisual(CV3)2022.9.21(25000)\QMacVisual(CV3)\QPlugins\GeometryMeasure\EdgeWidthMeasure\locate.h(1,1): warning C4828: 文件包含在偏移 0x16b 处开始的字符，该字符在当前源字符集中无效(代码页 65001)。
  (编译源文件“frmEdgeWidthMeasure.cpp”)
  
G:\QMacVisual(CV3)(25000)\QMacVisual(CV3)2022.9.21(25000)\QMacVisual(CV3)\QPlugins\GeometryMeasure\EdgeWidthMeasure\locate.h(1,1): warning C4828: 文件包含在偏移 0x16c 处开始的字符，该字符在当前源字符集中无效(代码页 65001)。
  (编译源文件“frmEdgeWidthMeasure.cpp”)
  
G:\QMacVisual(CV3)(25000)\QMacVisual(CV3)2022.9.21(25000)\QMacVisual(CV3)\QPlugins\GeometryMeasure\EdgeWidthMeasure\locate.h(1,1): warning C4828: 文件包含在偏移 0x16d 处开始的字符，该字符在当前源字符集中无效(代码页 65001)。
  (编译源文件“frmEdgeWidthMeasure.cpp”)
  
G:\QMacVisual(CV3)(25000)\QMacVisual(CV3)2022.9.21(25000)\QMacVisual(CV3)\QPlugins\GeometryMeasure\EdgeWidthMeasure\locate.h(1,1): warning C4828: 文件包含在偏移 0x16e 处开始的字符，该字符在当前源字符集中无效(代码页 65001)。
  (编译源文件“frmEdgeWidthMeasure.cpp”)
  
G:\QMacVisual(CV3)(25000)\QMacVisual(CV3)2022.9.21(25000)\QMacVisual(CV3)\QPlugins\GeometryMeasure\EdgeWidthMeasure\locate.h(1,1): warning C4828: 文件包含在偏移 0x16f 处开始的字符，该字符在当前源字符集中无效(代码页 65001)。
  (编译源文件“frmEdgeWidthMeasure.cpp”)
  
G:\QMacVisual(CV3)(25000)\QMacVisual(CV3)2022.9.21(25000)\QMacVisual(CV3)\QPlugins\GeometryMeasure\EdgeWidthMeasure\locate.h(1,1): warning C4828: 文件包含在偏移 0x171 处开始的字符，该字符在当前源字符集中无效(代码页 65001)。
  (编译源文件“frmEdgeWidthMeasure.cpp”)
  
G:\QMacVisual(CV3)(25000)\QMacVisual(CV3)2022.9.21(25000)\QMacVisual(CV3)\QPlugins\GeometryMeasure\EdgeWidthMeasure\locate.h(1,1): warning C4828: 文件包含在偏移 0x184 处开始的字符，该字符在当前源字符集中无效(代码页 65001)。
  (编译源文件“frmEdgeWidthMeasure.cpp”)
  
G:\QMacVisual(CV3)(25000)\QMacVisual(CV3)2022.9.21(25000)\QMacVisual(CV3)\QPlugins\GeometryMeasure\EdgeWidthMeasure\locate.h(1,1): warning C4828: 文件包含在偏移 0x186 处开始的字符，该字符在当前源字符集中无效(代码页 65001)。
  (编译源文件“frmEdgeWidthMeasure.cpp”)
  
G:\QMacVisual(CV3)(25000)\QMacVisual(CV3)2022.9.21(25000)\QMacVisual(CV3)\QPlugins\GeometryMeasure\EdgeWidthMeasure\locate.h(1,1): warning C4828: 文件包含在偏移 0x189 处开始的字符，该字符在当前源字符集中无效(代码页 65001)。
  (编译源文件“frmEdgeWidthMeasure.cpp”)
  
G:\QMacVisual(CV3)(25000)\QMacVisual(CV3)2022.9.21(25000)\QMacVisual(CV3)\QPlugins\GeometryMeasure\EdgeWidthMeasure\locate.h(1,1): warning C4828: 文件包含在偏移 0x18b 处开始的字符，该字符在当前源字符集中无效(代码页 65001)。
  (编译源文件“frmEdgeWidthMeasure.cpp”)
  
G:\QMacVisual(CV3)(25000)\QMacVisual(CV3)2022.9.21(25000)\QMacVisual(CV3)\QPlugins\GeometryMeasure\EdgeWidthMeasure\locate.h(1,1): warning C4828: 文件包含在偏移 0x18c 处开始的字符，该字符在当前源字符集中无效(代码页 65001)。
  (编译源文件“frmEdgeWidthMeasure.cpp”)
  
G:\QMacVisual(CV3)(25000)\QMacVisual(CV3)2022.9.21(25000)\QMacVisual(CV3)\QPlugins\GeometryMeasure\EdgeWidthMeasure\locate.h(1,1): warning C4828: 文件包含在偏移 0x190 处开始的字符，该字符在当前源字符集中无效(代码页 65001)。
  (编译源文件“frmEdgeWidthMeasure.cpp”)
  
G:\QMacVisual(CV3)(25000)\QMacVisual(CV3)2022.9.21(25000)\QMacVisual(CV3)\QPlugins\GeometryMeasure\EdgeWidthMeasure\locate.h(1,1): warning C4828: 文件包含在偏移 0x191 处开始的字符，该字符在当前源字符集中无效(代码页 65001)。
  (编译源文件“frmEdgeWidthMeasure.cpp”)
  
G:\QMacVisual(CV3)(25000)\QMacVisual(CV3)2022.9.21(25000)\QMacVisual(CV3)\QPlugins\GeometryMeasure\EdgeWidthMeasure\locate.h(1,1): warning C4828: 文件包含在偏移 0x194 处开始的字符，该字符在当前源字符集中无效(代码页 65001)。
  (编译源文件“frmEdgeWidthMeasure.cpp”)
  
G:\QMacVisual(CV3)(25000)\QMacVisual(CV3)2022.9.21(25000)\QMacVisual(CV3)\QPlugins\GeometryMeasure\EdgeWidthMeasure\locate.h(1,1): warning C4828: 文件包含在偏移 0x195 处开始的字符，该字符在当前源字符集中无效(代码页 65001)。
  (编译源文件“frmEdgeWidthMeasure.cpp”)
  
G:\QMacVisual(CV3)(25000)\QMacVisual(CV3)2022.9.21(25000)\QMacVisual(CV3)\QPlugins\GeometryMeasure\EdgeWidthMeasure\locate.h(1,1): warning C4828: 文件包含在偏移 0x19b 处开始的字符，该字符在当前源字符集中无效(代码页 65001)。
  (编译源文件“frmEdgeWidthMeasure.cpp”)
  
G:\QMacVisual(CV3)(25000)\QMacVisual(CV3)2022.9.21(25000)\QMacVisual(CV3)\QPlugins\GeometryMeasure\EdgeWidthMeasure\locate.h(1,1): warning C4828: 文件包含在偏移 0x19f 处开始的字符，该字符在当前源字符集中无效(代码页 65001)。
  (编译源文件“frmEdgeWidthMeasure.cpp”)
  
G:\QMacVisual(CV3)(25000)\QMacVisual(CV3)2022.9.21(25000)\QMacVisual(CV3)\QPlugins\GeometryMeasure\EdgeWidthMeasure\locate.h(1,1): warning C4828: 文件包含在偏移 0x1a0 处开始的字符，该字符在当前源字符集中无效(代码页 65001)。
  (编译源文件“frmEdgeWidthMeasure.cpp”)
  
G:\QMacVisual(CV3)(25000)\QMacVisual(CV3)2022.9.21(25000)\QMacVisual(CV3)\QPlugins\GeometryMeasure\EdgeWidthMeasure\locate.h(1,1): warning C4828: 文件包含在偏移 0x1a1 处开始的字符，该字符在当前源字符集中无效(代码页 65001)。
  (编译源文件“frmEdgeWidthMeasure.cpp”)
  
G:\QMacVisual(CV3)(25000)\QMacVisual(CV3)2022.9.21(25000)\QMacVisual(CV3)\QPlugins\GeometryMeasure\EdgeWidthMeasure\locate.h(1,1): warning C4828: 文件包含在偏移 0x1a2 处开始的字符，该字符在当前源字符集中无效(代码页 65001)。
  (编译源文件“frmEdgeWidthMeasure.cpp”)
  
G:\QMacVisual(CV3)(25000)\QMacVisual(CV3)2022.9.21(25000)\QMacVisual(CV3)\QPlugins\GeometryMeasure\EdgeWidthMeasure\locate.h(1,1): warning C4828: 文件包含在偏移 0x1a3 处开始的字符，该字符在当前源字符集中无效(代码页 65001)。
  (编译源文件“frmEdgeWidthMeasure.cpp”)
  
G:\QMacVisual(CV3)(25000)\QMacVisual(CV3)2022.9.21(25000)\QMacVisual(CV3)\QPlugins\GeometryMeasure\EdgeWidthMeasure\locate.h(1,1): warning C4828: 文件包含在偏移 0x1a5 处开始的字符，该字符在当前源字符集中无效(代码页 65001)。
  (编译源文件“frmEdgeWidthMeasure.cpp”)
  
G:\QMacVisual(CV3)(25000)\QMacVisual(CV3)2022.9.21(25000)\QMacVisual(CV3)\QPlugins\GeometryMeasure\EdgeWidthMeasure\locate.h(1,1): warning C4828: 文件包含在偏移 0x1a7 处开始的字符，该字符在当前源字符集中无效(代码页 65001)。
  (编译源文件“frmEdgeWidthMeasure.cpp”)
  
G:\QMacVisual(CV3)(25000)\QMacVisual(CV3)2022.9.21(25000)\QMacVisual(CV3)\QPlugins\GeometryMeasure\EdgeWidthMeasure\locate.h(1,1): warning C4828: 文件包含在偏移 0x1a9 处开始的字符，该字符在当前源字符集中无效(代码页 65001)。
  (编译源文件“frmEdgeWidthMeasure.cpp”)
  
G:\QMacVisual(CV3)(25000)\QMacVisual(CV3)2022.9.21(25000)\QMacVisual(CV3)\QPlugins\GeometryMeasure\EdgeWidthMeasure\locate.h(1,1): warning C4828: 文件包含在偏移 0x1aa 处开始的字符，该字符在当前源字符集中无效(代码页 65001)。
  (编译源文件“frmEdgeWidthMeasure.cpp”)
  
G:\QMacVisual(CV3)(25000)\QMacVisual(CV3)2022.9.21(25000)\QMacVisual(CV3)\QPlugins\GeometryMeasure\EdgeWidthMeasure\locate.h(1,1): warning C4828: 文件包含在偏移 0x1af 处开始的字符，该字符在当前源字符集中无效(代码页 65001)。
  (编译源文件“frmEdgeWidthMeasure.cpp”)
  
G:\QMacVisual(CV3)(25000)\QMacVisual(CV3)2022.9.21(25000)\QMacVisual(CV3)\QPlugins\GeometryMeasure\EdgeWidthMeasure\locate.h(1,1): warning C4828: 文件包含在偏移 0x1b0 处开始的字符，该字符在当前源字符集中无效(代码页 65001)。
  (编译源文件“frmEdgeWidthMeasure.cpp”)
  
G:\QMacVisual(CV3)(25000)\QMacVisual(CV3)2022.9.21(25000)\QMacVisual(CV3)\QPlugins\GeometryMeasure\EdgeWidthMeasure\locate.h(1,1): warning C4828: 文件包含在偏移 0x1b5 处开始的字符，该字符在当前源字符集中无效(代码页 65001)。
  (编译源文件“frmEdgeWidthMeasure.cpp”)
  
G:\QMacVisual(CV3)(25000)\QMacVisual(CV3)2022.9.21(25000)\QMacVisual(CV3)\QPlugins\GeometryMeasure\EdgeWidthMeasure\locate.h(1,1): warning C4828: 文件包含在偏移 0x1b7 处开始的字符，该字符在当前源字符集中无效(代码页 65001)。
  (编译源文件“frmEdgeWidthMeasure.cpp”)
  
G:\QMacVisual(CV3)(25000)\QMacVisual(CV3)2022.9.21(25000)\QMacVisual(CV3)\QPlugins\GeometryMeasure\EdgeWidthMeasure\locate.h(1,1): warning C4828: 文件包含在偏移 0x1ca 处开始的字符，该字符在当前源字符集中无效(代码页 65001)。
  (编译源文件“frmEdgeWidthMeasure.cpp”)
  
G:\QMacVisual(CV3)(25000)\QMacVisual(CV3)2022.9.21(25000)\QMacVisual(CV3)\QPlugins\GeometryMeasure\EdgeWidthMeasure\locate.h(1,1): warning C4828: 文件包含在偏移 0x1cb 处开始的字符，该字符在当前源字符集中无效(代码页 65001)。
  (编译源文件“frmEdgeWidthMeasure.cpp”)
  
G:\QMacVisual(CV3)(25000)\QMacVisual(CV3)2022.9.21(25000)\QMacVisual(CV3)\QPlugins\GeometryMeasure\EdgeWidthMeasure\locate.h(1,1): warning C4828: 文件包含在偏移 0x1f6 处开始的字符，该字符在当前源字符集中无效(代码页 65001)。
  (编译源文件“frmEdgeWidthMeasure.cpp”)
  
G:\QMacVisual(CV3)(25000)\QMacVisual(CV3)2022.9.21(25000)\QMacVisual(CV3)\QPlugins\GeometryMeasure\EdgeWidthMeasure\locate.h(1,1): warning C4828: 文件包含在偏移 0x1f7 处开始的字符，该字符在当前源字符集中无效(代码页 65001)。
  (编译源文件“frmEdgeWidthMeasure.cpp”)
  
G:\QMacVisual(CV3)(25000)\QMacVisual(CV3)2022.9.21(25000)\QMacVisual(CV3)\QPlugins\GeometryMeasure\EdgeWidthMeasure\locate.h(1,1): warning C4828: 文件包含在偏移 0x210 处开始的字符，该字符在当前源字符集中无效(代码页 65001)。
  (编译源文件“frmEdgeWidthMeasure.cpp”)
  
G:\QMacVisual(CV3)(25000)\QMacVisual(CV3)2022.9.21(25000)\QMacVisual(CV3)\QPlugins\GeometryMeasure\EdgeWidthMeasure\locate.h(1,1): warning C4828: 文件包含在偏移 0x212 处开始的字符，该字符在当前源字符集中无效(代码页 65001)。
  (编译源文件“frmEdgeWidthMeasure.cpp”)
  
G:\QMacVisual(CV3)(25000)\QMacVisual(CV3)2022.9.21(25000)\QMacVisual(CV3)\QPlugins\GeometryMeasure\EdgeWidthMeasure\locate.h(1,1): warning C4828: 文件包含在偏移 0x215 处开始的字符，该字符在当前源字符集中无效(代码页 65001)。
  (编译源文件“frmEdgeWidthMeasure.cpp”)
  
G:\QMacVisual(CV3)(25000)\QMacVisual(CV3)2022.9.21(25000)\QMacVisual(CV3)\QPlugins\GeometryMeasure\EdgeWidthMeasure\locate.h(1,1): warning C4828: 文件包含在偏移 0x217 处开始的字符，该字符在当前源字符集中无效(代码页 65001)。
  (编译源文件“frmEdgeWidthMeasure.cpp”)
  
G:\QMacVisual(CV3)(25000)\QMacVisual(CV3)2022.9.21(25000)\QMacVisual(CV3)\QPlugins\GeometryMeasure\EdgeWidthMeasure\locate.h(1,1): warning C4828: 文件包含在偏移 0x218 处开始的字符，该字符在当前源字符集中无效(代码页 65001)。
  (编译源文件“frmEdgeWidthMeasure.cpp”)
  
G:\QMacVisual(CV3)(25000)\QMacVisual(CV3)2022.9.21(25000)\QMacVisual(CV3)\QPlugins\GeometryMeasure\EdgeWidthMeasure\locate.h(1,1): warning C4828: 文件包含在偏移 0x21c 处开始的字符，该字符在当前源字符集中无效(代码页 65001)。
  (编译源文件“frmEdgeWidthMeasure.cpp”)
  
G:\QMacVisual(CV3)(25000)\QMacVisual(CV3)2022.9.21(25000)\QMacVisual(CV3)\QPlugins\GeometryMeasure\EdgeWidthMeasure\locate.h(1,1): warning C4828: 文件包含在偏移 0x21e 处开始的字符，该字符在当前源字符集中无效(代码页 65001)。
  (编译源文件“frmEdgeWidthMeasure.cpp”)
  
G:\QMacVisual(CV3)(25000)\QMacVisual(CV3)2022.9.21(25000)\QMacVisual(CV3)\QPlugins\GeometryMeasure\EdgeWidthMeasure\locate.h(1,1): warning C4828: 文件包含在偏移 0x21f 处开始的字符，该字符在当前源字符集中无效(代码页 65001)。
  (编译源文件“frmEdgeWidthMeasure.cpp”)
  
G:\QMacVisual(CV3)(25000)\QMacVisual(CV3)2022.9.21(25000)\QMacVisual(CV3)\QPlugins\GeometryMeasure\EdgeWidthMeasure\locate.h(1,1): warning C4828: 文件包含在偏移 0x221 处开始的字符，该字符在当前源字符集中无效(代码页 65001)。
  (编译源文件“frmEdgeWidthMeasure.cpp”)
  
G:\QMacVisual(CV3)(25000)\QMacVisual(CV3)2022.9.21(25000)\QMacVisual(CV3)\QPlugins\GeometryMeasure\EdgeWidthMeasure\locate.h(1,1): warning C4828: 文件包含在偏移 0x224 处开始的字符，该字符在当前源字符集中无效(代码页 65001)。
  (编译源文件“frmEdgeWidthMeasure.cpp”)
  
G:\QMacVisual(CV3)(25000)\QMacVisual(CV3)2022.9.21(25000)\QMacVisual(CV3)\QPlugins\GeometryMeasure\EdgeWidthMeasure\locate.h(1,1): warning C4828: 文件包含在偏移 0x225 处开始的字符，该字符在当前源字符集中无效(代码页 65001)。
  (编译源文件“frmEdgeWidthMeasure.cpp”)
  
G:\QMacVisual(CV3)(25000)\QMacVisual(CV3)2022.9.21(25000)\QMacVisual(CV3)\QPlugins\GeometryMeasure\EdgeWidthMeasure\locate.h(1,1): warning C4828: 文件包含在偏移 0x241 处开始的字符，该字符在当前源字符集中无效(代码页 65001)。
  (编译源文件“frmEdgeWidthMeasure.cpp”)
  
G:\QMacVisual(CV3)(25000)\QMacVisual(CV3)2022.9.21(25000)\QMacVisual(CV3)\QPlugins\GeometryMeasure\EdgeWidthMeasure\locate.h(1,1): warning C4828: 文件包含在偏移 0x242 处开始的字符，该字符在当前源字符集中无效(代码页 65001)。
  (编译源文件“frmEdgeWidthMeasure.cpp”)
  
G:\QMacVisual(CV3)(25000)\QMacVisual(CV3)2022.9.21(25000)\QMacVisual(CV3)\QPlugins\GeometryMeasure\EdgeWidthMeasure\locate.h(1,1): warning C4828: 文件包含在偏移 0x243 处开始的字符，该字符在当前源字符集中无效(代码页 65001)。
  (编译源文件“frmEdgeWidthMeasure.cpp”)
  
G:\QMacVisual(CV3)(25000)\QMacVisual(CV3)2022.9.21(25000)\QMacVisual(CV3)\QPlugins\GeometryMeasure\EdgeWidthMeasure\locate.h(1,1): warning C4828: 文件包含在偏移 0x245 处开始的字符，该字符在当前源字符集中无效(代码页 65001)。
  (编译源文件“frmEdgeWidthMeasure.cpp”)
  
G:\QMacVisual(CV3)(25000)\QMacVisual(CV3)2022.9.21(25000)\QMacVisual(CV3)\QPlugins\GeometryMeasure\EdgeWidthMeasure\locate.h(1,1): warning C4828: 文件包含在偏移 0x246 处开始的字符，该字符在当前源字符集中无效(代码页 65001)。
  (编译源文件“frmEdgeWidthMeasure.cpp”)
  
G:\QMacVisual(CV3)(25000)\QMacVisual(CV3)2022.9.21(25000)\QMacVisual(CV3)\QPlugins\GeometryMeasure\EdgeWidthMeasure\locate.h(1,1): warning C4828: 文件包含在偏移 0x247 处开始的字符，该字符在当前源字符集中无效(代码页 65001)。
  (编译源文件“frmEdgeWidthMeasure.cpp”)
  
G:\QMacVisual(CV3)(25000)\QMacVisual(CV3)2022.9.21(25000)\QMacVisual(CV3)\QPlugins\GeometryMeasure\EdgeWidthMeasure\locate.h(1,1): warning C4828: 文件包含在偏移 0x249 处开始的字符，该字符在当前源字符集中无效(代码页 65001)。
  (编译源文件“frmEdgeWidthMeasure.cpp”)
  
G:\QMacVisual(CV3)(25000)\QMacVisual(CV3)2022.9.21(25000)\QMacVisual(CV3)\QPlugins\GeometryMeasure\EdgeWidthMeasure\locate.h(1,1): warning C4828: 文件包含在偏移 0x24b 处开始的字符，该字符在当前源字符集中无效(代码页 65001)。
  (编译源文件“frmEdgeWidthMeasure.cpp”)
  
G:\QMacVisual(CV3)(25000)\QMacVisual(CV3)2022.9.21(25000)\QMacVisual(CV3)\QPlugins\GeometryMeasure\EdgeWidthMeasure\locate.h(1,1): warning C4828: 文件包含在偏移 0x24c 处开始的字符，该字符在当前源字符集中无效(代码页 65001)。
  (编译源文件“frmEdgeWidthMeasure.cpp”)
  
G:\QMacVisual(CV3)(25000)\QMacVisual(CV3)2022.9.21(25000)\QMacVisual(CV3)\QPlugins\GeometryMeasure\EdgeWidthMeasure\locate.h(1,1): warning C4828: 文件包含在偏移 0x24d 处开始的字符，该字符在当前源字符集中无效(代码页 65001)。
  (编译源文件“frmEdgeWidthMeasure.cpp”)
  
G:\QMacVisual(CV3)(25000)\QMacVisual(CV3)2022.9.21(25000)\QMacVisual(CV3)\QPlugins\GeometryMeasure\EdgeWidthMeasure\locate.h(1,1): warning C4828: 文件包含在偏移 0x24e 处开始的字符，该字符在当前源字符集中无效(代码页 65001)。
  (编译源文件“frmEdgeWidthMeasure.cpp”)
  
G:\QMacVisual(CV3)(25000)\QMacVisual(CV3)2022.9.21(25000)\QMacVisual(CV3)\QPlugins\GeometryMeasure\EdgeWidthMeasure\locate.h(1,1): warning C4828: 文件包含在偏移 0x24f 处开始的字符，该字符在当前源字符集中无效(代码页 65001)。
  (编译源文件“frmEdgeWidthMeasure.cpp”)
  
G:\QMacVisual(CV3)(25000)\QMacVisual(CV3)2022.9.21(25000)\QMacVisual(CV3)\QPlugins\GeometryMeasure\EdgeWidthMeasure\locate.h(1,1): warning C4828: 文件包含在偏移 0x251 处开始的字符，该字符在当前源字符集中无效(代码页 65001)。
  (编译源文件“frmEdgeWidthMeasure.cpp”)
  
G:\QMacVisual(CV3)(25000)\QMacVisual(CV3)2022.9.21(25000)\QMacVisual(CV3)\QPlugins\GeometryMeasure\EdgeWidthMeasure\locate.h(1,1): warning C4828: 文件包含在偏移 0x255 处开始的字符，该字符在当前源字符集中无效(代码页 65001)。
  (编译源文件“frmEdgeWidthMeasure.cpp”)
  
G:\QMacVisual(CV3)(25000)\QMacVisual(CV3)2022.9.21(25000)\QMacVisual(CV3)\QPlugins\GeometryMeasure\EdgeWidthMeasure\locate.h(1,1): warning C4828: 文件包含在偏移 0x257 处开始的字符，该字符在当前源字符集中无效(代码页 65001)。
  (编译源文件“frmEdgeWidthMeasure.cpp”)
  
G:\QMacVisual(CV3)(25000)\QMacVisual(CV3)2022.9.21(25000)\QMacVisual(CV3)\QPlugins\GeometryMeasure\EdgeWidthMeasure\locate.h(1,1): warning C4828: 文件包含在偏移 0x259 处开始的字符，该字符在当前源字符集中无效(代码页 65001)。
  (编译源文件“frmEdgeWidthMeasure.cpp”)
  
G:\QMacVisual(CV3)(25000)\QMacVisual(CV3)2022.9.21(25000)\QMacVisual(CV3)\QPlugins\GeometryMeasure\EdgeWidthMeasure\locate.h(1,1): warning C4828: 文件包含在偏移 0x25a 处开始的字符，该字符在当前源字符集中无效(代码页 65001)。
  (编译源文件“frmEdgeWidthMeasure.cpp”)
  
G:\QMacVisual(CV3)(25000)\QMacVisual(CV3)2022.9.21(25000)\QMacVisual(CV3)\QPlugins\GeometryMeasure\EdgeWidthMeasure\locate.h(1,1): warning C4828: 文件包含在偏移 0x25c 处开始的字符，该字符在当前源字符集中无效(代码页 65001)。
  (编译源文件“frmEdgeWidthMeasure.cpp”)
  
G:\QMacVisual(CV3)(25000)\QMacVisual(CV3)2022.9.21(25000)\QMacVisual(CV3)\QPlugins\GeometryMeasure\EdgeWidthMeasure\locate.h(1,1): warning C4828: 文件包含在偏移 0x25d 处开始的字符，该字符在当前源字符集中无效(代码页 65001)。
  (编译源文件“frmEdgeWidthMeasure.cpp”)
  
G:\QMacVisual(CV3)(25000)\QMacVisual(CV3)2022.9.21(25000)\QMacVisual(CV3)\QPlugins\GeometryMeasure\EdgeWidthMeasure\locate.h(1,1): warning C4828: 文件包含在偏移 0x261 处开始的字符，该字符在当前源字符集中无效(代码页 65001)。
  (编译源文件“frmEdgeWidthMeasure.cpp”)
  
G:\QMacVisual(CV3)(25000)\QMacVisual(CV3)2022.9.21(25000)\QMacVisual(CV3)\QPlugins\GeometryMeasure\EdgeWidthMeasure\locate.h(1,1): warning C4828: 文件包含在偏移 0x265 处开始的字符，该字符在当前源字符集中无效(代码页 65001)。
  (编译源文件“frmEdgeWidthMeasure.cpp”)
  
G:\QMacVisual(CV3)(25000)\QMacVisual(CV3)2022.9.21(25000)\QMacVisual(CV3)\QPlugins\GeometryMeasure\EdgeWidthMeasure\locate.h(1,1): warning C4828: 文件包含在偏移 0x266 处开始的字符，该字符在当前源字符集中无效(代码页 65001)。
  (编译源文件“frmEdgeWidthMeasure.cpp”)
  
G:\QMacVisual(CV3)(25000)\QMacVisual(CV3)2022.9.21(25000)\QMacVisual(CV3)\QPlugins\GeometryMeasure\EdgeWidthMeasure\locate.h(1,1): warning C4828: 文件包含在偏移 0x267 处开始的字符，该字符在当前源字符集中无效(代码页 65001)。
  (编译源文件“frmEdgeWidthMeasure.cpp”)
  
G:\QMacVisual(CV3)(25000)\QMacVisual(CV3)2022.9.21(25000)\QMacVisual(CV3)\QPlugins\GeometryMeasure\EdgeWidthMeasure\locate.h(1,1): warning C4828: 文件包含在偏移 0x268 处开始的字符，该字符在当前源字符集中无效(代码页 65001)。
  (编译源文件“frmEdgeWidthMeasure.cpp”)
  
G:\QMacVisual(CV3)(25000)\QMacVisual(CV3)2022.9.21(25000)\QMacVisual(CV3)\QPlugins\GeometryMeasure\EdgeWidthMeasure\locate.h(1,1): warning C4828: 文件包含在偏移 0x26b 处开始的字符，该字符在当前源字符集中无效(代码页 65001)。
  (编译源文件“frmEdgeWidthMeasure.cpp”)
  
G:\QMacVisual(CV3)(25000)\QMacVisual(CV3)2022.9.21(25000)\QMacVisual(CV3)\QPlugins\GeometryMeasure\EdgeWidthMeasure\locate.h(1,1): warning C4828: 文件包含在偏移 0x26d 处开始的字符，该字符在当前源字符集中无效(代码页 65001)。
  (编译源文件“frmEdgeWidthMeasure.cpp”)
  
G:\QMacVisual(CV3)(25000)\QMacVisual(CV3)2022.9.21(25000)\QMacVisual(CV3)\QPlugins\GeometryMeasure\EdgeWidthMeasure\locate.h(1,1): warning C4828: 文件包含在偏移 0x26e 处开始的字符，该字符在当前源字符集中无效(代码页 65001)。
  (编译源文件“frmEdgeWidthMeasure.cpp”)
  
G:\QMacVisual(CV3)(25000)\QMacVisual(CV3)2022.9.21(25000)\QMacVisual(CV3)\QPlugins\GeometryMeasure\EdgeWidthMeasure\locate.h(1,1): warning C4828: 文件包含在偏移 0x288 处开始的字符，该字符在当前源字符集中无效(代码页 65001)。
  (编译源文件“frmEdgeWidthMeasure.cpp”)
  
G:\QMacVisual(CV3)(25000)\QMacVisual(CV3)2022.9.21(25000)\QMacVisual(CV3)\QPlugins\GeometryMeasure\EdgeWidthMeasure\locate.h(1,1): warning C4828: 文件包含在偏移 0x28a 处开始的字符，该字符在当前源字符集中无效(代码页 65001)。
  (编译源文件“frmEdgeWidthMeasure.cpp”)
  
G:\QMacVisual(CV3)(25000)\QMacVisual(CV3)2022.9.21(25000)\QMacVisual(CV3)\QPlugins\GeometryMeasure\EdgeWidthMeasure\locate.h(1,1): warning C4828: 文件包含在偏移 0x28f 处开始的字符，该字符在当前源字符集中无效(代码页 65001)。
  (编译源文件“frmEdgeWidthMeasure.cpp”)
  
G:\QMacVisual(CV3)(25000)\QMacVisual(CV3)2022.9.21(25000)\QMacVisual(CV3)\QPlugins\GeometryMeasure\EdgeWidthMeasure\locate.h(1,1): warning C4828: 文件包含在偏移 0x291 处开始的字符，该字符在当前源字符集中无效(代码页 65001)。
  (编译源文件“frmEdgeWidthMeasure.cpp”)
  
G:\QMacVisual(CV3)(25000)\QMacVisual(CV3)2022.9.21(25000)\QMacVisual(CV3)\QPlugins\GeometryMeasure\EdgeWidthMeasure\locate.h(1,1): warning C4828: 文件包含在偏移 0x292 处开始的字符，该字符在当前源字符集中无效(代码页 65001)。
  (编译源文件“frmEdgeWidthMeasure.cpp”)
  
G:\QMacVisual(CV3)(25000)\QMacVisual(CV3)2022.9.21(25000)\QMacVisual(CV3)\QPlugins\GeometryMeasure\EdgeWidthMeasure\locate.h(1,1): warning C4828: 文件包含在偏移 0x293 处开始的字符，该字符在当前源字符集中无效(代码页 65001)。
  (编译源文件“frmEdgeWidthMeasure.cpp”)
  
G:\QMacVisual(CV3)(25000)\QMacVisual(CV3)2022.9.21(25000)\QMacVisual(CV3)\QPlugins\GeometryMeasure\EdgeWidthMeasure\locate.h(1,1): warning C4828: 文件包含在偏移 0x298 处开始的字符，该字符在当前源字符集中无效(代码页 65001)。
  (编译源文件“frmEdgeWidthMeasure.cpp”)
  
G:\QMacVisual(CV3)(25000)\QMacVisual(CV3)2022.9.21(25000)\QMacVisual(CV3)\QPlugins\GeometryMeasure\EdgeWidthMeasure\locate.h(1,1): warning C4828: 文件包含在偏移 0x299 处开始的字符，该字符在当前源字符集中无效(代码页 65001)。
  (编译源文件“frmEdgeWidthMeasure.cpp”)
  
G:\QMacVisual(CV3)(25000)\QMacVisual(CV3)2022.9.21(25000)\QMacVisual(CV3)\QPlugins\GeometryMeasure\EdgeWidthMeasure\locate.h(1,1): warning C4828: 文件包含在偏移 0x29d 处开始的字符，该字符在当前源字符集中无效(代码页 65001)。
  (编译源文件“frmEdgeWidthMeasure.cpp”)
  
G:\QMacVisual(CV3)(25000)\QMacVisual(CV3)2022.9.21(25000)\QMacVisual(CV3)\QPlugins\GeometryMeasure\EdgeWidthMeasure\locate.h(1,1): warning C4828: 文件包含在偏移 0x29f 处开始的字符，该字符在当前源字符集中无效(代码页 65001)。
  (编译源文件“frmEdgeWidthMeasure.cpp”)
  
G:\QMacVisual(CV3)(25000)\QMacVisual(CV3)2022.9.21(25000)\QMacVisual(CV3)\QPlugins\GeometryMeasure\EdgeWidthMeasure\locate.h(1,1): warning C4828: 文件包含在偏移 0x2a2 处开始的字符，该字符在当前源字符集中无效(代码页 65001)。
  (编译源文件“frmEdgeWidthMeasure.cpp”)
  
G:\QMacVisual(CV3)(25000)\QMacVisual(CV3)2022.9.21(25000)\QMacVisual(CV3)\QPlugins\GeometryMeasure\EdgeWidthMeasure\locate.h(1,1): warning C4828: 文件包含在偏移 0x2a6 处开始的字符，该字符在当前源字符集中无效(代码页 65001)。
  (编译源文件“frmEdgeWidthMeasure.cpp”)
  
G:\QMacVisual(CV3)(25000)\QMacVisual(CV3)2022.9.21(25000)\QMacVisual(CV3)\QPlugins\GeometryMeasure\EdgeWidthMeasure\locate.h(1,1): warning C4828: 文件包含在偏移 0x2a8 处开始的字符，该字符在当前源字符集中无效(代码页 65001)。
  (编译源文件“frmEdgeWidthMeasure.cpp”)
  
G:\QMacVisual(CV3)(25000)\QMacVisual(CV3)2022.9.21(25000)\QMacVisual(CV3)\QPlugins\GeometryMeasure\EdgeWidthMeasure\locate.h(1,1): warning C4828: 文件包含在偏移 0x2a9 处开始的字符，该字符在当前源字符集中无效(代码页 65001)。
  (编译源文件“frmEdgeWidthMeasure.cpp”)
  
G:\QMacVisual(CV3)(25000)\QMacVisual(CV3)2022.9.21(25000)\QMacVisual(CV3)\QPlugins\GeometryMeasure\EdgeWidthMeasure\locate.h(1,1): warning C4828: 文件包含在偏移 0x2ab 处开始的字符，该字符在当前源字符集中无效(代码页 65001)。
  (编译源文件“frmEdgeWidthMeasure.cpp”)
  
G:\QMacVisual(CV3)(25000)\QMacVisual(CV3)2022.9.21(25000)\QMacVisual(CV3)\QPlugins\GeometryMeasure\EdgeWidthMeasure\locate.h(1,1): warning C4828: 文件包含在偏移 0x2ae 处开始的字符，该字符在当前源字符集中无效(代码页 65001)。
  (编译源文件“frmEdgeWidthMeasure.cpp”)
  
G:\QMacVisual(CV3)(25000)\QMacVisual(CV3)2022.9.21(25000)\QMacVisual(CV3)\QPlugins\GeometryMeasure\EdgeWidthMeasure\locate.h(1,1): warning C4828: 文件包含在偏移 0x2b3 处开始的字符，该字符在当前源字符集中无效(代码页 65001)。
  (编译源文件“frmEdgeWidthMeasure.cpp”)
  
G:\QMacVisual(CV3)(25000)\QMacVisual(CV3)2022.9.21(25000)\QMacVisual(CV3)\QPlugins\GeometryMeasure\EdgeWidthMeasure\locate.h(1,1): warning C4828: 文件包含在偏移 0x2b5 处开始的字符，该字符在当前源字符集中无效(代码页 65001)。
  (编译源文件“frmEdgeWidthMeasure.cpp”)
  
G:\QMacVisual(CV3)(25000)\QMacVisual(CV3)2022.9.21(25000)\QMacVisual(CV3)\QPlugins\GeometryMeasure\EdgeWidthMeasure\locate.h(1,1): warning C4828: 文件包含在偏移 0x2b6 处开始的字符，该字符在当前源字符集中无效(代码页 65001)。
  (编译源文件“frmEdgeWidthMeasure.cpp”)
  
G:\QMacVisual(CV3)(25000)\QMacVisual(CV3)2022.9.21(25000)\QMacVisual(CV3)\QPlugins\GeometryMeasure\EdgeWidthMeasure\locate.h(1,1): warning C4828: 文件包含在偏移 0x2ba 处开始的字符，该字符在当前源字符集中无效(代码页 65001)。
  (编译源文件“frmEdgeWidthMeasure.cpp”)
  
G:\QMacVisual(CV3)(25000)\QMacVisual(CV3)2022.9.21(25000)\QMacVisual(CV3)\QPlugins\GeometryMeasure\EdgeWidthMeasure\locate.h(1,1): warning C4828: 文件包含在偏移 0x2c2 处开始的字符，该字符在当前源字符集中无效(代码页 65001)。
  (编译源文件“frmEdgeWidthMeasure.cpp”)
  
G:\QMacVisual(CV3)(25000)\QMacVisual(CV3)2022.9.21(25000)\QMacVisual(CV3)\QPlugins\GeometryMeasure\EdgeWidthMeasure\locate.h(1,1): warning C4828: 文件包含在偏移 0x2c4 处开始的字符，该字符在当前源字符集中无效(代码页 65001)。
  (编译源文件“frmEdgeWidthMeasure.cpp”)
  
G:\QMacVisual(CV3)(25000)\QMacVisual(CV3)2022.9.21(25000)\QMacVisual(CV3)\QPlugins\GeometryMeasure\EdgeWidthMeasure\locate.h(1,1): warning C4828: 文件包含在偏移 0x2c7 处开始的字符，该字符在当前源字符集中无效(代码页 65001)。
  (编译源文件“frmEdgeWidthMeasure.cpp”)
  
G:\QMacVisual(CV3)(25000)\QMacVisual(CV3)2022.9.21(25000)\QMacVisual(CV3)\QPlugins\GeometryMeasure\EdgeWidthMeasure\locate.h(1,1): warning C4828: 文件包含在偏移 0x2c9 处开始的字符，该字符在当前源字符集中无效(代码页 65001)。
  (编译源文件“frmEdgeWidthMeasure.cpp”)
  
G:\QMacVisual(CV3)(25000)\QMacVisual(CV3)2022.9.21(25000)\QMacVisual(CV3)\QPlugins\GeometryMeasure\EdgeWidthMeasure\locate.h(1,1): warning C4828: 文件包含在偏移 0x2ca 处开始的字符，该字符在当前源字符集中无效(代码页 65001)。
  (编译源文件“frmEdgeWidthMeasure.cpp”)
  
G:\QMacVisual(CV3)(25000)\QMacVisual(CV3)2022.9.21(25000)\QMacVisual(CV3)\QPlugins\GeometryMeasure\EdgeWidthMeasure\locate.h(1,1): warning C4828: 文件包含在偏移 0x2cc 处开始的字符，该字符在当前源字符集中无效(代码页 65001)。
  (编译源文件“frmEdgeWidthMeasure.cpp”)
  
G:\QMacVisual(CV3)(25000)\QMacVisual(CV3)2022.9.21(25000)\QMacVisual(CV3)\QPlugins\GeometryMeasure\EdgeWidthMeasure\locate.h(1,1): warning C4828: 文件包含在偏移 0x2cd 处开始的字符，该字符在当前源字符集中无效(代码页 65001)。
  (编译源文件“frmEdgeWidthMeasure.cpp”)
  
G:\QMacVisual(CV3)(25000)\QMacVisual(CV3)2022.9.21(25000)\QMacVisual(CV3)\QPlugins\GeometryMeasure\EdgeWidthMeasure\locate.h(1,1): warning C4828: 文件包含在偏移 0x2cf 处开始的字符，该字符在当前源字符集中无效(代码页 65001)。
  (编译源文件“frmEdgeWidthMeasure.cpp”)
  
G:\QMacVisual(CV3)(25000)\QMacVisual(CV3)2022.9.21(25000)\QMacVisual(CV3)\QPlugins\GeometryMeasure\EdgeWidthMeasure\locate.h(1,1): warning C4828: 文件包含在偏移 0x2f1 处开始的字符，该字符在当前源字符集中无效(代码页 65001)。
  (编译源文件“frmEdgeWidthMeasure.cpp”)
  
G:\QMacVisual(CV3)(25000)\QMacVisual(CV3)2022.9.21(25000)\QMacVisual(CV3)\QPlugins\GeometryMeasure\EdgeWidthMeasure\locate.h(1,1): warning C4828: 文件包含在偏移 0x2f3 处开始的字符，该字符在当前源字符集中无效(代码页 65001)。
  (编译源文件“frmEdgeWidthMeasure.cpp”)
  
G:\QMacVisual(CV3)(25000)\QMacVisual(CV3)2022.9.21(25000)\QMacVisual(CV3)\QPlugins\GeometryMeasure\EdgeWidthMeasure\locate.h(1,1): warning C4828: 文件包含在偏移 0x2f4 处开始的字符，该字符在当前源字符集中无效(代码页 65001)。
  (编译源文件“frmEdgeWidthMeasure.cpp”)
  
G:\QMacVisual(CV3)(25000)\QMacVisual(CV3)2022.9.21(25000)\QMacVisual(CV3)\QPlugins\GeometryMeasure\EdgeWidthMeasure\locate.h(1,1): warning C4828: 文件包含在偏移 0x2f5 处开始的字符，该字符在当前源字符集中无效(代码页 65001)。
  (编译源文件“frmEdgeWidthMeasure.cpp”)
  
G:\QMacVisual(CV3)(25000)\QMacVisual(CV3)2022.9.21(25000)\QMacVisual(CV3)\QPlugins\GeometryMeasure\EdgeWidthMeasure\locate.h(1,1): warning C4828: 文件包含在偏移 0x302 处开始的字符，该字符在当前源字符集中无效(代码页 65001)。
  (编译源文件“frmEdgeWidthMeasure.cpp”)
  
G:\QMacVisual(CV3)(25000)\QMacVisual(CV3)2022.9.21(25000)\QMacVisual(CV3)\QPlugins\GeometryMeasure\EdgeWidthMeasure\locate.h(1,1): warning C4828: 文件包含在偏移 0x304 处开始的字符，该字符在当前源字符集中无效(代码页 65001)。
  (编译源文件“frmEdgeWidthMeasure.cpp”)
  
G:\QMacVisual(CV3)(25000)\QMacVisual(CV3)2022.9.21(25000)\QMacVisual(CV3)\QPlugins\GeometryMeasure\EdgeWidthMeasure\locate.h(1,1): warning C4828: 文件包含在偏移 0x30c 处开始的字符，该字符在当前源字符集中无效(代码页 65001)。
  (编译源文件“frmEdgeWidthMeasure.cpp”)
  
G:\QMacVisual(CV3)(25000)\QMacVisual(CV3)2022.9.21(25000)\QMacVisual(CV3)\QPlugins\GeometryMeasure\EdgeWidthMeasure\locate.h(1,1): warning C4828: 文件包含在偏移 0x30f 处开始的字符，该字符在当前源字符集中无效(代码页 65001)。
  (编译源文件“frmEdgeWidthMeasure.cpp”)
  
G:\QMacVisual(CV3)(25000)\QMacVisual(CV3)2022.9.21(25000)\QMacVisual(CV3)\QPlugins\GeometryMeasure\EdgeWidthMeasure\locate.h(1,1): warning C4828: 文件包含在偏移 0x310 处开始的字符，该字符在当前源字符集中无效(代码页 65001)。
  (编译源文件“frmEdgeWidthMeasure.cpp”)
  
G:\QMacVisual(CV3)(25000)\QMacVisual(CV3)2022.9.21(25000)\QMacVisual(CV3)\QPlugins\GeometryMeasure\EdgeWidthMeasure\locate.h(1,1): warning C4828: 文件包含在偏移 0x311 处开始的字符，该字符在当前源字符集中无效(代码页 65001)。
  (编译源文件“frmEdgeWidthMeasure.cpp”)
  
G:\QMacVisual(CV3)(25000)\QMacVisual(CV3)2022.9.21(25000)\QMacVisual(CV3)\QPlugins\GeometryMeasure\EdgeWidthMeasure\locate.h(1,1): warning C4828: 文件包含在偏移 0x317 处开始的字符，该字符在当前源字符集中无效(代码页 65001)。
  (编译源文件“frmEdgeWidthMeasure.cpp”)
  
G:\QMacVisual(CV3)(25000)\QMacVisual(CV3)2022.9.21(25000)\QMacVisual(CV3)\QPlugins\GeometryMeasure\EdgeWidthMeasure\locate.h(1,1): warning C4828: 文件包含在偏移 0x318 处开始的字符，该字符在当前源字符集中无效(代码页 65001)。
  (编译源文件“frmEdgeWidthMeasure.cpp”)
  
G:\QMacVisual(CV3)(25000)\QMacVisual(CV3)2022.9.21(25000)\QMacVisual(CV3)\QPlugins\GeometryMeasure\EdgeWidthMeasure\locate.h(1,1): warning C4828: 文件包含在偏移 0x31a 处开始的字符，该字符在当前源字符集中无效(代码页 65001)。
  (编译源文件“frmEdgeWidthMeasure.cpp”)
  
G:\QMacVisual(CV3)(25000)\QMacVisual(CV3)2022.9.21(25000)\QMacVisual(CV3)\QPlugins\GeometryMeasure\EdgeWidthMeasure\locate.h(1,1): warning C4828: 文件包含在偏移 0x31d 处开始的字符，该字符在当前源字符集中无效(代码页 65001)。
  (编译源文件“frmEdgeWidthMeasure.cpp”)
  
G:\QMacVisual(CV3)(25000)\QMacVisual(CV3)2022.9.21(25000)\QMacVisual(CV3)\QPlugins\GeometryMeasure\EdgeWidthMeasure\locate.h(1,1): warning C4828: 文件包含在偏移 0x31e 处开始的字符，该字符在当前源字符集中无效(代码页 65001)。
  (编译源文件“frmEdgeWidthMeasure.cpp”)
  
G:\QMacVisual(CV3)(25000)\QMacVisual(CV3)2022.9.21(25000)\QMacVisual(CV3)\QPlugins\GeometryMeasure\EdgeWidthMeasure\locate.h(1,1): warning C4828: 文件包含在偏移 0x322 处开始的字符，该字符在当前源字符集中无效(代码页 65001)。
  (编译源文件“frmEdgeWidthMeasure.cpp”)
  
G:\QMacVisual(CV3)(25000)\QMacVisual(CV3)2022.9.21(25000)\QMacVisual(CV3)\QPlugins\GeometryMeasure\EdgeWidthMeasure\gvariable.h(1,1): warning C4828: 文件包含在偏移 0xa1 处开始的字符，该字符在当前源字符集中无效(代码页 65001)。
  (编译源文件“EdgeWidthMeasure.cpp”)
  
G:\QMacVisual(CV3)(25000)\QMacVisual(CV3)2022.9.21(25000)\QMacVisual(CV3)\QPlugins\GeometryMeasure\EdgeWidthMeasure\gvariable.h(1,1): warning C4828: 文件包含在偏移 0xa2 处开始的字符，该字符在当前源字符集中无效(代码页 65001)。
  (编译源文件“EdgeWidthMeasure.cpp”)
  
G:\QMacVisual(CV3)(25000)\QMacVisual(CV3)2022.9.21(25000)\QMacVisual(CV3)\QPlugins\GeometryMeasure\EdgeWidthMeasure\gvariable.h(1,1): warning C4828: 文件包含在偏移 0xa3 处开始的字符，该字符在当前源字符集中无效(代码页 65001)。
  (编译源文件“EdgeWidthMeasure.cpp”)
  
G:\QMacVisual(CV3)(25000)\QMacVisual(CV3)2022.9.21(25000)\QMacVisual(CV3)\QPlugins\GeometryMeasure\EdgeWidthMeasure\gvariable.h(1,1): warning C4828: 文件包含在偏移 0xa7 处开始的字符，该字符在当前源字符集中无效(代码页 65001)。
  (编译源文件“EdgeWidthMeasure.cpp”)
  
G:\QMacVisual(CV3)(25000)\QMacVisual(CV3)2022.9.21(25000)\QMacVisual(CV3)\QPlugins\GeometryMeasure\EdgeWidthMeasure\gvariable.h(1,1): warning C4828: 文件包含在偏移 0xaa 处开始的字符，该字符在当前源字符集中无效(代码页 65001)。
  (编译源文件“EdgeWidthMeasure.cpp”)
  
G:\QMacVisual(CV3)(25000)\QMacVisual(CV3)2022.9.21(25000)\QMacVisual(CV3)\QPlugins\GeometryMeasure\EdgeWidthMeasure\gvariable.h(1,1): warning C4828: 文件包含在偏移 0xad 处开始的字符，该字符在当前源字符集中无效(代码页 65001)。
  (编译源文件“EdgeWidthMeasure.cpp”)
  
G:\QMacVisual(CV3)(25000)\QMacVisual(CV3)2022.9.21(25000)\QMacVisual(CV3)\QPlugins\GeometryMeasure\EdgeWidthMeasure\gvariable.h(1,1): warning C4828: 文件包含在偏移 0xb1 处开始的字符，该字符在当前源字符集中无效(代码页 65001)。
  (编译源文件“EdgeWidthMeasure.cpp”)
  
G:\QMacVisual(CV3)(25000)\QMacVisual(CV3)2022.9.21(25000)\QMacVisual(CV3)\QPlugins\GeometryMeasure\EdgeWidthMeasure\gvariable.h(1,1): warning C4828: 文件包含在偏移 0x304 处开始的字符，该字符在当前源字符集中无效(代码页 65001)。
  (编译源文件“EdgeWidthMeasure.cpp”)
  
G:\QMacVisual(CV3)(25000)\QMacVisual(CV3)2022.9.21(25000)\QMacVisual(CV3)\QPlugins\GeometryMeasure\EdgeWidthMeasure\gvariable.h(1,1): warning C4828: 文件包含在偏移 0x305 处开始的字符，该字符在当前源字符集中无效(代码页 65001)。
  (编译源文件“EdgeWidthMeasure.cpp”)
  
G:\QMacVisual(CV3)(25000)\QMacVisual(CV3)2022.9.21(25000)\QMacVisual(CV3)\QPlugins\GeometryMeasure\EdgeWidthMeasure\gvariable.h(1,1): warning C4828: 文件包含在偏移 0x306 处开始的字符，该字符在当前源字符集中无效(代码页 65001)。
  (编译源文件“EdgeWidthMeasure.cpp”)
  
G:\QMacVisual(CV3)(25000)\QMacVisual(CV3)2022.9.21(25000)\QMacVisual(CV3)\QPlugins\GeometryMeasure\EdgeWidthMeasure\gvariable.h(1,1): warning C4828: 文件包含在偏移 0x308 处开始的字符，该字符在当前源字符集中无效(代码页 65001)。
  (编译源文件“EdgeWidthMeasure.cpp”)
  
G:\QMacVisual(CV3)(25000)\QMacVisual(CV3)2022.9.21(25000)\QMacVisual(CV3)\QPlugins\GeometryMeasure\EdgeWidthMeasure\gvariable.h(1,1): warning C4828: 文件包含在偏移 0x30c 处开始的字符，该字符在当前源字符集中无效(代码页 65001)。
  (编译源文件“EdgeWidthMeasure.cpp”)
  
G:\QMacVisual(CV3)(25000)\QMacVisual(CV3)2022.9.21(25000)\QMacVisual(CV3)\QPlugins\GeometryMeasure\EdgeWidthMeasure\gvariable.h(1,1): warning C4828: 文件包含在偏移 0x30d 处开始的字符，该字符在当前源字符集中无效(代码页 65001)。
  (编译源文件“EdgeWidthMeasure.cpp”)
  
G:\QMacVisual(CV3)(25000)\QMacVisual(CV3)2022.9.21(25000)\QMacVisual(CV3)\QPlugins\GeometryMeasure\EdgeWidthMeasure\gvariable.h(1,1): warning C4828: 文件包含在偏移 0x30e 处开始的字符，该字符在当前源字符集中无效(代码页 65001)。
  (编译源文件“EdgeWidthMeasure.cpp”)
  
G:\QMacVisual(CV3)(25000)\QMacVisual(CV3)2022.9.21(25000)\QMacVisual(CV3)\QPlugins\GeometryMeasure\EdgeWidthMeasure\gvariable.h(1,1): warning C4828: 文件包含在偏移 0x314 处开始的字符，该字符在当前源字符集中无效(代码页 65001)。
  (编译源文件“EdgeWidthMeasure.cpp”)
  
G:\QMacVisual(CV3)(25000)\QMacVisual(CV3)2022.9.21(25000)\QMacVisual(CV3)\QPlugins\GeometryMeasure\EdgeWidthMeasure\gvariable.h(1,1): warning C4828: 文件包含在偏移 0x3bb 处开始的字符，该字符在当前源字符集中无效(代码页 65001)。
  (编译源文件“EdgeWidthMeasure.cpp”)
  
G:\QMacVisual(CV3)(25000)\QMacVisual(CV3)2022.9.21(25000)\QMacVisual(CV3)\QPlugins\GeometryMeasure\EdgeWidthMeasure\gvariable.h(1,1): warning C4828: 文件包含在偏移 0x3bc 处开始的字符，该字符在当前源字符集中无效(代码页 65001)。
  (编译源文件“EdgeWidthMeasure.cpp”)
  
G:\QMacVisual(CV3)(25000)\QMacVisual(CV3)2022.9.21(25000)\QMacVisual(CV3)\QPlugins\GeometryMeasure\EdgeWidthMeasure\gvariable.h(1,1): warning C4828: 文件包含在偏移 0x3bd 处开始的字符，该字符在当前源字符集中无效(代码页 65001)。
  (编译源文件“EdgeWidthMeasure.cpp”)
  
G:\QMacVisual(CV3)(25000)\QMacVisual(CV3)2022.9.21(25000)\QMacVisual(CV3)\QPlugins\GeometryMeasure\EdgeWidthMeasure\gvariable.h(1,1): warning C4828: 文件包含在偏移 0x3c3 处开始的字符，该字符在当前源字符集中无效(代码页 65001)。
  (编译源文件“EdgeWidthMeasure.cpp”)
  
G:\QMacVisual(CV3)(25000)\QMacVisual(CV3)2022.9.21(25000)\QMacVisual(CV3)\QPlugins\GeometryMeasure\EdgeWidthMeasure\gvariable.h(1,1): warning C4828: 文件包含在偏移 0x3c7 处开始的字符，该字符在当前源字符集中无效(代码页 65001)。
  (编译源文件“EdgeWidthMeasure.cpp”)
  
G:\QMacVisual(CV3)(25000)\QMacVisual(CV3)2022.9.21(25000)\QMacVisual(CV3)\QPlugins\GeometryMeasure\EdgeWidthMeasure\gvariable.h(1,1): warning C4828: 文件包含在偏移 0x3e8 处开始的字符，该字符在当前源字符集中无效(代码页 65001)。
  (编译源文件“EdgeWidthMeasure.cpp”)
  
G:\QMacVisual(CV3)(25000)\QMacVisual(CV3)2022.9.21(25000)\QMacVisual(CV3)\QPlugins\GeometryMeasure\EdgeWidthMeasure\gvariable.h(1,1): warning C4828: 文件包含在偏移 0x3ea 处开始的字符，该字符在当前源字符集中无效(代码页 65001)。
  (编译源文件“EdgeWidthMeasure.cpp”)
  
G:\QMacVisual(CV3)(25000)\QMacVisual(CV3)2022.9.21(25000)\QMacVisual(CV3)\QPlugins\GeometryMeasure\EdgeWidthMeasure\gvariable.h(1,1): warning C4828: 文件包含在偏移 0x3eb 处开始的字符，该字符在当前源字符集中无效(代码页 65001)。
  (编译源文件“EdgeWidthMeasure.cpp”)
  
G:\QMacVisual(CV3)(25000)\QMacVisual(CV3)2022.9.21(25000)\QMacVisual(CV3)\QPlugins\GeometryMeasure\EdgeWidthMeasure\gvariable.h(1,1): warning C4828: 文件包含在偏移 0x472 处开始的字符，该字符在当前源字符集中无效(代码页 65001)。
  (编译源文件“EdgeWidthMeasure.cpp”)
  
G:\QMacVisual(CV3)(25000)\QMacVisual(CV3)2022.9.21(25000)\QMacVisual(CV3)\QPlugins\GeometryMeasure\EdgeWidthMeasure\gvariable.h(1,1): warning C4828: 文件包含在偏移 0x514 处开始的字符，该字符在当前源字符集中无效(代码页 65001)。
  (编译源文件“EdgeWidthMeasure.cpp”)
  
G:\QMacVisual(CV3)(25000)\QMacVisual(CV3)2022.9.21(25000)\QMacVisual(CV3)\QPlugins\GeometryMeasure\EdgeWidthMeasure\gvariable.h(1,1): warning C4828: 文件包含在偏移 0x5c3 处开始的字符，该字符在当前源字符集中无效(代码页 65001)。
  (编译源文件“EdgeWidthMeasure.cpp”)
  
G:\QMacVisual(CV3)(25000)\QMacVisual(CV3)2022.9.21(25000)\QMacVisual(CV3)\QPlugins\GeometryMeasure\EdgeWidthMeasure\gvariable.h(1,1): warning C4828: 文件包含在偏移 0x5c4 处开始的字符，该字符在当前源字符集中无效(代码页 65001)。
  (编译源文件“EdgeWidthMeasure.cpp”)
  
G:\QMacVisual(CV3)(25000)\QMacVisual(CV3)2022.9.21(25000)\QMacVisual(CV3)\QPlugins\GeometryMeasure\EdgeWidthMeasure\gvariable.h(1,1): warning C4828: 文件包含在偏移 0x5c5 处开始的字符，该字符在当前源字符集中无效(代码页 65001)。
  (编译源文件“EdgeWidthMeasure.cpp”)
  
G:\QMacVisual(CV3)(25000)\QMacVisual(CV3)2022.9.21(25000)\QMacVisual(CV3)\QPlugins\GeometryMeasure\EdgeWidthMeasure\gvariable.h(1,1): warning C4828: 文件包含在偏移 0x5c6 处开始的字符，该字符在当前源字符集中无效(代码页 65001)。
  (编译源文件“EdgeWidthMeasure.cpp”)
  
G:\QMacVisual(CV3)(25000)\QMacVisual(CV3)2022.9.21(25000)\QMacVisual(CV3)\QPlugins\GeometryMeasure\EdgeWidthMeasure\gvariable.h(1,1): warning C4828: 文件包含在偏移 0x5c8 处开始的字符，该字符在当前源字符集中无效(代码页 65001)。
  (编译源文件“EdgeWidthMeasure.cpp”)
  
G:\QMacVisual(CV3)(25000)\QMacVisual(CV3)2022.9.21(25000)\QMacVisual(CV3)\QPlugins\GeometryMeasure\EdgeWidthMeasure\gvariable.h(1,1): warning C4828: 文件包含在偏移 0x5c9 处开始的字符，该字符在当前源字符集中无效(代码页 65001)。
  (编译源文件“EdgeWidthMeasure.cpp”)
  
G:\QMacVisual(CV3)(25000)\QMacVisual(CV3)2022.9.21(25000)\QMacVisual(CV3)\QPlugins\GeometryMeasure\EdgeWidthMeasure\gvariable.h(1,1): warning C4828: 文件包含在偏移 0x66f 处开始的字符，该字符在当前源字符集中无效(代码页 65001)。
  (编译源文件“EdgeWidthMeasure.cpp”)
  
G:\QMacVisual(CV3)(25000)\QMacVisual(CV3)2022.9.21(25000)\QMacVisual(CV3)\QPlugins\GeometryMeasure\EdgeWidthMeasure\gvariable.h(1,1): warning C4828: 文件包含在偏移 0x670 处开始的字符，该字符在当前源字符集中无效(代码页 65001)。
  (编译源文件“EdgeWidthMeasure.cpp”)
  
G:\QMacVisual(CV3)(25000)\QMacVisual(CV3)2022.9.21(25000)\QMacVisual(CV3)\QPlugins\GeometryMeasure\EdgeWidthMeasure\gvariable.h(1,1): warning C4828: 文件包含在偏移 0x671 处开始的字符，该字符在当前源字符集中无效(代码页 65001)。
  (编译源文件“EdgeWidthMeasure.cpp”)
  
G:\QMacVisual(CV3)(25000)\QMacVisual(CV3)2022.9.21(25000)\QMacVisual(CV3)\QPlugins\GeometryMeasure\EdgeWidthMeasure\gvariable.h(1,1): warning C4828: 文件包含在偏移 0x673 处开始的字符，该字符在当前源字符集中无效(代码页 65001)。
  (编译源文件“EdgeWidthMeasure.cpp”)
  
G:\QMacVisual(CV3)(25000)\QMacVisual(CV3)2022.9.21(25000)\QMacVisual(CV3)\QPlugins\GeometryMeasure\EdgeWidthMeasure\gvariable.h(1,1): warning C4828: 文件包含在偏移 0x732 处开始的字符，该字符在当前源字符集中无效(代码页 65001)。
  (编译源文件“EdgeWidthMeasure.cpp”)
  
G:\QMacVisual(CV3)(25000)\QMacVisual(CV3)2022.9.21(25000)\QMacVisual(CV3)\QPlugins\GeometryMeasure\EdgeWidthMeasure\gvariable.h(1,1): warning C4828: 文件包含在偏移 0x735 处开始的字符，该字符在当前源字符集中无效(代码页 65001)。
  (编译源文件“EdgeWidthMeasure.cpp”)
  
G:\QMacVisual(CV3)(25000)\QMacVisual(CV3)2022.9.21(25000)\QMacVisual(CV3)\QPlugins\GeometryMeasure\EdgeWidthMeasure\gvariable.h(1,1): warning C4828: 文件包含在偏移 0x736 处开始的字符，该字符在当前源字符集中无效(代码页 65001)。
  (编译源文件“EdgeWidthMeasure.cpp”)
  
G:\QMacVisual(CV3)(25000)\QMacVisual(CV3)2022.9.21(25000)\QMacVisual(CV3)\QPlugins\GeometryMeasure\EdgeWidthMeasure\gvariable.h(1,1): warning C4828: 文件包含在偏移 0x737 处开始的字符，该字符在当前源字符集中无效(代码页 65001)。
  (编译源文件“EdgeWidthMeasure.cpp”)
  
G:\QMacVisual(CV3)(25000)\QMacVisual(CV3)2022.9.21(25000)\QMacVisual(CV3)\QPlugins\GeometryMeasure\EdgeWidthMeasure\gvariable.h(1,1): warning C4828: 文件包含在偏移 0x7ea 处开始的字符，该字符在当前源字符集中无效(代码页 65001)。
  (编译源文件“EdgeWidthMeasure.cpp”)
  
G:\QMacVisual(CV3)(25000)\QMacVisual(CV3)2022.9.21(25000)\QMacVisual(CV3)\QPlugins\GeometryMeasure\EdgeWidthMeasure\gvariable.h(1,1): warning C4828: 文件包含在偏移 0x7ed 处开始的字符，该字符在当前源字符集中无效(代码页 65001)。
  (编译源文件“EdgeWidthMeasure.cpp”)
  
G:\QMacVisual(CV3)(25000)\QMacVisual(CV3)2022.9.21(25000)\QMacVisual(CV3)\QPlugins\GeometryMeasure\EdgeWidthMeasure\gvariable.h(1,1): warning C4828: 文件包含在偏移 0x7ee 处开始的字符，该字符在当前源字符集中无效(代码页 65001)。
  (编译源文件“EdgeWidthMeasure.cpp”)
  
G:\QMacVisual(CV3)(25000)\QMacVisual(CV3)2022.9.21(25000)\QMacVisual(CV3)\QPlugins\GeometryMeasure\EdgeWidthMeasure\gvariable.h(1,1): warning C4828: 文件包含在偏移 0xa1 处开始的字符，该字符在当前源字符集中无效(代码页 65001)。
  (编译源文件“Toolnterface.cpp”)
  
G:\QMacVisual(CV3)(25000)\QMacVisual(CV3)2022.9.21(25000)\QMacVisual(CV3)\QPlugins\GeometryMeasure\EdgeWidthMeasure\gvariable.h(1,1): warning C4828: 文件包含在偏移 0xa2 处开始的字符，该字符在当前源字符集中无效(代码页 65001)。
  (编译源文件“Toolnterface.cpp”)
  
G:\QMacVisual(CV3)(25000)\QMacVisual(CV3)2022.9.21(25000)\QMacVisual(CV3)\QPlugins\GeometryMeasure\EdgeWidthMeasure\gvariable.h(1,1): warning C4828: 文件包含在偏移 0xa3 处开始的字符，该字符在当前源字符集中无效(代码页 65001)。
  (编译源文件“Toolnterface.cpp”)
  
G:\QMacVisual(CV3)(25000)\QMacVisual(CV3)2022.9.21(25000)\QMacVisual(CV3)\QPlugins\GeometryMeasure\EdgeWidthMeasure\gvariable.h(1,1): warning C4828: 文件包含在偏移 0xa7 处开始的字符，该字符在当前源字符集中无效(代码页 65001)。
  (编译源文件“Toolnterface.cpp”)
  
G:\QMacVisual(CV3)(25000)\QMacVisual(CV3)2022.9.21(25000)\QMacVisual(CV3)\QPlugins\GeometryMeasure\EdgeWidthMeasure\gvariable.h(1,1): warning C4828: 文件包含在偏移 0xaa 处开始的字符，该字符在当前源字符集中无效(代码页 65001)。
  (编译源文件“Toolnterface.cpp”)
  
G:\QMacVisual(CV3)(25000)\QMacVisual(CV3)2022.9.21(25000)\QMacVisual(CV3)\QPlugins\GeometryMeasure\EdgeWidthMeasure\gvariable.h(1,1): warning C4828: 文件包含在偏移 0xad 处开始的字符，该字符在当前源字符集中无效(代码页 65001)。
  (编译源文件“Toolnterface.cpp”)
  
G:\QMacVisual(CV3)(25000)\QMacVisual(CV3)2022.9.21(25000)\QMacVisual(CV3)\QPlugins\GeometryMeasure\EdgeWidthMeasure\gvariable.h(1,1): warning C4828: 文件包含在偏移 0xb1 处开始的字符，该字符在当前源字符集中无效(代码页 65001)。
  (编译源文件“Toolnterface.cpp”)
  
G:\QMacVisual(CV3)(25000)\QMacVisual(CV3)2022.9.21(25000)\QMacVisual(CV3)\QPlugins\GeometryMeasure\EdgeWidthMeasure\gvariable.h(1,1): warning C4828: 文件包含在偏移 0x304 处开始的字符，该字符在当前源字符集中无效(代码页 65001)。
  (编译源文件“Toolnterface.cpp”)
  
G:\QMacVisual(CV3)(25000)\QMacVisual(CV3)2022.9.21(25000)\QMacVisual(CV3)\QPlugins\GeometryMeasure\EdgeWidthMeasure\gvariable.h(1,1): warning C4828: 文件包含在偏移 0x305 处开始的字符，该字符在当前源字符集中无效(代码页 65001)。
  (编译源文件“Toolnterface.cpp”)
  
G:\QMacVisual(CV3)(25000)\QMacVisual(CV3)2022.9.21(25000)\QMacVisual(CV3)\QPlugins\GeometryMeasure\EdgeWidthMeasure\gvariable.h(1,1): warning C4828: 文件包含在偏移 0x306 处开始的字符，该字符在当前源字符集中无效(代码页 65001)。
  (编译源文件“Toolnterface.cpp”)
  
G:\QMacVisual(CV3)(25000)\QMacVisual(CV3)2022.9.21(25000)\QMacVisual(CV3)\QPlugins\GeometryMeasure\EdgeWidthMeasure\gvariable.h(1,1): warning C4828: 文件包含在偏移 0x308 处开始的字符，该字符在当前源字符集中无效(代码页 65001)。
  (编译源文件“Toolnterface.cpp”)
  
G:\QMacVisual(CV3)(25000)\QMacVisual(CV3)2022.9.21(25000)\QMacVisual(CV3)\QPlugins\GeometryMeasure\EdgeWidthMeasure\gvariable.h(1,1): warning C4828: 文件包含在偏移 0x30c 处开始的字符，该字符在当前源字符集中无效(代码页 65001)。
  (编译源文件“Toolnterface.cpp”)
  
G:\QMacVisual(CV3)(25000)\QMacVisual(CV3)2022.9.21(25000)\QMacVisual(CV3)\QPlugins\GeometryMeasure\EdgeWidthMeasure\gvariable.h(1,1): warning C4828: 文件包含在偏移 0x30d 处开始的字符，该字符在当前源字符集中无效(代码页 65001)。
  (编译源文件“Toolnterface.cpp”)
  
G:\QMacVisual(CV3)(25000)\QMacVisual(CV3)2022.9.21(25000)\QMacVisual(CV3)\QPlugins\GeometryMeasure\EdgeWidthMeasure\gvariable.h(1,1): warning C4828: 文件包含在偏移 0x30e 处开始的字符，该字符在当前源字符集中无效(代码页 65001)。
  (编译源文件“Toolnterface.cpp”)
  
G:\QMacVisual(CV3)(25000)\QMacVisual(CV3)2022.9.21(25000)\QMacVisual(CV3)\QPlugins\GeometryMeasure\EdgeWidthMeasure\gvariable.h(1,1): warning C4828: 文件包含在偏移 0x314 处开始的字符，该字符在当前源字符集中无效(代码页 65001)。
  (编译源文件“Toolnterface.cpp”)
  
G:\QMacVisual(CV3)(25000)\QMacVisual(CV3)2022.9.21(25000)\QMacVisual(CV3)\QPlugins\GeometryMeasure\EdgeWidthMeasure\gvariable.h(1,1): warning C4828: 文件包含在偏移 0x3bb 处开始的字符，该字符在当前源字符集中无效(代码页 65001)。
  (编译源文件“Toolnterface.cpp”)
  
G:\QMacVisual(CV3)(25000)\QMacVisual(CV3)2022.9.21(25000)\QMacVisual(CV3)\QPlugins\GeometryMeasure\EdgeWidthMeasure\gvariable.h(1,1): warning C4828: 文件包含在偏移 0x3bc 处开始的字符，该字符在当前源字符集中无效(代码页 65001)。
  (编译源文件“Toolnterface.cpp”)
  
G:\QMacVisual(CV3)(25000)\QMacVisual(CV3)2022.9.21(25000)\QMacVisual(CV3)\QPlugins\GeometryMeasure\EdgeWidthMeasure\gvariable.h(1,1): warning C4828: 文件包含在偏移 0x3bd 处开始的字符，该字符在当前源字符集中无效(代码页 65001)。
  (编译源文件“Toolnterface.cpp”)
  
G:\QMacVisual(CV3)(25000)\QMacVisual(CV3)2022.9.21(25000)\QMacVisual(CV3)\QPlugins\GeometryMeasure\EdgeWidthMeasure\gvariable.h(1,1): warning C4828: 文件包含在偏移 0x3c3 处开始的字符，该字符在当前源字符集中无效(代码页 65001)。
  (编译源文件“Toolnterface.cpp”)
  
G:\QMacVisual(CV3)(25000)\QMacVisual(CV3)2022.9.21(25000)\QMacVisual(CV3)\QPlugins\GeometryMeasure\EdgeWidthMeasure\gvariable.h(1,1): warning C4828: 文件包含在偏移 0x3c7 处开始的字符，该字符在当前源字符集中无效(代码页 65001)。
  (编译源文件“Toolnterface.cpp”)
  
G:\QMacVisual(CV3)(25000)\QMacVisual(CV3)2022.9.21(25000)\QMacVisual(CV3)\QPlugins\GeometryMeasure\EdgeWidthMeasure\gvariable.h(1,1): warning C4828: 文件包含在偏移 0x3e8 处开始的字符，该字符在当前源字符集中无效(代码页 65001)。
  (编译源文件“Toolnterface.cpp”)
  
G:\QMacVisual(CV3)(25000)\QMacVisual(CV3)2022.9.21(25000)\QMacVisual(CV3)\QPlugins\GeometryMeasure\EdgeWidthMeasure\gvariable.h(1,1): warning C4828: 文件包含在偏移 0x3ea 处开始的字符，该字符在当前源字符集中无效(代码页 65001)。
  (编译源文件“Toolnterface.cpp”)
  
G:\QMacVisual(CV3)(25000)\QMacVisual(CV3)2022.9.21(25000)\QMacVisual(CV3)\QPlugins\GeometryMeasure\EdgeWidthMeasure\gvariable.h(1,1): warning C4828: 文件包含在偏移 0x3eb 处开始的字符，该字符在当前源字符集中无效(代码页 65001)。
  (编译源文件“Toolnterface.cpp”)
  
G:\QMacVisual(CV3)(25000)\QMacVisual(CV3)2022.9.21(25000)\QMacVisual(CV3)\QPlugins\GeometryMeasure\EdgeWidthMeasure\gvariable.h(1,1): warning C4828: 文件包含在偏移 0x472 处开始的字符，该字符在当前源字符集中无效(代码页 65001)。
  (编译源文件“Toolnterface.cpp”)
  
G:\QMacVisual(CV3)(25000)\QMacVisual(CV3)2022.9.21(25000)\QMacVisual(CV3)\QPlugins\GeometryMeasure\EdgeWidthMeasure\gvariable.h(1,1): warning C4828: 文件包含在偏移 0x514 处开始的字符，该字符在当前源字符集中无效(代码页 65001)。
  (编译源文件“Toolnterface.cpp”)
  
G:\QMacVisual(CV3)(25000)\QMacVisual(CV3)2022.9.21(25000)\QMacVisual(CV3)\QPlugins\GeometryMeasure\EdgeWidthMeasure\gvariable.h(1,1): warning C4828: 文件包含在偏移 0x5c3 处开始的字符，该字符在当前源字符集中无效(代码页 65001)。
  (编译源文件“Toolnterface.cpp”)
  
G:\QMacVisual(CV3)(25000)\QMacVisual(CV3)2022.9.21(25000)\QMacVisual(CV3)\QPlugins\GeometryMeasure\EdgeWidthMeasure\gvariable.h(1,1): warning C4828: 文件包含在偏移 0x5c4 处开始的字符，该字符在当前源字符集中无效(代码页 65001)。
  (编译源文件“Toolnterface.cpp”)
  
G:\QMacVisual(CV3)(25000)\QMacVisual(CV3)2022.9.21(25000)\QMacVisual(CV3)\QPlugins\GeometryMeasure\EdgeWidthMeasure\gvariable.h(1,1): warning C4828: 文件包含在偏移 0x5c5 处开始的字符，该字符在当前源字符集中无效(代码页 65001)。
  (编译源文件“Toolnterface.cpp”)
  
G:\QMacVisual(CV3)(25000)\QMacVisual(CV3)2022.9.21(25000)\QMacVisual(CV3)\QPlugins\GeometryMeasure\EdgeWidthMeasure\gvariable.h(1,1): warning C4828: 文件包含在偏移 0x5c6 处开始的字符，该字符在当前源字符集中无效(代码页 65001)。
  (编译源文件“Toolnterface.cpp”)
  
G:\QMacVisual(CV3)(25000)\QMacVisual(CV3)2022.9.21(25000)\QMacVisual(CV3)\QPlugins\GeometryMeasure\EdgeWidthMeasure\gvariable.h(1,1): warning C4828: 文件包含在偏移 0x5c8 处开始的字符，该字符在当前源字符集中无效(代码页 65001)。
  (编译源文件“Toolnterface.cpp”)
  
G:\QMacVisual(CV3)(25000)\QMacVisual(CV3)2022.9.21(25000)\QMacVisual(CV3)\QPlugins\GeometryMeasure\EdgeWidthMeasure\gvariable.h(1,1): warning C4828: 文件包含在偏移 0x5c9 处开始的字符，该字符在当前源字符集中无效(代码页 65001)。
  (编译源文件“Toolnterface.cpp”)
  
G:\QMacVisual(CV3)(25000)\QMacVisual(CV3)2022.9.21(25000)\QMacVisual(CV3)\QPlugins\GeometryMeasure\EdgeWidthMeasure\gvariable.h(1,1): warning C4828: 文件包含在偏移 0x66f 处开始的字符，该字符在当前源字符集中无效(代码页 65001)。
  (编译源文件“Toolnterface.cpp”)
  
G:\QMacVisual(CV3)(25000)\QMacVisual(CV3)2022.9.21(25000)\QMacVisual(CV3)\QPlugins\GeometryMeasure\EdgeWidthMeasure\gvariable.h(1,1): warning C4828: 文件包含在偏移 0x670 处开始的字符，该字符在当前源字符集中无效(代码页 65001)。
  (编译源文件“Toolnterface.cpp”)
  
G:\QMacVisual(CV3)(25000)\QMacVisual(CV3)2022.9.21(25000)\QMacVisual(CV3)\QPlugins\GeometryMeasure\EdgeWidthMeasure\gvariable.h(1,1): warning C4828: 文件包含在偏移 0x671 处开始的字符，该字符在当前源字符集中无效(代码页 65001)。
  (编译源文件“Toolnterface.cpp”)
  
G:\QMacVisual(CV3)(25000)\QMacVisual(CV3)2022.9.21(25000)\QMacVisual(CV3)\QPlugins\GeometryMeasure\EdgeWidthMeasure\gvariable.h(1,1): warning C4828: 文件包含在偏移 0x673 处开始的字符，该字符在当前源字符集中无效(代码页 65001)。
  (编译源文件“Toolnterface.cpp”)
  
G:\QMacVisual(CV3)(25000)\QMacVisual(CV3)2022.9.21(25000)\QMacVisual(CV3)\QPlugins\GeometryMeasure\EdgeWidthMeasure\gvariable.h(1,1): warning C4828: 文件包含在偏移 0x732 处开始的字符，该字符在当前源字符集中无效(代码页 65001)。
  (编译源文件“Toolnterface.cpp”)
  
G:\QMacVisual(CV3)(25000)\QMacVisual(CV3)2022.9.21(25000)\QMacVisual(CV3)\QPlugins\GeometryMeasure\EdgeWidthMeasure\gvariable.h(1,1): warning C4828: 文件包含在偏移 0x735 处开始的字符，该字符在当前源字符集中无效(代码页 65001)。
  (编译源文件“Toolnterface.cpp”)
  
G:\QMacVisual(CV3)(25000)\QMacVisual(CV3)2022.9.21(25000)\QMacVisual(CV3)\QPlugins\GeometryMeasure\EdgeWidthMeasure\gvariable.h(1,1): warning C4828: 文件包含在偏移 0x736 处开始的字符，该字符在当前源字符集中无效(代码页 65001)。
  (编译源文件“Toolnterface.cpp”)
  
G:\QMacVisual(CV3)(25000)\QMacVisual(CV3)2022.9.21(25000)\QMacVisual(CV3)\QPlugins\GeometryMeasure\EdgeWidthMeasure\gvariable.h(1,1): warning C4828: 文件包含在偏移 0x737 处开始的字符，该字符在当前源字符集中无效(代码页 65001)。
  (编译源文件“Toolnterface.cpp”)
  
G:\QMacVisual(CV3)(25000)\QMacVisual(CV3)2022.9.21(25000)\QMacVisual(CV3)\QPlugins\GeometryMeasure\EdgeWidthMeasure\gvariable.h(1,1): warning C4828: 文件包含在偏移 0x7ea 处开始的字符，该字符在当前源字符集中无效(代码页 65001)。
  (编译源文件“Toolnterface.cpp”)
  
G:\QMacVisual(CV3)(25000)\QMacVisual(CV3)2022.9.21(25000)\QMacVisual(CV3)\QPlugins\GeometryMeasure\EdgeWidthMeasure\gvariable.h(1,1): warning C4828: 文件包含在偏移 0x7ed 处开始的字符，该字符在当前源字符集中无效(代码页 65001)。
  (编译源文件“Toolnterface.cpp”)
  
G:\QMacVisual(CV3)(25000)\QMacVisual(CV3)2022.9.21(25000)\QMacVisual(CV3)\QPlugins\GeometryMeasure\EdgeWidthMeasure\gvariable.h(1,1): warning C4828: 文件包含在偏移 0x7ee 处开始的字符，该字符在当前源字符集中无效(代码页 65001)。
  (编译源文件“Toolnterface.cpp”)
  
G:\QMacVisual(CV3)(25000)\QMacVisual(CV3)2022.9.21(25000)\QMacVisual(CV3)\QPlugins\GeometryMeasure\EdgeWidthMeasure\mytitlebar.h(1,1): warning C4828: 文件包含在偏移 0xb7 处开始的字符，该字符在当前源字符集中无效(代码页 65001)。
  (编译源文件“EdgeWidthMeasure.cpp”)
  
G:\QMacVisual(CV3)(25000)\QMacVisual(CV3)2022.9.21(25000)\QMacVisual(CV3)\QPlugins\GeometryMeasure\EdgeWidthMeasure\mytitlebar.h(1,1): warning C4828: 文件包含在偏移 0xbb 处开始的字符，该字符在当前源字符集中无效(代码页 65001)。
  (编译源文件“EdgeWidthMeasure.cpp”)
  
G:\QMacVisual(CV3)(25000)\QMacVisual(CV3)2022.9.21(25000)\QMacVisual(CV3)\QPlugins\GeometryMeasure\EdgeWidthMeasure\mytitlebar.h(1,1): warning C4828: 文件包含在偏移 0xbc 处开始的字符，该字符在当前源字符集中无效(代码页 65001)。
  (编译源文件“EdgeWidthMeasure.cpp”)
  
G:\QMacVisual(CV3)(25000)\QMacVisual(CV3)2022.9.21(25000)\QMacVisual(CV3)\QPlugins\GeometryMeasure\EdgeWidthMeasure\mytitlebar.h(1,1): warning C4828: 文件包含在偏移 0xbd 处开始的字符，该字符在当前源字符集中无效(代码页 65001)。
  (编译源文件“EdgeWidthMeasure.cpp”)
  
G:\QMacVisual(CV3)(25000)\QMacVisual(CV3)2022.9.21(25000)\QMacVisual(CV3)\QPlugins\GeometryMeasure\EdgeWidthMeasure\mytitlebar.h(1,1): warning C4828: 文件包含在偏移 0xc4 处开始的字符，该字符在当前源字符集中无效(代码页 65001)。
  (编译源文件“EdgeWidthMeasure.cpp”)
  
G:\QMacVisual(CV3)(25000)\QMacVisual(CV3)2022.9.21(25000)\QMacVisual(CV3)\QPlugins\GeometryMeasure\EdgeWidthMeasure\mytitlebar.h(1,1): warning C4828: 文件包含在偏移 0xde 处开始的字符，该字符在当前源字符集中无效(代码页 65001)。
  (编译源文件“EdgeWidthMeasure.cpp”)
  
G:\QMacVisual(CV3)(25000)\QMacVisual(CV3)2022.9.21(25000)\QMacVisual(CV3)\QPlugins\GeometryMeasure\EdgeWidthMeasure\mytitlebar.h(1,1): warning C4828: 文件包含在偏移 0xe2 处开始的字符，该字符在当前源字符集中无效(代码页 65001)。
  (编译源文件“EdgeWidthMeasure.cpp”)
  
G:\QMacVisual(CV3)(25000)\QMacVisual(CV3)2022.9.21(25000)\QMacVisual(CV3)\QPlugins\GeometryMeasure\EdgeWidthMeasure\mytitlebar.h(1,1): warning C4828: 文件包含在偏移 0xe3 处开始的字符，该字符在当前源字符集中无效(代码页 65001)。
  (编译源文件“EdgeWidthMeasure.cpp”)
  
G:\QMacVisual(CV3)(25000)\QMacVisual(CV3)2022.9.21(25000)\QMacVisual(CV3)\QPlugins\GeometryMeasure\EdgeWidthMeasure\mytitlebar.h(1,1): warning C4828: 文件包含在偏移 0xe4 处开始的字符，该字符在当前源字符集中无效(代码页 65001)。
  (编译源文件“EdgeWidthMeasure.cpp”)
  
G:\QMacVisual(CV3)(25000)\QMacVisual(CV3)2022.9.21(25000)\QMacVisual(CV3)\QPlugins\GeometryMeasure\EdgeWidthMeasure\mytitlebar.h(1,1): warning C4828: 文件包含在偏移 0xe5 处开始的字符，该字符在当前源字符集中无效(代码页 65001)。
  (编译源文件“EdgeWidthMeasure.cpp”)
  
G:\QMacVisual(CV3)(25000)\QMacVisual(CV3)2022.9.21(25000)\QMacVisual(CV3)\QPlugins\GeometryMeasure\EdgeWidthMeasure\mytitlebar.h(1,1): warning C4828: 文件包含在偏移 0xe6 处开始的字符，该字符在当前源字符集中无效(代码页 65001)。
  (编译源文件“EdgeWidthMeasure.cpp”)
  
G:\QMacVisual(CV3)(25000)\QMacVisual(CV3)2022.9.21(25000)\QMacVisual(CV3)\QPlugins\GeometryMeasure\EdgeWidthMeasure\mytitlebar.h(1,1): warning C4828: 文件包含在偏移 0xe8 处开始的字符，该字符在当前源字符集中无效(代码页 65001)。
  (编译源文件“EdgeWidthMeasure.cpp”)
  
G:\QMacVisual(CV3)(25000)\QMacVisual(CV3)2022.9.21(25000)\QMacVisual(CV3)\QPlugins\GeometryMeasure\EdgeWidthMeasure\mytitlebar.h(1,1): warning C4828: 文件包含在偏移 0xf3 处开始的字符，该字符在当前源字符集中无效(代码页 65001)。
  (编译源文件“EdgeWidthMeasure.cpp”)
  
G:\QMacVisual(CV3)(25000)\QMacVisual(CV3)2022.9.21(25000)\QMacVisual(CV3)\QPlugins\GeometryMeasure\EdgeWidthMeasure\mytitlebar.h(1,1): warning C4828: 文件包含在偏移 0x110 处开始的字符，该字符在当前源字符集中无效(代码页 65001)。
  (编译源文件“EdgeWidthMeasure.cpp”)
  
G:\QMacVisual(CV3)(25000)\QMacVisual(CV3)2022.9.21(25000)\QMacVisual(CV3)\QPlugins\GeometryMeasure\EdgeWidthMeasure\mytitlebar.h(1,1): warning C4828: 文件包含在偏移 0x112 处开始的字符，该字符在当前源字符集中无效(代码页 65001)。
  (编译源文件“EdgeWidthMeasure.cpp”)
  
G:\QMacVisual(CV3)(25000)\QMacVisual(CV3)2022.9.21(25000)\QMacVisual(CV3)\QPlugins\GeometryMeasure\EdgeWidthMeasure\mytitlebar.h(1,1): warning C4828: 文件包含在偏移 0x117 处开始的字符，该字符在当前源字符集中无效(代码页 65001)。
  (编译源文件“EdgeWidthMeasure.cpp”)
  
G:\QMacVisual(CV3)(25000)\QMacVisual(CV3)2022.9.21(25000)\QMacVisual(CV3)\QPlugins\GeometryMeasure\EdgeWidthMeasure\mytitlebar.h(1,1): warning C4828: 文件包含在偏移 0x19a 处开始的字符，该字符在当前源字符集中无效(代码页 65001)。
  (编译源文件“EdgeWidthMeasure.cpp”)
  
G:\QMacVisual(CV3)(25000)\QMacVisual(CV3)2022.9.21(25000)\QMacVisual(CV3)\QPlugins\GeometryMeasure\EdgeWidthMeasure\mytitlebar.h(1,1): warning C4828: 文件包含在偏移 0x19c 处开始的字符，该字符在当前源字符集中无效(代码页 65001)。
  (编译源文件“EdgeWidthMeasure.cpp”)
  
G:\QMacVisual(CV3)(25000)\QMacVisual(CV3)2022.9.21(25000)\QMacVisual(CV3)\QPlugins\GeometryMeasure\EdgeWidthMeasure\mytitlebar.h(1,1): warning C4828: 文件包含在偏移 0x19e 处开始的字符，该字符在当前源字符集中无效(代码页 65001)。
  (编译源文件“EdgeWidthMeasure.cpp”)
  
G:\QMacVisual(CV3)(25000)\QMacVisual(CV3)2022.9.21(25000)\QMacVisual(CV3)\QPlugins\GeometryMeasure\EdgeWidthMeasure\mytitlebar.h(1,1): warning C4828: 文件包含在偏移 0x19f 处开始的字符，该字符在当前源字符集中无效(代码页 65001)。
  (编译源文件“EdgeWidthMeasure.cpp”)
  
G:\QMacVisual(CV3)(25000)\QMacVisual(CV3)2022.9.21(25000)\QMacVisual(CV3)\QPlugins\GeometryMeasure\EdgeWidthMeasure\mytitlebar.h(1,1): warning C4828: 文件包含在偏移 0x1a2 处开始的字符，该字符在当前源字符集中无效(代码页 65001)。
  (编译源文件“EdgeWidthMeasure.cpp”)
  
G:\QMacVisual(CV3)(25000)\QMacVisual(CV3)2022.9.21(25000)\QMacVisual(CV3)\QPlugins\GeometryMeasure\EdgeWidthMeasure\mytitlebar.h(1,1): warning C4828: 文件包含在偏移 0x1a3 处开始的字符，该字符在当前源字符集中无效(代码页 65001)。
  (编译源文件“EdgeWidthMeasure.cpp”)
  
G:\QMacVisual(CV3)(25000)\QMacVisual(CV3)2022.9.21(25000)\QMacVisual(CV3)\QPlugins\GeometryMeasure\EdgeWidthMeasure\mytitlebar.h(1,1): warning C4828: 文件包含在偏移 0x1a4 处开始的字符，该字符在当前源字符集中无效(代码页 65001)。
  (编译源文件“EdgeWidthMeasure.cpp”)
  
G:\QMacVisual(CV3)(25000)\QMacVisual(CV3)2022.9.21(25000)\QMacVisual(CV3)\QPlugins\GeometryMeasure\EdgeWidthMeasure\mytitlebar.h(1,1): warning C4828: 文件包含在偏移 0x1a5 处开始的字符，该字符在当前源字符集中无效(代码页 65001)。
  (编译源文件“EdgeWidthMeasure.cpp”)
  
G:\QMacVisual(CV3)(25000)\QMacVisual(CV3)2022.9.21(25000)\QMacVisual(CV3)\QPlugins\GeometryMeasure\EdgeWidthMeasure\mytitlebar.h(1,1): warning C4828: 文件包含在偏移 0x1a6 处开始的字符，该字符在当前源字符集中无效(代码页 65001)。
  (编译源文件“EdgeWidthMeasure.cpp”)
  
G:\QMacVisual(CV3)(25000)\QMacVisual(CV3)2022.9.21(25000)\QMacVisual(CV3)\QPlugins\GeometryMeasure\EdgeWidthMeasure\mytitlebar.h(1,1): warning C4828: 文件包含在偏移 0x1a7 处开始的字符，该字符在当前源字符集中无效(代码页 65001)。
  (编译源文件“EdgeWidthMeasure.cpp”)
  
G:\QMacVisual(CV3)(25000)\QMacVisual(CV3)2022.9.21(25000)\QMacVisual(CV3)\QPlugins\GeometryMeasure\EdgeWidthMeasure\mytitlebar.h(1,1): warning C4828: 文件包含在偏移 0x1df 处开始的字符，该字符在当前源字符集中无效(代码页 65001)。
  (编译源文件“EdgeWidthMeasure.cpp”)
  
G:\QMacVisual(CV3)(25000)\QMacVisual(CV3)2022.9.21(25000)\QMacVisual(CV3)\QPlugins\GeometryMeasure\EdgeWidthMeasure\mytitlebar.h(1,1): warning C4828: 文件包含在偏移 0x1e1 处开始的字符，该字符在当前源字符集中无效(代码页 65001)。
  (编译源文件“EdgeWidthMeasure.cpp”)
  
G:\QMacVisual(CV3)(25000)\QMacVisual(CV3)2022.9.21(25000)\QMacVisual(CV3)\QPlugins\GeometryMeasure\EdgeWidthMeasure\mytitlebar.h(1,1): warning C4828: 文件包含在偏移 0x1e3 处开始的字符，该字符在当前源字符集中无效(代码页 65001)。
  (编译源文件“EdgeWidthMeasure.cpp”)
  
G:\QMacVisual(CV3)(25000)\QMacVisual(CV3)2022.9.21(25000)\QMacVisual(CV3)\QPlugins\GeometryMeasure\EdgeWidthMeasure\mytitlebar.h(1,1): warning C4828: 文件包含在偏移 0x1e4 处开始的字符，该字符在当前源字符集中无效(代码页 65001)。
  (编译源文件“EdgeWidthMeasure.cpp”)
  
G:\QMacVisual(CV3)(25000)\QMacVisual(CV3)2022.9.21(25000)\QMacVisual(CV3)\QPlugins\GeometryMeasure\EdgeWidthMeasure\mytitlebar.h(1,1): warning C4828: 文件包含在偏移 0x1e7 处开始的字符，该字符在当前源字符集中无效(代码页 65001)。
  (编译源文件“EdgeWidthMeasure.cpp”)
  
G:\QMacVisual(CV3)(25000)\QMacVisual(CV3)2022.9.21(25000)\QMacVisual(CV3)\QPlugins\GeometryMeasure\EdgeWidthMeasure\mytitlebar.h(1,1): warning C4828: 文件包含在偏移 0x1e8 处开始的字符，该字符在当前源字符集中无效(代码页 65001)。
  (编译源文件“EdgeWidthMeasure.cpp”)
  
G:\QMacVisual(CV3)(25000)\QMacVisual(CV3)2022.9.21(25000)\QMacVisual(CV3)\QPlugins\GeometryMeasure\EdgeWidthMeasure\mytitlebar.h(1,1): warning C4828: 文件包含在偏移 0x1eb 处开始的字符，该字符在当前源字符集中无效(代码页 65001)。
  (编译源文件“EdgeWidthMeasure.cpp”)
  
G:\QMacVisual(CV3)(25000)\QMacVisual(CV3)2022.9.21(25000)\QMacVisual(CV3)\QPlugins\GeometryMeasure\EdgeWidthMeasure\mytitlebar.h(1,1): warning C4828: 文件包含在偏移 0x1ec 处开始的字符，该字符在当前源字符集中无效(代码页 65001)。
  (编译源文件“EdgeWidthMeasure.cpp”)
  
G:\QMacVisual(CV3)(25000)\QMacVisual(CV3)2022.9.21(25000)\QMacVisual(CV3)\QPlugins\GeometryMeasure\EdgeWidthMeasure\mytitlebar.h(1,1): warning C4828: 文件包含在偏移 0x219 处开始的字符，该字符在当前源字符集中无效(代码页 65001)。
  (编译源文件“EdgeWidthMeasure.cpp”)
  
G:\QMacVisual(CV3)(25000)\QMacVisual(CV3)2022.9.21(25000)\QMacVisual(CV3)\QPlugins\GeometryMeasure\EdgeWidthMeasure\mytitlebar.h(1,1): warning C4828: 文件包含在偏移 0x21b 处开始的字符，该字符在当前源字符集中无效(代码页 65001)。
  (编译源文件“EdgeWidthMeasure.cpp”)
  
G:\QMacVisual(CV3)(25000)\QMacVisual(CV3)2022.9.21(25000)\QMacVisual(CV3)\QPlugins\GeometryMeasure\EdgeWidthMeasure\mytitlebar.h(1,1): warning C4828: 文件包含在偏移 0x21d 处开始的字符，该字符在当前源字符集中无效(代码页 65001)。
  (编译源文件“EdgeWidthMeasure.cpp”)
  
G:\QMacVisual(CV3)(25000)\QMacVisual(CV3)2022.9.21(25000)\QMacVisual(CV3)\QPlugins\GeometryMeasure\EdgeWidthMeasure\mytitlebar.h(1,1): warning C4828: 文件包含在偏移 0x21e 处开始的字符，该字符在当前源字符集中无效(代码页 65001)。
  (编译源文件“EdgeWidthMeasure.cpp”)
  
G:\QMacVisual(CV3)(25000)\QMacVisual(CV3)2022.9.21(25000)\QMacVisual(CV3)\QPlugins\GeometryMeasure\EdgeWidthMeasure\mytitlebar.h(1,1): warning C4828: 文件包含在偏移 0x221 处开始的字符，该字符在当前源字符集中无效(代码页 65001)。
  (编译源文件“EdgeWidthMeasure.cpp”)
  
G:\QMacVisual(CV3)(25000)\QMacVisual(CV3)2022.9.21(25000)\QMacVisual(CV3)\QPlugins\GeometryMeasure\EdgeWidthMeasure\mytitlebar.h(1,1): warning C4828: 文件包含在偏移 0x223 处开始的字符，该字符在当前源字符集中无效(代码页 65001)。
  (编译源文件“EdgeWidthMeasure.cpp”)
  
G:\QMacVisual(CV3)(25000)\QMacVisual(CV3)2022.9.21(25000)\QMacVisual(CV3)\QPlugins\GeometryMeasure\EdgeWidthMeasure\mytitlebar.h(1,1): warning C4828: 文件包含在偏移 0x258 处开始的字符，该字符在当前源字符集中无效(代码页 65001)。
  (编译源文件“EdgeWidthMeasure.cpp”)
  
G:\QMacVisual(CV3)(25000)\QMacVisual(CV3)2022.9.21(25000)\QMacVisual(CV3)\QPlugins\GeometryMeasure\EdgeWidthMeasure\mytitlebar.h(1,1): warning C4828: 文件包含在偏移 0x25a 处开始的字符，该字符在当前源字符集中无效(代码页 65001)。
  (编译源文件“EdgeWidthMeasure.cpp”)
  
G:\QMacVisual(CV3)(25000)\QMacVisual(CV3)2022.9.21(25000)\QMacVisual(CV3)\QPlugins\GeometryMeasure\EdgeWidthMeasure\mytitlebar.h(1,1): warning C4828: 文件包含在偏移 0x25c 处开始的字符，该字符在当前源字符集中无效(代码页 65001)。
  (编译源文件“EdgeWidthMeasure.cpp”)
  
G:\QMacVisual(CV3)(25000)\QMacVisual(CV3)2022.9.21(25000)\QMacVisual(CV3)\QPlugins\GeometryMeasure\EdgeWidthMeasure\mytitlebar.h(1,1): warning C4828: 文件包含在偏移 0x25d 处开始的字符，该字符在当前源字符集中无效(代码页 65001)。
  (编译源文件“EdgeWidthMeasure.cpp”)
  
G:\QMacVisual(CV3)(25000)\QMacVisual(CV3)2022.9.21(25000)\QMacVisual(CV3)\QPlugins\GeometryMeasure\EdgeWidthMeasure\mytitlebar.h(1,1): warning C4828: 文件包含在偏移 0x260 处开始的字符，该字符在当前源字符集中无效(代码页 65001)。
  (编译源文件“EdgeWidthMeasure.cpp”)
  
G:\QMacVisual(CV3)(25000)\QMacVisual(CV3)2022.9.21(25000)\QMacVisual(CV3)\QPlugins\GeometryMeasure\EdgeWidthMeasure\mytitlebar.h(1,1): warning C4828: 文件包含在偏移 0x261 处开始的字符，该字符在当前源字符集中无效(代码页 65001)。
  (编译源文件“EdgeWidthMeasure.cpp”)
  
G:\QMacVisual(CV3)(25000)\QMacVisual(CV3)2022.9.21(25000)\QMacVisual(CV3)\QPlugins\GeometryMeasure\EdgeWidthMeasure\mytitlebar.h(1,1): warning C4828: 文件包含在偏移 0x262 处开始的字符，该字符在当前源字符集中无效(代码页 65001)。
  (编译源文件“EdgeWidthMeasure.cpp”)
  
G:\QMacVisual(CV3)(25000)\QMacVisual(CV3)2022.9.21(25000)\QMacVisual(CV3)\QPlugins\GeometryMeasure\EdgeWidthMeasure\mytitlebar.h(1,1): warning C4828: 文件包含在偏移 0x263 处开始的字符，该字符在当前源字符集中无效(代码页 65001)。
  (编译源文件“EdgeWidthMeasure.cpp”)
  
G:\QMacVisual(CV3)(25000)\QMacVisual(CV3)2022.9.21(25000)\QMacVisual(CV3)\QPlugins\GeometryMeasure\EdgeWidthMeasure\mytitlebar.h(1,1): warning C4828: 文件包含在偏移 0x264 处开始的字符，该字符在当前源字符集中无效(代码页 65001)。
  (编译源文件“EdgeWidthMeasure.cpp”)
  
G:\QMacVisual(CV3)(25000)\QMacVisual(CV3)2022.9.21(25000)\QMacVisual(CV3)\QPlugins\GeometryMeasure\EdgeWidthMeasure\mytitlebar.h(1,1): warning C4828: 文件包含在偏移 0x265 处开始的字符，该字符在当前源字符集中无效(代码页 65001)。
  (编译源文件“EdgeWidthMeasure.cpp”)
  
G:\QMacVisual(CV3)(25000)\QMacVisual(CV3)2022.9.21(25000)\QMacVisual(CV3)\QPlugins\GeometryMeasure\EdgeWidthMeasure\mytitlebar.h(1,1): warning C4828: 文件包含在偏移 0x28c 处开始的字符，该字符在当前源字符集中无效(代码页 65001)。
  (编译源文件“EdgeWidthMeasure.cpp”)
  
G:\QMacVisual(CV3)(25000)\QMacVisual(CV3)2022.9.21(25000)\QMacVisual(CV3)\QPlugins\GeometryMeasure\EdgeWidthMeasure\mytitlebar.h(1,1): warning C4828: 文件包含在偏移 0x28e 处开始的字符，该字符在当前源字符集中无效(代码页 65001)。
  (编译源文件“EdgeWidthMeasure.cpp”)
  
G:\QMacVisual(CV3)(25000)\QMacVisual(CV3)2022.9.21(25000)\QMacVisual(CV3)\QPlugins\GeometryMeasure\EdgeWidthMeasure\mytitlebar.h(1,1): warning C4828: 文件包含在偏移 0x290 处开始的字符，该字符在当前源字符集中无效(代码页 65001)。
  (编译源文件“EdgeWidthMeasure.cpp”)
  
G:\QMacVisual(CV3)(25000)\QMacVisual(CV3)2022.9.21(25000)\QMacVisual(CV3)\QPlugins\GeometryMeasure\EdgeWidthMeasure\mytitlebar.h(1,1): warning C4828: 文件包含在偏移 0x291 处开始的字符，该字符在当前源字符集中无效(代码页 65001)。
  (编译源文件“EdgeWidthMeasure.cpp”)
  
G:\QMacVisual(CV3)(25000)\QMacVisual(CV3)2022.9.21(25000)\QMacVisual(CV3)\QPlugins\GeometryMeasure\EdgeWidthMeasure\mytitlebar.h(1,1): warning C4828: 文件包含在偏移 0x294 处开始的字符，该字符在当前源字符集中无效(代码页 65001)。
  (编译源文件“EdgeWidthMeasure.cpp”)
  
G:\QMacVisual(CV3)(25000)\QMacVisual(CV3)2022.9.21(25000)\QMacVisual(CV3)\QPlugins\GeometryMeasure\EdgeWidthMeasure\mytitlebar.h(1,1): warning C4828: 文件包含在偏移 0x295 处开始的字符，该字符在当前源字符集中无效(代码页 65001)。
  (编译源文件“EdgeWidthMeasure.cpp”)
  
G:\QMacVisual(CV3)(25000)\QMacVisual(CV3)2022.9.21(25000)\QMacVisual(CV3)\QPlugins\GeometryMeasure\EdgeWidthMeasure\mytitlebar.h(1,1): warning C4828: 文件包含在偏移 0x296 处开始的字符，该字符在当前源字符集中无效(代码页 65001)。
  (编译源文件“EdgeWidthMeasure.cpp”)
  
G:\QMacVisual(CV3)(25000)\QMacVisual(CV3)2022.9.21(25000)\QMacVisual(CV3)\QPlugins\GeometryMeasure\EdgeWidthMeasure\mytitlebar.h(1,1): warning C4828: 文件包含在偏移 0x298 处开始的字符，该字符在当前源字符集中无效(代码页 65001)。
  (编译源文件“EdgeWidthMeasure.cpp”)
  
G:\QMacVisual(CV3)(25000)\QMacVisual(CV3)2022.9.21(25000)\QMacVisual(CV3)\QPlugins\GeometryMeasure\EdgeWidthMeasure\mytitlebar.h(1,1): warning C4828: 文件包含在偏移 0x299 处开始的字符，该字符在当前源字符集中无效(代码页 65001)。
  (编译源文件“EdgeWidthMeasure.cpp”)
  
G:\QMacVisual(CV3)(25000)\QMacVisual(CV3)2022.9.21(25000)\QMacVisual(CV3)\QPlugins\GeometryMeasure\EdgeWidthMeasure\mytitlebar.h(1,1): warning C4828: 文件包含在偏移 0x29c 处开始的字符，该字符在当前源字符集中无效(代码页 65001)。
  (编译源文件“EdgeWidthMeasure.cpp”)
  
G:\QMacVisual(CV3)(25000)\QMacVisual(CV3)2022.9.21(25000)\QMacVisual(CV3)\QPlugins\GeometryMeasure\EdgeWidthMeasure\mytitlebar.h(1,1): warning C4828: 文件包含在偏移 0x29d 处开始的字符，该字符在当前源字符集中无效(代码页 65001)。
  (编译源文件“EdgeWidthMeasure.cpp”)
  
G:\QMacVisual(CV3)(25000)\QMacVisual(CV3)2022.9.21(25000)\QMacVisual(CV3)\QPlugins\GeometryMeasure\EdgeWidthMeasure\mytitlebar.h(1,1): warning C4828: 文件包含在偏移 0x2d2 处开始的字符，该字符在当前源字符集中无效(代码页 65001)。
  (编译源文件“EdgeWidthMeasure.cpp”)
  
G:\QMacVisual(CV3)(25000)\QMacVisual(CV3)2022.9.21(25000)\QMacVisual(CV3)\QPlugins\GeometryMeasure\EdgeWidthMeasure\mytitlebar.h(1,1): warning C4828: 文件包含在偏移 0x2d4 处开始的字符，该字符在当前源字符集中无效(代码页 65001)。
  (编译源文件“EdgeWidthMeasure.cpp”)
  
G:\QMacVisual(CV3)(25000)\QMacVisual(CV3)2022.9.21(25000)\QMacVisual(CV3)\QPlugins\GeometryMeasure\EdgeWidthMeasure\mytitlebar.h(1,1): warning C4828: 文件包含在偏移 0x2d6 处开始的字符，该字符在当前源字符集中无效(代码页 65001)。
  (编译源文件“EdgeWidthMeasure.cpp”)
  
G:\QMacVisual(CV3)(25000)\QMacVisual(CV3)2022.9.21(25000)\QMacVisual(CV3)\QPlugins\GeometryMeasure\EdgeWidthMeasure\mytitlebar.h(1,1): warning C4828: 文件包含在偏移 0x2d7 处开始的字符，该字符在当前源字符集中无效(代码页 65001)。
  (编译源文件“EdgeWidthMeasure.cpp”)
  
G:\QMacVisual(CV3)(25000)\QMacVisual(CV3)2022.9.21(25000)\QMacVisual(CV3)\QPlugins\GeometryMeasure\EdgeWidthMeasure\mytitlebar.h(1,1): warning C4828: 文件包含在偏移 0x2da 处开始的字符，该字符在当前源字符集中无效(代码页 65001)。
  (编译源文件“EdgeWidthMeasure.cpp”)
  
G:\QMacVisual(CV3)(25000)\QMacVisual(CV3)2022.9.21(25000)\QMacVisual(CV3)\QPlugins\GeometryMeasure\EdgeWidthMeasure\mytitlebar.h(1,1): warning C4828: 文件包含在偏移 0x2db 处开始的字符，该字符在当前源字符集中无效(代码页 65001)。
  (编译源文件“EdgeWidthMeasure.cpp”)
  
G:\QMacVisual(CV3)(25000)\QMacVisual(CV3)2022.9.21(25000)\QMacVisual(CV3)\QPlugins\GeometryMeasure\EdgeWidthMeasure\mytitlebar.h(1,1): warning C4828: 文件包含在偏移 0x2dc 处开始的字符，该字符在当前源字符集中无效(代码页 65001)。
  (编译源文件“EdgeWidthMeasure.cpp”)
  
G:\QMacVisual(CV3)(25000)\QMacVisual(CV3)2022.9.21(25000)\QMacVisual(CV3)\QPlugins\GeometryMeasure\EdgeWidthMeasure\mytitlebar.h(1,1): warning C4828: 文件包含在偏移 0x2de 处开始的字符，该字符在当前源字符集中无效(代码页 65001)。
  (编译源文件“EdgeWidthMeasure.cpp”)
  
G:\QMacVisual(CV3)(25000)\QMacVisual(CV3)2022.9.21(25000)\QMacVisual(CV3)\QPlugins\GeometryMeasure\EdgeWidthMeasure\mytitlebar.h(1,1): warning C4828: 文件包含在偏移 0x2e1 处开始的字符，该字符在当前源字符集中无效(代码页 65001)。
  (编译源文件“EdgeWidthMeasure.cpp”)
  
G:\QMacVisual(CV3)(25000)\QMacVisual(CV3)2022.9.21(25000)\QMacVisual(CV3)\QPlugins\GeometryMeasure\EdgeWidthMeasure\mytitlebar.h(1,1): warning C4828: 文件包含在偏移 0x2e4 处开始的字符，该字符在当前源字符集中无效(代码页 65001)。
  (编译源文件“EdgeWidthMeasure.cpp”)
  
G:\QMacVisual(CV3)(25000)\QMacVisual(CV3)2022.9.21(25000)\QMacVisual(CV3)\QPlugins\GeometryMeasure\EdgeWidthMeasure\mytitlebar.h(1,1): warning C4828: 文件包含在偏移 0x2e6 处开始的字符，该字符在当前源字符集中无效(代码页 65001)。
  (编译源文件“EdgeWidthMeasure.cpp”)
  
G:\QMacVisual(CV3)(25000)\QMacVisual(CV3)2022.9.21(25000)\QMacVisual(CV3)\QPlugins\GeometryMeasure\EdgeWidthMeasure\mytitlebar.h(1,1): warning C4828: 文件包含在偏移 0x2e7 处开始的字符，该字符在当前源字符集中无效(代码页 65001)。
  (编译源文件“EdgeWidthMeasure.cpp”)
  
G:\QMacVisual(CV3)(25000)\QMacVisual(CV3)2022.9.21(25000)\QMacVisual(CV3)\QPlugins\GeometryMeasure\EdgeWidthMeasure\mytitlebar.h(1,1): warning C4828: 文件包含在偏移 0x2eb 处开始的字符，该字符在当前源字符集中无效(代码页 65001)。
  (编译源文件“EdgeWidthMeasure.cpp”)
  
G:\QMacVisual(CV3)(25000)\QMacVisual(CV3)2022.9.21(25000)\QMacVisual(CV3)\QPlugins\GeometryMeasure\EdgeWidthMeasure\mytitlebar.h(1,1): warning C4828: 文件包含在偏移 0x2ef 处开始的字符，该字符在当前源字符集中无效(代码页 65001)。
  (编译源文件“EdgeWidthMeasure.cpp”)
  
G:\QMacVisual(CV3)(25000)\QMacVisual(CV3)2022.9.21(25000)\QMacVisual(CV3)\QPlugins\GeometryMeasure\EdgeWidthMeasure\mytitlebar.h(1,1): warning C4828: 文件包含在偏移 0x2f0 处开始的字符，该字符在当前源字符集中无效(代码页 65001)。
  (编译源文件“EdgeWidthMeasure.cpp”)
  
G:\QMacVisual(CV3)(25000)\QMacVisual(CV3)2022.9.21(25000)\QMacVisual(CV3)\QPlugins\GeometryMeasure\EdgeWidthMeasure\mytitlebar.h(1,1): warning C4828: 文件包含在偏移 0x2f2 处开始的字符，该字符在当前源字符集中无效(代码页 65001)。
  (编译源文件“EdgeWidthMeasure.cpp”)
  
G:\QMacVisual(CV3)(25000)\QMacVisual(CV3)2022.9.21(25000)\QMacVisual(CV3)\QPlugins\GeometryMeasure\EdgeWidthMeasure\mytitlebar.h(1,1): warning C4828: 文件包含在偏移 0x2f5 处开始的字符，该字符在当前源字符集中无效(代码页 65001)。
  (编译源文件“EdgeWidthMeasure.cpp”)
  
G:\QMacVisual(CV3)(25000)\QMacVisual(CV3)2022.9.21(25000)\QMacVisual(CV3)\QPlugins\GeometryMeasure\EdgeWidthMeasure\mytitlebar.h(1,1): warning C4828: 文件包含在偏移 0x2f7 处开始的字符，该字符在当前源字符集中无效(代码页 65001)。
  (编译源文件“EdgeWidthMeasure.cpp”)
  
G:\QMacVisual(CV3)(25000)\QMacVisual(CV3)2022.9.21(25000)\QMacVisual(CV3)\QPlugins\GeometryMeasure\EdgeWidthMeasure\mytitlebar.h(1,1): warning C4828: 文件包含在偏移 0x2f8 处开始的字符，该字符在当前源字符集中无效(代码页 65001)。
  (编译源文件“EdgeWidthMeasure.cpp”)
  
G:\QMacVisual(CV3)(25000)\QMacVisual(CV3)2022.9.21(25000)\QMacVisual(CV3)\QPlugins\GeometryMeasure\EdgeWidthMeasure\mytitlebar.h(1,1): warning C4828: 文件包含在偏移 0x2fb 处开始的字符，该字符在当前源字符集中无效(代码页 65001)。
  (编译源文件“EdgeWidthMeasure.cpp”)
  
G:\QMacVisual(CV3)(25000)\QMacVisual(CV3)2022.9.21(25000)\QMacVisual(CV3)\QPlugins\GeometryMeasure\EdgeWidthMeasure\mytitlebar.h(1,1): warning C4828: 文件包含在偏移 0x2fc 处开始的字符，该字符在当前源字符集中无效(代码页 65001)。
  (编译源文件“EdgeWidthMeasure.cpp”)
  
G:\QMacVisual(CV3)(25000)\QMacVisual(CV3)2022.9.21(25000)\QMacVisual(CV3)\QPlugins\GeometryMeasure\EdgeWidthMeasure\mytitlebar.h(1,1): warning C4828: 文件包含在偏移 0x319 处开始的字符，该字符在当前源字符集中无效(代码页 65001)。
  (编译源文件“EdgeWidthMeasure.cpp”)
  
G:\QMacVisual(CV3)(25000)\QMacVisual(CV3)2022.9.21(25000)\QMacVisual(CV3)\QPlugins\GeometryMeasure\EdgeWidthMeasure\mytitlebar.h(1,1): warning C4828: 文件包含在偏移 0x31a 处开始的字符，该字符在当前源字符集中无效(代码页 65001)。
  (编译源文件“EdgeWidthMeasure.cpp”)
  
G:\QMacVisual(CV3)(25000)\QMacVisual(CV3)2022.9.21(25000)\QMacVisual(CV3)\QPlugins\GeometryMeasure\EdgeWidthMeasure\mytitlebar.h(1,1): warning C4828: 文件包含在偏移 0x31b 处开始的字符，该字符在当前源字符集中无效(代码页 65001)。
  (编译源文件“EdgeWidthMeasure.cpp”)
  
G:\QMacVisual(CV3)(25000)\QMacVisual(CV3)2022.9.21(25000)\QMacVisual(CV3)\QPlugins\GeometryMeasure\EdgeWidthMeasure\mytitlebar.h(1,1): warning C4828: 文件包含在偏移 0x31c 处开始的字符，该字符在当前源字符集中无效(代码页 65001)。
  (编译源文件“EdgeWidthMeasure.cpp”)
  
G:\QMacVisual(CV3)(25000)\QMacVisual(CV3)2022.9.21(25000)\QMacVisual(CV3)\QPlugins\GeometryMeasure\EdgeWidthMeasure\mytitlebar.h(1,1): warning C4828: 文件包含在偏移 0x31f 处开始的字符，该字符在当前源字符集中无效(代码页 65001)。
  (编译源文件“EdgeWidthMeasure.cpp”)
  
G:\QMacVisual(CV3)(25000)\QMacVisual(CV3)2022.9.21(25000)\QMacVisual(CV3)\QPlugins\GeometryMeasure\EdgeWidthMeasure\mytitlebar.h(1,1): warning C4828: 文件包含在偏移 0x320 处开始的字符，该字符在当前源字符集中无效(代码页 65001)。
  (编译源文件“EdgeWidthMeasure.cpp”)
  
G:\QMacVisual(CV3)(25000)\QMacVisual(CV3)2022.9.21(25000)\QMacVisual(CV3)\QPlugins\GeometryMeasure\EdgeWidthMeasure\mytitlebar.h(1,1): warning C4828: 文件包含在偏移 0x324 处开始的字符，该字符在当前源字符集中无效(代码页 65001)。
  (编译源文件“EdgeWidthMeasure.cpp”)
  
G:\QMacVisual(CV3)(25000)\QMacVisual(CV3)2022.9.21(25000)\QMacVisual(CV3)\QPlugins\GeometryMeasure\EdgeWidthMeasure\mytitlebar.h(1,1): warning C4828: 文件包含在偏移 0x325 处开始的字符，该字符在当前源字符集中无效(代码页 65001)。
  (编译源文件“EdgeWidthMeasure.cpp”)
  
G:\QMacVisual(CV3)(25000)\QMacVisual(CV3)2022.9.21(25000)\QMacVisual(CV3)\QPlugins\GeometryMeasure\EdgeWidthMeasure\mytitlebar.h(1,1): warning C4828: 文件包含在偏移 0x326 处开始的字符，该字符在当前源字符集中无效(代码页 65001)。
  (编译源文件“EdgeWidthMeasure.cpp”)
  
G:\QMacVisual(CV3)(25000)\QMacVisual(CV3)2022.9.21(25000)\QMacVisual(CV3)\QPlugins\GeometryMeasure\EdgeWidthMeasure\mytitlebar.h(1,1): warning C4828: 文件包含在偏移 0x327 处开始的字符，该字符在当前源字符集中无效(代码页 65001)。
  (编译源文件“EdgeWidthMeasure.cpp”)
  
G:\QMacVisual(CV3)(25000)\QMacVisual(CV3)2022.9.21(25000)\QMacVisual(CV3)\QPlugins\GeometryMeasure\EdgeWidthMeasure\mytitlebar.h(1,1): warning C4828: 文件包含在偏移 0x32a 处开始的字符，该字符在当前源字符集中无效(代码页 65001)。
  (编译源文件“EdgeWidthMeasure.cpp”)
  
G:\QMacVisual(CV3)(25000)\QMacVisual(CV3)2022.9.21(25000)\QMacVisual(CV3)\QPlugins\GeometryMeasure\EdgeWidthMeasure\mytitlebar.h(1,1): warning C4828: 文件包含在偏移 0x32c 处开始的字符，该字符在当前源字符集中无效(代码页 65001)。
  (编译源文件“EdgeWidthMeasure.cpp”)
  
G:\QMacVisual(CV3)(25000)\QMacVisual(CV3)2022.9.21(25000)\QMacVisual(CV3)\QPlugins\GeometryMeasure\EdgeWidthMeasure\mytitlebar.h(1,1): warning C4828: 文件包含在偏移 0x32d 处开始的字符，该字符在当前源字符集中无效(代码页 65001)。
  (编译源文件“EdgeWidthMeasure.cpp”)
  
G:\QMacVisual(CV3)(25000)\QMacVisual(CV3)2022.9.21(25000)\QMacVisual(CV3)\QPlugins\GeometryMeasure\EdgeWidthMeasure\mytitlebar.h(1,1): warning C4828: 文件包含在偏移 0x32f 处开始的字符，该字符在当前源字符集中无效(代码页 65001)。
  (编译源文件“EdgeWidthMeasure.cpp”)
  
G:\QMacVisual(CV3)(25000)\QMacVisual(CV3)2022.9.21(25000)\QMacVisual(CV3)\QPlugins\GeometryMeasure\EdgeWidthMeasure\mytitlebar.h(1,1): warning C4828: 文件包含在偏移 0x330 处开始的字符，该字符在当前源字符集中无效(代码页 65001)。
  (编译源文件“EdgeWidthMeasure.cpp”)
  
G:\QMacVisual(CV3)(25000)\QMacVisual(CV3)2022.9.21(25000)\QMacVisual(CV3)\QPlugins\GeometryMeasure\EdgeWidthMeasure\mytitlebar.h(1,1): warning C4828: 文件包含在偏移 0x331 处开始的字符，该字符在当前源字符集中无效(代码页 65001)。
  (编译源文件“EdgeWidthMeasure.cpp”)
  
G:\QMacVisual(CV3)(25000)\QMacVisual(CV3)2022.9.21(25000)\QMacVisual(CV3)\QPlugins\GeometryMeasure\EdgeWidthMeasure\mytitlebar.h(1,1): warning C4828: 文件包含在偏移 0x332 处开始的字符，该字符在当前源字符集中无效(代码页 65001)。
  (编译源文件“EdgeWidthMeasure.cpp”)
  
G:\QMacVisual(CV3)(25000)\QMacVisual(CV3)2022.9.21(25000)\QMacVisual(CV3)\QPlugins\GeometryMeasure\EdgeWidthMeasure\mytitlebar.h(1,1): warning C4828: 文件包含在偏移 0x378 处开始的字符，该字符在当前源字符集中无效(代码页 65001)。
  (编译源文件“EdgeWidthMeasure.cpp”)
  
G:\QMacVisual(CV3)(25000)\QMacVisual(CV3)2022.9.21(25000)\QMacVisual(CV3)\QPlugins\GeometryMeasure\EdgeWidthMeasure\mytitlebar.h(1,1): warning C4828: 文件包含在偏移 0x379 处开始的字符，该字符在当前源字符集中无效(代码页 65001)。
  (编译源文件“EdgeWidthMeasure.cpp”)
  
G:\QMacVisual(CV3)(25000)\QMacVisual(CV3)2022.9.21(25000)\QMacVisual(CV3)\QPlugins\GeometryMeasure\EdgeWidthMeasure\mytitlebar.h(1,1): warning C4828: 文件包含在偏移 0x37d 处开始的字符，该字符在当前源字符集中无效(代码页 65001)。
  (编译源文件“EdgeWidthMeasure.cpp”)
  
G:\QMacVisual(CV3)(25000)\QMacVisual(CV3)2022.9.21(25000)\QMacVisual(CV3)\QPlugins\GeometryMeasure\EdgeWidthMeasure\mytitlebar.h(1,1): warning C4828: 文件包含在偏移 0x380 处开始的字符，该字符在当前源字符集中无效(代码页 65001)。
  (编译源文件“EdgeWidthMeasure.cpp”)
  
G:\QMacVisual(CV3)(25000)\QMacVisual(CV3)2022.9.21(25000)\QMacVisual(CV3)\QPlugins\GeometryMeasure\EdgeWidthMeasure\mytitlebar.h(1,1): warning C4828: 文件包含在偏移 0x381 处开始的字符，该字符在当前源字符集中无效(代码页 65001)。
  (编译源文件“EdgeWidthMeasure.cpp”)
  
G:\QMacVisual(CV3)(25000)\QMacVisual(CV3)2022.9.21(25000)\QMacVisual(CV3)\QPlugins\GeometryMeasure\EdgeWidthMeasure\mytitlebar.h(1,1): warning C4828: 文件包含在偏移 0x384 处开始的字符，该字符在当前源字符集中无效(代码页 65001)。
  (编译源文件“EdgeWidthMeasure.cpp”)
  
G:\QMacVisual(CV3)(25000)\QMacVisual(CV3)2022.9.21(25000)\QMacVisual(CV3)\QPlugins\GeometryMeasure\EdgeWidthMeasure\mytitlebar.h(1,1): warning C4828: 文件包含在偏移 0x385 处开始的字符，该字符在当前源字符集中无效(代码页 65001)。
  (编译源文件“EdgeWidthMeasure.cpp”)
  
G:\QMacVisual(CV3)(25000)\QMacVisual(CV3)2022.9.21(25000)\QMacVisual(CV3)\QPlugins\GeometryMeasure\EdgeWidthMeasure\mytitlebar.h(1,1): warning C4828: 文件包含在偏移 0x386 处开始的字符，该字符在当前源字符集中无效(代码页 65001)。
  (编译源文件“EdgeWidthMeasure.cpp”)
  
G:\QMacVisual(CV3)(25000)\QMacVisual(CV3)2022.9.21(25000)\QMacVisual(CV3)\QPlugins\GeometryMeasure\EdgeWidthMeasure\mytitlebar.h(1,1): warning C4828: 文件包含在偏移 0x389 处开始的字符，该字符在当前源字符集中无效(代码页 65001)。
  (编译源文件“EdgeWidthMeasure.cpp”)
  
G:\QMacVisual(CV3)(25000)\QMacVisual(CV3)2022.9.21(25000)\QMacVisual(CV3)\QPlugins\GeometryMeasure\EdgeWidthMeasure\mytitlebar.h(1,1): warning C4828: 文件包含在偏移 0x38b 处开始的字符，该字符在当前源字符集中无效(代码页 65001)。
  (编译源文件“EdgeWidthMeasure.cpp”)
  
G:\QMacVisual(CV3)(25000)\QMacVisual(CV3)2022.9.21(25000)\QMacVisual(CV3)\QPlugins\GeometryMeasure\EdgeWidthMeasure\mytitlebar.h(1,1): warning C4828: 文件包含在偏移 0x38c 处开始的字符，该字符在当前源字符集中无效(代码页 65001)。
  (编译源文件“EdgeWidthMeasure.cpp”)
  
G:\QMacVisual(CV3)(25000)\QMacVisual(CV3)2022.9.21(25000)\QMacVisual(CV3)\QPlugins\GeometryMeasure\EdgeWidthMeasure\mytitlebar.h(1,1): warning C4828: 文件包含在偏移 0x38e 处开始的字符，该字符在当前源字符集中无效(代码页 65001)。
  (编译源文件“EdgeWidthMeasure.cpp”)
  
G:\QMacVisual(CV3)(25000)\QMacVisual(CV3)2022.9.21(25000)\QMacVisual(CV3)\QPlugins\GeometryMeasure\EdgeWidthMeasure\mytitlebar.h(1,1): warning C4828: 文件包含在偏移 0x38f 处开始的字符，该字符在当前源字符集中无效(代码页 65001)。
  (编译源文件“EdgeWidthMeasure.cpp”)
  
G:\QMacVisual(CV3)(25000)\QMacVisual(CV3)2022.9.21(25000)\QMacVisual(CV3)\QPlugins\GeometryMeasure\EdgeWidthMeasure\mytitlebar.h(1,1): warning C4828: 文件包含在偏移 0x390 处开始的字符，该字符在当前源字符集中无效(代码页 65001)。
  (编译源文件“EdgeWidthMeasure.cpp”)
  
G:\QMacVisual(CV3)(25000)\QMacVisual(CV3)2022.9.21(25000)\QMacVisual(CV3)\QPlugins\GeometryMeasure\EdgeWidthMeasure\mytitlebar.h(1,1): warning C4828: 文件包含在偏移 0x391 处开始的字符，该字符在当前源字符集中无效(代码页 65001)。
  (编译源文件“EdgeWidthMeasure.cpp”)
  
G:\QMacVisual(CV3)(25000)\QMacVisual(CV3)2022.9.21(25000)\QMacVisual(CV3)\QPlugins\GeometryMeasure\EdgeWidthMeasure\mytitlebar.h(1,1): warning C4828: 文件包含在偏移 0x4b6 处开始的字符，该字符在当前源字符集中无效(代码页 65001)。
  (编译源文件“EdgeWidthMeasure.cpp”)
  
G:\QMacVisual(CV3)(25000)\QMacVisual(CV3)2022.9.21(25000)\QMacVisual(CV3)\QPlugins\GeometryMeasure\EdgeWidthMeasure\mytitlebar.h(1,1): warning C4828: 文件包含在偏移 0x4b7 处开始的字符，该字符在当前源字符集中无效(代码页 65001)。
  (编译源文件“EdgeWidthMeasure.cpp”)
  
G:\QMacVisual(CV3)(25000)\QMacVisual(CV3)2022.9.21(25000)\QMacVisual(CV3)\QPlugins\GeometryMeasure\EdgeWidthMeasure\mytitlebar.h(1,1): warning C4828: 文件包含在偏移 0x4bb 处开始的字符，该字符在当前源字符集中无效(代码页 65001)。
  (编译源文件“EdgeWidthMeasure.cpp”)
  
G:\QMacVisual(CV3)(25000)\QMacVisual(CV3)2022.9.21(25000)\QMacVisual(CV3)\QPlugins\GeometryMeasure\EdgeWidthMeasure\mytitlebar.h(1,1): warning C4828: 文件包含在偏移 0x4bc 处开始的字符，该字符在当前源字符集中无效(代码页 65001)。
  (编译源文件“EdgeWidthMeasure.cpp”)
  
G:\QMacVisual(CV3)(25000)\QMacVisual(CV3)2022.9.21(25000)\QMacVisual(CV3)\QPlugins\GeometryMeasure\EdgeWidthMeasure\mytitlebar.h(1,1): warning C4828: 文件包含在偏移 0x4bf 处开始的字符，该字符在当前源字符集中无效(代码页 65001)。
  (编译源文件“EdgeWidthMeasure.cpp”)
  
G:\QMacVisual(CV3)(25000)\QMacVisual(CV3)2022.9.21(25000)\QMacVisual(CV3)\QPlugins\GeometryMeasure\EdgeWidthMeasure\mytitlebar.h(1,1): warning C4828: 文件包含在偏移 0x4db 处开始的字符，该字符在当前源字符集中无效(代码页 65001)。
  (编译源文件“EdgeWidthMeasure.cpp”)
  
G:\QMacVisual(CV3)(25000)\QMacVisual(CV3)2022.9.21(25000)\QMacVisual(CV3)\QPlugins\GeometryMeasure\EdgeWidthMeasure\mytitlebar.h(1,1): warning C4828: 文件包含在偏移 0x4dd 处开始的字符，该字符在当前源字符集中无效(代码页 65001)。
  (编译源文件“EdgeWidthMeasure.cpp”)
  
G:\QMacVisual(CV3)(25000)\QMacVisual(CV3)2022.9.21(25000)\QMacVisual(CV3)\QPlugins\GeometryMeasure\EdgeWidthMeasure\mytitlebar.h(1,1): warning C4828: 文件包含在偏移 0x4e4 处开始的字符，该字符在当前源字符集中无效(代码页 65001)。
  (编译源文件“EdgeWidthMeasure.cpp”)
  
G:\QMacVisual(CV3)(25000)\QMacVisual(CV3)2022.9.21(25000)\QMacVisual(CV3)\QPlugins\GeometryMeasure\EdgeWidthMeasure\mytitlebar.h(1,1): warning C4828: 文件包含在偏移 0x506 处开始的字符，该字符在当前源字符集中无效(代码页 65001)。
  (编译源文件“EdgeWidthMeasure.cpp”)
  
G:\QMacVisual(CV3)(25000)\QMacVisual(CV3)2022.9.21(25000)\QMacVisual(CV3)\QPlugins\GeometryMeasure\EdgeWidthMeasure\mytitlebar.h(1,1): warning C4828: 文件包含在偏移 0x507 处开始的字符，该字符在当前源字符集中无效(代码页 65001)。
  (编译源文件“EdgeWidthMeasure.cpp”)
  
G:\QMacVisual(CV3)(25000)\QMacVisual(CV3)2022.9.21(25000)\QMacVisual(CV3)\QPlugins\GeometryMeasure\EdgeWidthMeasure\mytitlebar.h(1,1): warning C4828: 文件包含在偏移 0x509 处开始的字符，该字符在当前源字符集中无效(代码页 65001)。
  (编译源文件“EdgeWidthMeasure.cpp”)
  
G:\QMacVisual(CV3)(25000)\QMacVisual(CV3)2022.9.21(25000)\QMacVisual(CV3)\QPlugins\GeometryMeasure\EdgeWidthMeasure\mytitlebar.h(1,1): warning C4828: 文件包含在偏移 0x50b 处开始的字符，该字符在当前源字符集中无效(代码页 65001)。
  (编译源文件“EdgeWidthMeasure.cpp”)
  
G:\QMacVisual(CV3)(25000)\QMacVisual(CV3)2022.9.21(25000)\QMacVisual(CV3)\QPlugins\GeometryMeasure\EdgeWidthMeasure\mytitlebar.h(1,1): warning C4828: 文件包含在偏移 0x50e 处开始的字符，该字符在当前源字符集中无效(代码页 65001)。
  (编译源文件“EdgeWidthMeasure.cpp”)
  
G:\QMacVisual(CV3)(25000)\QMacVisual(CV3)2022.9.21(25000)\QMacVisual(CV3)\QPlugins\GeometryMeasure\EdgeWidthMeasure\mytitlebar.h(1,1): warning C4828: 文件包含在偏移 0x510 处开始的字符，该字符在当前源字符集中无效(代码页 65001)。
  (编译源文件“EdgeWidthMeasure.cpp”)
  
G:\QMacVisual(CV3)(25000)\QMacVisual(CV3)2022.9.21(25000)\QMacVisual(CV3)\QPlugins\GeometryMeasure\EdgeWidthMeasure\mytitlebar.h(1,1): warning C4828: 文件包含在偏移 0x511 处开始的字符，该字符在当前源字符集中无效(代码页 65001)。
  (编译源文件“EdgeWidthMeasure.cpp”)
  
G:\QMacVisual(CV3)(25000)\QMacVisual(CV3)2022.9.21(25000)\QMacVisual(CV3)\QPlugins\GeometryMeasure\EdgeWidthMeasure\mytitlebar.h(1,1): warning C4828: 文件包含在偏移 0x554 处开始的字符，该字符在当前源字符集中无效(代码页 65001)。
  (编译源文件“EdgeWidthMeasure.cpp”)
  
G:\QMacVisual(CV3)(25000)\QMacVisual(CV3)2022.9.21(25000)\QMacVisual(CV3)\QPlugins\GeometryMeasure\EdgeWidthMeasure\mytitlebar.h(1,1): warning C4828: 文件包含在偏移 0x555 处开始的字符，该字符在当前源字符集中无效(代码页 65001)。
  (编译源文件“EdgeWidthMeasure.cpp”)
  
G:\QMacVisual(CV3)(25000)\QMacVisual(CV3)2022.9.21(25000)\QMacVisual(CV3)\QPlugins\GeometryMeasure\EdgeWidthMeasure\mytitlebar.h(1,1): warning C4828: 文件包含在偏移 0x558 处开始的字符，该字符在当前源字符集中无效(代码页 65001)。
  (编译源文件“EdgeWidthMeasure.cpp”)
  
G:\QMacVisual(CV3)(25000)\QMacVisual(CV3)2022.9.21(25000)\QMacVisual(CV3)\QPlugins\GeometryMeasure\EdgeWidthMeasure\mytitlebar.h(1,1): warning C4828: 文件包含在偏移 0x559 处开始的字符，该字符在当前源字符集中无效(代码页 65001)。
  (编译源文件“EdgeWidthMeasure.cpp”)
  
G:\QMacVisual(CV3)(25000)\QMacVisual(CV3)2022.9.21(25000)\QMacVisual(CV3)\QPlugins\GeometryMeasure\EdgeWidthMeasure\mytitlebar.h(1,1): warning C4828: 文件包含在偏移 0x55a 处开始的字符，该字符在当前源字符集中无效(代码页 65001)。
  (编译源文件“EdgeWidthMeasure.cpp”)
  
G:\QMacVisual(CV3)(25000)\QMacVisual(CV3)2022.9.21(25000)\QMacVisual(CV3)\QPlugins\GeometryMeasure\EdgeWidthMeasure\mytitlebar.h(1,1): warning C4828: 文件包含在偏移 0x55b 处开始的字符，该字符在当前源字符集中无效(代码页 65001)。
  (编译源文件“EdgeWidthMeasure.cpp”)
  
G:\QMacVisual(CV3)(25000)\QMacVisual(CV3)2022.9.21(25000)\QMacVisual(CV3)\QPlugins\GeometryMeasure\EdgeWidthMeasure\mytitlebar.h(1,1): warning C4828: 文件包含在偏移 0x55c 处开始的字符，该字符在当前源字符集中无效(代码页 65001)。
  (编译源文件“EdgeWidthMeasure.cpp”)
  
G:\QMacVisual(CV3)(25000)\QMacVisual(CV3)2022.9.21(25000)\QMacVisual(CV3)\QPlugins\GeometryMeasure\EdgeWidthMeasure\mytitlebar.h(1,1): warning C4828: 文件包含在偏移 0x55d 处开始的字符，该字符在当前源字符集中无效(代码页 65001)。
  (编译源文件“EdgeWidthMeasure.cpp”)
  
G:\QMacVisual(CV3)(25000)\QMacVisual(CV3)2022.9.21(25000)\QMacVisual(CV3)\QPlugins\GeometryMeasure\EdgeWidthMeasure\mytitlebar.h(1,1): warning C4828: 文件包含在偏移 0x561 处开始的字符，该字符在当前源字符集中无效(代码页 65001)。
  (编译源文件“EdgeWidthMeasure.cpp”)
  
G:\QMacVisual(CV3)(25000)\QMacVisual(CV3)2022.9.21(25000)\QMacVisual(CV3)\QPlugins\GeometryMeasure\EdgeWidthMeasure\mytitlebar.h(1,1): warning C4828: 文件包含在偏移 0x603 处开始的字符，该字符在当前源字符集中无效(代码页 65001)。
  (编译源文件“EdgeWidthMeasure.cpp”)
  
G:\QMacVisual(CV3)(25000)\QMacVisual(CV3)2022.9.21(25000)\QMacVisual(CV3)\QPlugins\GeometryMeasure\EdgeWidthMeasure\mytitlebar.h(1,1): warning C4828: 文件包含在偏移 0x604 处开始的字符，该字符在当前源字符集中无效(代码页 65001)。
  (编译源文件“EdgeWidthMeasure.cpp”)
  
G:\QMacVisual(CV3)(25000)\QMacVisual(CV3)2022.9.21(25000)\QMacVisual(CV3)\QPlugins\GeometryMeasure\EdgeWidthMeasure\mytitlebar.h(1,1): warning C4828: 文件包含在偏移 0x607 处开始的字符，该字符在当前源字符集中无效(代码页 65001)。
  (编译源文件“EdgeWidthMeasure.cpp”)
  
G:\QMacVisual(CV3)(25000)\QMacVisual(CV3)2022.9.21(25000)\QMacVisual(CV3)\QPlugins\GeometryMeasure\EdgeWidthMeasure\mytitlebar.h(1,1): warning C4828: 文件包含在偏移 0x608 处开始的字符，该字符在当前源字符集中无效(代码页 65001)。
  (编译源文件“EdgeWidthMeasure.cpp”)
  
G:\QMacVisual(CV3)(25000)\QMacVisual(CV3)2022.9.21(25000)\QMacVisual(CV3)\QPlugins\GeometryMeasure\EdgeWidthMeasure\mytitlebar.h(1,1): warning C4828: 文件包含在偏移 0x609 处开始的字符，该字符在当前源字符集中无效(代码页 65001)。
  (编译源文件“EdgeWidthMeasure.cpp”)
  
G:\QMacVisual(CV3)(25000)\QMacVisual(CV3)2022.9.21(25000)\QMacVisual(CV3)\QPlugins\GeometryMeasure\EdgeWidthMeasure\mytitlebar.h(1,1): warning C4828: 文件包含在偏移 0x60a 处开始的字符，该字符在当前源字符集中无效(代码页 65001)。
  (编译源文件“EdgeWidthMeasure.cpp”)
  
G:\QMacVisual(CV3)(25000)\QMacVisual(CV3)2022.9.21(25000)\QMacVisual(CV3)\QPlugins\GeometryMeasure\EdgeWidthMeasure\mytitlebar.h(1,1): warning C4828: 文件包含在偏移 0x60b 处开始的字符，该字符在当前源字符集中无效(代码页 65001)。
  (编译源文件“EdgeWidthMeasure.cpp”)
  
G:\QMacVisual(CV3)(25000)\QMacVisual(CV3)2022.9.21(25000)\QMacVisual(CV3)\QPlugins\GeometryMeasure\EdgeWidthMeasure\mytitlebar.h(1,1): warning C4828: 文件包含在偏移 0x610 处开始的字符，该字符在当前源字符集中无效(代码页 65001)。
  (编译源文件“EdgeWidthMeasure.cpp”)
  
G:\QMacVisual(CV3)(25000)\QMacVisual(CV3)2022.9.21(25000)\QMacVisual(CV3)\QPlugins\GeometryMeasure\EdgeWidthMeasure\mytitlebar.h(1,1): warning C4828: 文件包含在偏移 0x611 处开始的字符，该字符在当前源字符集中无效(代码页 65001)。
  (编译源文件“EdgeWidthMeasure.cpp”)
  
G:\QMacVisual(CV3)(25000)\QMacVisual(CV3)2022.9.21(25000)\QMacVisual(CV3)\QPlugins\GeometryMeasure\EdgeWidthMeasure\mytitlebar.h(1,1): warning C4828: 文件包含在偏移 0x6c9 处开始的字符，该字符在当前源字符集中无效(代码页 65001)。
  (编译源文件“EdgeWidthMeasure.cpp”)
  
G:\QMacVisual(CV3)(25000)\QMacVisual(CV3)2022.9.21(25000)\QMacVisual(CV3)\QPlugins\GeometryMeasure\EdgeWidthMeasure\mytitlebar.h(1,1): warning C4828: 文件包含在偏移 0x6ca 处开始的字符，该字符在当前源字符集中无效(代码页 65001)。
  (编译源文件“EdgeWidthMeasure.cpp”)
  
G:\QMacVisual(CV3)(25000)\QMacVisual(CV3)2022.9.21(25000)\QMacVisual(CV3)\QPlugins\GeometryMeasure\EdgeWidthMeasure\mytitlebar.h(1,1): warning C4828: 文件包含在偏移 0x6cd 处开始的字符，该字符在当前源字符集中无效(代码页 65001)。
  (编译源文件“EdgeWidthMeasure.cpp”)
  
G:\QMacVisual(CV3)(25000)\QMacVisual(CV3)2022.9.21(25000)\QMacVisual(CV3)\QPlugins\GeometryMeasure\EdgeWidthMeasure\mytitlebar.h(1,1): warning C4828: 文件包含在偏移 0x6ce 处开始的字符，该字符在当前源字符集中无效(代码页 65001)。
  (编译源文件“EdgeWidthMeasure.cpp”)
  
G:\QMacVisual(CV3)(25000)\QMacVisual(CV3)2022.9.21(25000)\QMacVisual(CV3)\QPlugins\GeometryMeasure\EdgeWidthMeasure\mytitlebar.h(1,1): warning C4828: 文件包含在偏移 0x6d1 处开始的字符，该字符在当前源字符集中无效(代码页 65001)。
  (编译源文件“EdgeWidthMeasure.cpp”)
  
G:\QMacVisual(CV3)(25000)\QMacVisual(CV3)2022.9.21(25000)\QMacVisual(CV3)\QPlugins\GeometryMeasure\EdgeWidthMeasure\mytitlebar.h(1,1): warning C4828: 文件包含在偏移 0x6d2 处开始的字符，该字符在当前源字符集中无效(代码页 65001)。
  (编译源文件“EdgeWidthMeasure.cpp”)
  
G:\QMacVisual(CV3)(25000)\QMacVisual(CV3)2022.9.21(25000)\QMacVisual(CV3)\QPlugins\GeometryMeasure\EdgeWidthMeasure\mytitlebar.h(1,1): warning C4828: 文件包含在偏移 0x6f3 处开始的字符，该字符在当前源字符集中无效(代码页 65001)。
  (编译源文件“EdgeWidthMeasure.cpp”)
  
G:\QMacVisual(CV3)(25000)\QMacVisual(CV3)2022.9.21(25000)\QMacVisual(CV3)\QPlugins\GeometryMeasure\EdgeWidthMeasure\mytitlebar.h(1,1): warning C4828: 文件包含在偏移 0x6f4 处开始的字符，该字符在当前源字符集中无效(代码页 65001)。
  (编译源文件“EdgeWidthMeasure.cpp”)
  
G:\QMacVisual(CV3)(25000)\QMacVisual(CV3)2022.9.21(25000)\QMacVisual(CV3)\QPlugins\GeometryMeasure\EdgeWidthMeasure\mytitlebar.h(1,1): warning C4828: 文件包含在偏移 0x6f7 处开始的字符，该字符在当前源字符集中无效(代码页 65001)。
  (编译源文件“EdgeWidthMeasure.cpp”)
  
G:\QMacVisual(CV3)(25000)\QMacVisual(CV3)2022.9.21(25000)\QMacVisual(CV3)\QPlugins\GeometryMeasure\EdgeWidthMeasure\mytitlebar.h(1,1): warning C4828: 文件包含在偏移 0x6f8 处开始的字符，该字符在当前源字符集中无效(代码页 65001)。
  (编译源文件“EdgeWidthMeasure.cpp”)
  
G:\QMacVisual(CV3)(25000)\QMacVisual(CV3)2022.9.21(25000)\QMacVisual(CV3)\QPlugins\GeometryMeasure\EdgeWidthMeasure\mytitlebar.h(1,1): warning C4828: 文件包含在偏移 0x6f9 处开始的字符，该字符在当前源字符集中无效(代码页 65001)。
  (编译源文件“EdgeWidthMeasure.cpp”)
  
G:\QMacVisual(CV3)(25000)\QMacVisual(CV3)2022.9.21(25000)\QMacVisual(CV3)\QPlugins\GeometryMeasure\EdgeWidthMeasure\mytitlebar.h(1,1): warning C4828: 文件包含在偏移 0x6fb 处开始的字符，该字符在当前源字符集中无效(代码页 65001)。
  (编译源文件“EdgeWidthMeasure.cpp”)
  
G:\QMacVisual(CV3)(25000)\QMacVisual(CV3)2022.9.21(25000)\QMacVisual(CV3)\QPlugins\GeometryMeasure\EdgeWidthMeasure\mytitlebar.h(1,1): warning C4828: 文件包含在偏移 0x71f 处开始的字符，该字符在当前源字符集中无效(代码页 65001)。
  (编译源文件“EdgeWidthMeasure.cpp”)
  
G:\QMacVisual(CV3)(25000)\QMacVisual(CV3)2022.9.21(25000)\QMacVisual(CV3)\QPlugins\GeometryMeasure\EdgeWidthMeasure\mytitlebar.h(1,1): warning C4828: 文件包含在偏移 0x723 处开始的字符，该字符在当前源字符集中无效(代码页 65001)。
  (编译源文件“EdgeWidthMeasure.cpp”)
  
G:\QMacVisual(CV3)(25000)\QMacVisual(CV3)2022.9.21(25000)\QMacVisual(CV3)\QPlugins\GeometryMeasure\EdgeWidthMeasure\mytitlebar.h(1,1): warning C4828: 文件包含在偏移 0x724 处开始的字符，该字符在当前源字符集中无效(代码页 65001)。
  (编译源文件“EdgeWidthMeasure.cpp”)
  
G:\QMacVisual(CV3)(25000)\QMacVisual(CV3)2022.9.21(25000)\QMacVisual(CV3)\QPlugins\GeometryMeasure\EdgeWidthMeasure\mytitlebar.h(1,1): warning C4828: 文件包含在偏移 0x725 处开始的字符，该字符在当前源字符集中无效(代码页 65001)。
  (编译源文件“EdgeWidthMeasure.cpp”)
  
G:\QMacVisual(CV3)(25000)\QMacVisual(CV3)2022.9.21(25000)\QMacVisual(CV3)\QPlugins\GeometryMeasure\EdgeWidthMeasure\mytitlebar.h(1,1): warning C4828: 文件包含在偏移 0x726 处开始的字符，该字符在当前源字符集中无效(代码页 65001)。
  (编译源文件“EdgeWidthMeasure.cpp”)
  
G:\QMacVisual(CV3)(25000)\QMacVisual(CV3)2022.9.21(25000)\QMacVisual(CV3)\QPlugins\GeometryMeasure\EdgeWidthMeasure\mytitlebar.h(1,1): warning C4828: 文件包含在偏移 0x74e 处开始的字符，该字符在当前源字符集中无效(代码页 65001)。
  (编译源文件“EdgeWidthMeasure.cpp”)
  
G:\QMacVisual(CV3)(25000)\QMacVisual(CV3)2022.9.21(25000)\QMacVisual(CV3)\QPlugins\GeometryMeasure\EdgeWidthMeasure\mytitlebar.h(1,1): warning C4828: 文件包含在偏移 0x750 处开始的字符，该字符在当前源字符集中无效(代码页 65001)。
  (编译源文件“EdgeWidthMeasure.cpp”)
  
G:\QMacVisual(CV3)(25000)\QMacVisual(CV3)2022.9.21(25000)\QMacVisual(CV3)\QPlugins\GeometryMeasure\EdgeWidthMeasure\mytitlebar.h(1,1): warning C4828: 文件包含在偏移 0x755 处开始的字符，该字符在当前源字符集中无效(代码页 65001)。
  (编译源文件“EdgeWidthMeasure.cpp”)
  
G:\QMacVisual(CV3)(25000)\QMacVisual(CV3)2022.9.21(25000)\QMacVisual(CV3)\QPlugins\GeometryMeasure\EdgeWidthMeasure\mytitlebar.h(1,1): warning C4828: 文件包含在偏移 0x758 处开始的字符，该字符在当前源字符集中无效(代码页 65001)。
  (编译源文件“EdgeWidthMeasure.cpp”)
  
G:\QMacVisual(CV3)(25000)\QMacVisual(CV3)2022.9.21(25000)\QMacVisual(CV3)\QPlugins\GeometryMeasure\EdgeWidthMeasure\mytitlebar.h(1,1): warning C4828: 文件包含在偏移 0x759 处开始的字符，该字符在当前源字符集中无效(代码页 65001)。
  (编译源文件“EdgeWidthMeasure.cpp”)
  
G:\QMacVisual(CV3)(25000)\QMacVisual(CV3)2022.9.21(25000)\QMacVisual(CV3)\QPlugins\GeometryMeasure\EdgeWidthMeasure\mytitlebar.h(1,1): warning C4828: 文件包含在偏移 0x77e 处开始的字符，该字符在当前源字符集中无效(代码页 65001)。
  (编译源文件“EdgeWidthMeasure.cpp”)
  
G:\QMacVisual(CV3)(25000)\QMacVisual(CV3)2022.9.21(25000)\QMacVisual(CV3)\QPlugins\GeometryMeasure\EdgeWidthMeasure\mytitlebar.h(1,1): warning C4828: 文件包含在偏移 0x780 处开始的字符，该字符在当前源字符集中无效(代码页 65001)。
  (编译源文件“EdgeWidthMeasure.cpp”)
  
G:\QMacVisual(CV3)(25000)\QMacVisual(CV3)2022.9.21(25000)\QMacVisual(CV3)\QPlugins\GeometryMeasure\EdgeWidthMeasure\mytitlebar.h(1,1): warning C4828: 文件包含在偏移 0x785 处开始的字符，该字符在当前源字符集中无效(代码页 65001)。
  (编译源文件“EdgeWidthMeasure.cpp”)
  
G:\QMacVisual(CV3)(25000)\QMacVisual(CV3)2022.9.21(25000)\QMacVisual(CV3)\QPlugins\GeometryMeasure\EdgeWidthMeasure\mytitlebar.h(1,1): warning C4828: 文件包含在偏移 0x7ab 处开始的字符，该字符在当前源字符集中无效(代码页 65001)。
  (编译源文件“EdgeWidthMeasure.cpp”)
  
G:\QMacVisual(CV3)(25000)\QMacVisual(CV3)2022.9.21(25000)\QMacVisual(CV3)\QPlugins\GeometryMeasure\EdgeWidthMeasure\mytitlebar.h(1,1): warning C4828: 文件包含在偏移 0x7b0 处开始的字符，该字符在当前源字符集中无效(代码页 65001)。
  (编译源文件“EdgeWidthMeasure.cpp”)
  
G:\QMacVisual(CV3)(25000)\QMacVisual(CV3)2022.9.21(25000)\QMacVisual(CV3)\QPlugins\GeometryMeasure\EdgeWidthMeasure\mytitlebar.h(1,1): warning C4828: 文件包含在偏移 0x7b9 处开始的字符，该字符在当前源字符集中无效(代码页 65001)。
  (编译源文件“EdgeWidthMeasure.cpp”)
  
G:\QMacVisual(CV3)(25000)\QMacVisual(CV3)2022.9.21(25000)\QMacVisual(CV3)\QPlugins\GeometryMeasure\EdgeWidthMeasure\mytitlebar.h(1,1): warning C4828: 文件包含在偏移 0x7ba 处开始的字符，该字符在当前源字符集中无效(代码页 65001)。
  (编译源文件“EdgeWidthMeasure.cpp”)
  
G:\QMacVisual(CV3)(25000)\QMacVisual(CV3)2022.9.21(25000)\QMacVisual(CV3)\QPlugins\GeometryMeasure\EdgeWidthMeasure\mytitlebar.h(1,1): warning C4828: 文件包含在偏移 0x7bd 处开始的字符，该字符在当前源字符集中无效(代码页 65001)。
  (编译源文件“EdgeWidthMeasure.cpp”)
  
G:\QMacVisual(CV3)(25000)\QMacVisual(CV3)2022.9.21(25000)\QMacVisual(CV3)\QPlugins\GeometryMeasure\EdgeWidthMeasure\mytitlebar.h(1,1): warning C4828: 文件包含在偏移 0x7be 处开始的字符，该字符在当前源字符集中无效(代码页 65001)。
  (编译源文件“EdgeWidthMeasure.cpp”)
  
G:\QMacVisual(CV3)(25000)\QMacVisual(CV3)2022.9.21(25000)\QMacVisual(CV3)\QPlugins\GeometryMeasure\EdgeWidthMeasure\mytitlebar.h(1,1): warning C4828: 文件包含在偏移 0x7bf 处开始的字符，该字符在当前源字符集中无效(代码页 65001)。
  (编译源文件“EdgeWidthMeasure.cpp”)
  
G:\QMacVisual(CV3)(25000)\QMacVisual(CV3)2022.9.21(25000)\QMacVisual(CV3)\QPlugins\GeometryMeasure\EdgeWidthMeasure\mytitlebar.h(1,1): warning C4828: 文件包含在偏移 0x7c0 处开始的字符，该字符在当前源字符集中无效(代码页 65001)。
  (编译源文件“EdgeWidthMeasure.cpp”)
  
G:\QMacVisual(CV3)(25000)\QMacVisual(CV3)2022.9.21(25000)\QMacVisual(CV3)\QPlugins\GeometryMeasure\EdgeWidthMeasure\mytitlebar.h(1,1): warning C4828: 文件包含在偏移 0x7c1 处开始的字符，该字符在当前源字符集中无效(代码页 65001)。
  (编译源文件“EdgeWidthMeasure.cpp”)
  
G:\QMacVisual(CV3)(25000)\QMacVisual(CV3)2022.9.21(25000)\QMacVisual(CV3)\QPlugins\GeometryMeasure\EdgeWidthMeasure\mytitlebar.h(1,1): warning C4828: 文件包含在偏移 0x7c2 处开始的字符，该字符在当前源字符集中无效(代码页 65001)。
  (编译源文件“EdgeWidthMeasure.cpp”)
  
G:\QMacVisual(CV3)(25000)\QMacVisual(CV3)2022.9.21(25000)\QMacVisual(CV3)\QPlugins\GeometryMeasure\EdgeWidthMeasure\mytitlebar.h(1,1): warning C4828: 文件包含在偏移 0x7fa 处开始的字符，该字符在当前源字符集中无效(代码页 65001)。
  (编译源文件“EdgeWidthMeasure.cpp”)
  
G:\QMacVisual(CV3)(25000)\QMacVisual(CV3)2022.9.21(25000)\QMacVisual(CV3)\QPlugins\GeometryMeasure\EdgeWidthMeasure\mytitlebar.h(1,1): warning C4828: 文件包含在偏移 0x7fc 处开始的字符，该字符在当前源字符集中无效(代码页 65001)。
  (编译源文件“EdgeWidthMeasure.cpp”)
  
G:\QMacVisual(CV3)(25000)\QMacVisual(CV3)2022.9.21(25000)\QMacVisual(CV3)\QPlugins\GeometryMeasure\EdgeWidthMeasure\mytitlebar.h(1,1): warning C4828: 文件包含在偏移 0x801 处开始的字符，该字符在当前源字符集中无效(代码页 65001)。
  (编译源文件“EdgeWidthMeasure.cpp”)
  
G:\QMacVisual(CV3)(25000)\QMacVisual(CV3)2022.9.21(25000)\QMacVisual(CV3)\QPlugins\GeometryMeasure\EdgeWidthMeasure\mytitlebar.h(1,1): warning C4828: 文件包含在偏移 0x802 处开始的字符，该字符在当前源字符集中无效(代码页 65001)。
  (编译源文件“EdgeWidthMeasure.cpp”)
  
G:\QMacVisual(CV3)(25000)\QMacVisual(CV3)2022.9.21(25000)\QMacVisual(CV3)\QPlugins\GeometryMeasure\EdgeWidthMeasure\mytitlebar.h(1,1): warning C4828: 文件包含在偏移 0x806 处开始的字符，该字符在当前源字符集中无效(代码页 65001)。
  (编译源文件“EdgeWidthMeasure.cpp”)
  
G:\QMacVisual(CV3)(25000)\QMacVisual(CV3)2022.9.21(25000)\QMacVisual(CV3)\QPlugins\GeometryMeasure\EdgeWidthMeasure\mytitlebar.h(1,1): warning C4828: 文件包含在偏移 0x807 处开始的字符，该字符在当前源字符集中无效(代码页 65001)。
  (编译源文件“EdgeWidthMeasure.cpp”)
  
G:\QMacVisual(CV3)(25000)\QMacVisual(CV3)2022.9.21(25000)\QMacVisual(CV3)\QPlugins\GeometryMeasure\EdgeWidthMeasure\mytitlebar.h(1,1): warning C4828: 文件包含在偏移 0x808 处开始的字符，该字符在当前源字符集中无效(代码页 65001)。
  (编译源文件“EdgeWidthMeasure.cpp”)
  
G:\QMacVisual(CV3)(25000)\QMacVisual(CV3)2022.9.21(25000)\QMacVisual(CV3)\QPlugins\GeometryMeasure\EdgeWidthMeasure\mytitlebar.h(1,1): warning C4828: 文件包含在偏移 0x809 处开始的字符，该字符在当前源字符集中无效(代码页 65001)。
  (编译源文件“EdgeWidthMeasure.cpp”)
  
G:\QMacVisual(CV3)(25000)\QMacVisual(CV3)2022.9.21(25000)\QMacVisual(CV3)\QPlugins\GeometryMeasure\EdgeWidthMeasure\mytitlebar.h(1,1): warning C4828: 文件包含在偏移 0x83f 处开始的字符，该字符在当前源字符集中无效(代码页 65001)。
  (编译源文件“EdgeWidthMeasure.cpp”)
  
G:\QMacVisual(CV3)(25000)\QMacVisual(CV3)2022.9.21(25000)\QMacVisual(CV3)\QPlugins\GeometryMeasure\EdgeWidthMeasure\mytitlebar.h(1,1): warning C4828: 文件包含在偏移 0x841 处开始的字符，该字符在当前源字符集中无效(代码页 65001)。
  (编译源文件“EdgeWidthMeasure.cpp”)
  
G:\QMacVisual(CV3)(25000)\QMacVisual(CV3)2022.9.21(25000)\QMacVisual(CV3)\QPlugins\GeometryMeasure\EdgeWidthMeasure\mytitlebar.h(1,1): warning C4828: 文件包含在偏移 0x842 处开始的字符，该字符在当前源字符集中无效(代码页 65001)。
  (编译源文件“EdgeWidthMeasure.cpp”)
  
G:\QMacVisual(CV3)(25000)\QMacVisual(CV3)2022.9.21(25000)\QMacVisual(CV3)\QPlugins\GeometryMeasure\EdgeWidthMeasure\mytitlebar.h(1,1): warning C4828: 文件包含在偏移 0x843 处开始的字符，该字符在当前源字符集中无效(代码页 65001)。
  (编译源文件“EdgeWidthMeasure.cpp”)
  
G:\QMacVisual(CV3)(25000)\QMacVisual(CV3)2022.9.21(25000)\QMacVisual(CV3)\QPlugins\GeometryMeasure\EdgeWidthMeasure\mytitlebar.h(1,1): warning C4828: 文件包含在偏移 0x844 处开始的字符，该字符在当前源字符集中无效(代码页 65001)。
  (编译源文件“EdgeWidthMeasure.cpp”)
  
G:\QMacVisual(CV3)(25000)\QMacVisual(CV3)2022.9.21(25000)\QMacVisual(CV3)\QPlugins\GeometryMeasure\EdgeWidthMeasure\mytitlebar.h(1,1): warning C4828: 文件包含在偏移 0x845 处开始的字符，该字符在当前源字符集中无效(代码页 65001)。
  (编译源文件“EdgeWidthMeasure.cpp”)
  
G:\QMacVisual(CV3)(25000)\QMacVisual(CV3)2022.9.21(25000)\QMacVisual(CV3)\QPlugins\GeometryMeasure\EdgeWidthMeasure\mytitlebar.h(1,1): warning C4828: 文件包含在偏移 0x84a 处开始的字符，该字符在当前源字符集中无效(代码页 65001)。
  (编译源文件“EdgeWidthMeasure.cpp”)
  
G:\QMacVisual(CV3)(25000)\QMacVisual(CV3)2022.9.21(25000)\QMacVisual(CV3)\QPlugins\GeometryMeasure\EdgeWidthMeasure\mytitlebar.h(1,1): warning C4828: 文件包含在偏移 0x87f 处开始的字符，该字符在当前源字符集中无效(代码页 65001)。
  (编译源文件“EdgeWidthMeasure.cpp”)
  
G:\QMacVisual(CV3)(25000)\QMacVisual(CV3)2022.9.21(25000)\QMacVisual(CV3)\QPlugins\GeometryMeasure\EdgeWidthMeasure\mytitlebar.h(1,1): warning C4828: 文件包含在偏移 0x880 处开始的字符，该字符在当前源字符集中无效(代码页 65001)。
  (编译源文件“EdgeWidthMeasure.cpp”)
  
G:\QMacVisual(CV3)(25000)\QMacVisual(CV3)2022.9.21(25000)\QMacVisual(CV3)\QPlugins\GeometryMeasure\EdgeWidthMeasure\mytitlebar.h(1,1): warning C4828: 文件包含在偏移 0x883 处开始的字符，该字符在当前源字符集中无效(代码页 65001)。
  (编译源文件“EdgeWidthMeasure.cpp”)
  
G:\QMacVisual(CV3)(25000)\QMacVisual(CV3)2022.9.21(25000)\QMacVisual(CV3)\QPlugins\GeometryMeasure\EdgeWidthMeasure\mytitlebar.h(1,1): warning C4828: 文件包含在偏移 0x884 处开始的字符，该字符在当前源字符集中无效(代码页 65001)。
  (编译源文件“EdgeWidthMeasure.cpp”)
  
G:\QMacVisual(CV3)(25000)\QMacVisual(CV3)2022.9.21(25000)\QMacVisual(CV3)\QPlugins\GeometryMeasure\EdgeWidthMeasure\mytitlebar.h(1,1): warning C4828: 文件包含在偏移 0x885 处开始的字符，该字符在当前源字符集中无效(代码页 65001)。
  (编译源文件“EdgeWidthMeasure.cpp”)
  
G:\QMacVisual(CV3)(25000)\QMacVisual(CV3)2022.9.21(25000)\QMacVisual(CV3)\QPlugins\GeometryMeasure\EdgeWidthMeasure\mytitlebar.h(1,1): warning C4828: 文件包含在偏移 0x887 处开始的字符，该字符在当前源字符集中无效(代码页 65001)。
  (编译源文件“EdgeWidthMeasure.cpp”)
  
G:\QMacVisual(CV3)(25000)\QMacVisual(CV3)2022.9.21(25000)\QMacVisual(CV3)\QPlugins\GeometryMeasure\EdgeWidthMeasure\mytitlebar.h(1,1): warning C4828: 文件包含在偏移 0x889 处开始的字符，该字符在当前源字符集中无效(代码页 65001)。
  (编译源文件“EdgeWidthMeasure.cpp”)
  
G:\QMacVisual(CV3)(25000)\QMacVisual(CV3)2022.9.21(25000)\QMacVisual(CV3)\QPlugins\GeometryMeasure\EdgeWidthMeasure\mytitlebar.h(1,1): warning C4828: 文件包含在偏移 0x88a 处开始的字符，该字符在当前源字符集中无效(代码页 65001)。
  (编译源文件“EdgeWidthMeasure.cpp”)
  
G:\QMacVisual(CV3)(25000)\QMacVisual(CV3)2022.9.21(25000)\QMacVisual(CV3)\QPlugins\GeometryMeasure\EdgeWidthMeasure\mytitlebar.h(1,1): warning C4828: 文件包含在偏移 0x88c 处开始的字符，该字符在当前源字符集中无效(代码页 65001)。
  (编译源文件“EdgeWidthMeasure.cpp”)
  
G:\QMacVisual(CV3)(25000)\QMacVisual(CV3)2022.9.21(25000)\QMacVisual(CV3)\QPlugins\GeometryMeasure\EdgeWidthMeasure\mytitlebar.h(1,1): warning C4828: 文件包含在偏移 0x88d 处开始的字符，该字符在当前源字符集中无效(代码页 65001)。
  (编译源文件“EdgeWidthMeasure.cpp”)
  
G:\QMacVisual(CV3)(25000)\QMacVisual(CV3)2022.9.21(25000)\QMacVisual(CV3)\QPlugins\GeometryMeasure\EdgeWidthMeasure\mytitlebar.h(1,1): warning C4828: 文件包含在偏移 0x88e 处开始的字符，该字符在当前源字符集中无效(代码页 65001)。
  (编译源文件“EdgeWidthMeasure.cpp”)
  
G:\QMacVisual(CV3)(25000)\QMacVisual(CV3)2022.9.21(25000)\QMacVisual(CV3)\QPlugins\GeometryMeasure\EdgeWidthMeasure\mytitlebar.h(1,1): warning C4828: 文件包含在偏移 0x891 处开始的字符，该字符在当前源字符集中无效(代码页 65001)。
  (编译源文件“EdgeWidthMeasure.cpp”)
  
G:\QMacVisual(CV3)(25000)\QMacVisual(CV3)2022.9.21(25000)\QMacVisual(CV3)\QPlugins\GeometryMeasure\EdgeWidthMeasure\mytitlebar.h(1,1): warning C4828: 文件包含在偏移 0x8b3 处开始的字符，该字符在当前源字符集中无效(代码页 65001)。
  (编译源文件“EdgeWidthMeasure.cpp”)
  
G:\QMacVisual(CV3)(25000)\QMacVisual(CV3)2022.9.21(25000)\QMacVisual(CV3)\QPlugins\GeometryMeasure\EdgeWidthMeasure\mytitlebar.h(1,1): warning C4828: 文件包含在偏移 0x8b4 处开始的字符，该字符在当前源字符集中无效(代码页 65001)。
  (编译源文件“EdgeWidthMeasure.cpp”)
  
G:\QMacVisual(CV3)(25000)\QMacVisual(CV3)2022.9.21(25000)\QMacVisual(CV3)\QPlugins\GeometryMeasure\EdgeWidthMeasure\mytitlebar.h(1,1): warning C4828: 文件包含在偏移 0x8b7 处开始的字符，该字符在当前源字符集中无效(代码页 65001)。
  (编译源文件“EdgeWidthMeasure.cpp”)
  
G:\QMacVisual(CV3)(25000)\QMacVisual(CV3)2022.9.21(25000)\QMacVisual(CV3)\QPlugins\GeometryMeasure\EdgeWidthMeasure\mytitlebar.h(1,1): warning C4828: 文件包含在偏移 0x8b8 处开始的字符，该字符在当前源字符集中无效(代码页 65001)。
  (编译源文件“EdgeWidthMeasure.cpp”)
  
G:\QMacVisual(CV3)(25000)\QMacVisual(CV3)2022.9.21(25000)\QMacVisual(CV3)\QPlugins\GeometryMeasure\EdgeWidthMeasure\mytitlebar.h(1,1): warning C4828: 文件包含在偏移 0x8b9 处开始的字符，该字符在当前源字符集中无效(代码页 65001)。
  (编译源文件“EdgeWidthMeasure.cpp”)
  
G:\QMacVisual(CV3)(25000)\QMacVisual(CV3)2022.9.21(25000)\QMacVisual(CV3)\QPlugins\GeometryMeasure\EdgeWidthMeasure\mytitlebar.h(1,1): warning C4828: 文件包含在偏移 0x8bb 处开始的字符，该字符在当前源字符集中无效(代码页 65001)。
  (编译源文件“EdgeWidthMeasure.cpp”)
  
G:\QMacVisual(CV3)(25000)\QMacVisual(CV3)2022.9.21(25000)\QMacVisual(CV3)\QPlugins\GeometryMeasure\EdgeWidthMeasure\mytitlebar.h(1,1): warning C4828: 文件包含在偏移 0x8dc 处开始的字符，该字符在当前源字符集中无效(代码页 65001)。
  (编译源文件“EdgeWidthMeasure.cpp”)
  
G:\QMacVisual(CV3)(25000)\QMacVisual(CV3)2022.9.21(25000)\QMacVisual(CV3)\QPlugins\GeometryMeasure\EdgeWidthMeasure\mytitlebar.h(1,1): warning C4828: 文件包含在偏移 0x8dd 处开始的字符，该字符在当前源字符集中无效(代码页 65001)。
  (编译源文件“EdgeWidthMeasure.cpp”)
  
G:\QMacVisual(CV3)(25000)\QMacVisual(CV3)2022.9.21(25000)\QMacVisual(CV3)\QPlugins\GeometryMeasure\EdgeWidthMeasure\mytitlebar.h(1,1): warning C4828: 文件包含在偏移 0x8e0 处开始的字符，该字符在当前源字符集中无效(代码页 65001)。
  (编译源文件“EdgeWidthMeasure.cpp”)
  
G:\QMacVisual(CV3)(25000)\QMacVisual(CV3)2022.9.21(25000)\QMacVisual(CV3)\QPlugins\GeometryMeasure\EdgeWidthMeasure\mytitlebar.h(1,1): warning C4828: 文件包含在偏移 0x8e1 处开始的字符，该字符在当前源字符集中无效(代码页 65001)。
  (编译源文件“EdgeWidthMeasure.cpp”)
  
  qrc_sub_res.cpp
  moc_CvMediaPlayer.cpp
  moc_CvFrameController.cpp
  moc_MediaController.cpp
  moc_ObjectListModel.cpp
  moc_FileHandler.cpp
  moc_HttpManager.cpp
  moc_ImageProvider.cpp
  moc_CvBaseService.cpp
  moc_GrayService.cpp
  moc_MeasureA4Service.cpp
  moc_MeasureCoinService.cpp
  moc_UnDistortService.cpp
  moc_Toolnterface.cpp
  moc_QToolBase.cpp
  moc_mytitlebar.cpp
  moc_frmEdgeWidthMeasure.cpp
  moc_QGraphicsViews.cpp
  moc_QGraphicsScenes.cpp
  moc_ImageItem.cpp
  moc_BaseItem.cpp
G:\QMacVisual(CV3)(25000)\QMacVisual(CV3)2022.9.21(25000)\QMacVisual(CV3)\QPlugins\GeometryMeasure\EdgeWidthMeasure\mytitlebar.h(1,1): warning C4828: 文件包含在偏移 0xb7 处开始的字符，该字符在当前源字符集中无效(代码页 65001)。
  (编译源文件“x64/Release/qt/moc/moc_mytitlebar.cpp”)
  
G:\QMacVisual(CV3)(25000)\QMacVisual(CV3)2022.9.21(25000)\QMacVisual(CV3)\QPlugins\GeometryMeasure\EdgeWidthMeasure\mytitlebar.h(1,1): warning C4828: 文件包含在偏移 0xbb 处开始的字符，该字符在当前源字符集中无效(代码页 65001)。
  (编译源文件“x64/Release/qt/moc/moc_mytitlebar.cpp”)
  
G:\QMacVisual(CV3)(25000)\QMacVisual(CV3)2022.9.21(25000)\QMacVisual(CV3)\QPlugins\GeometryMeasure\EdgeWidthMeasure\mytitlebar.h(1,1): warning C4828: 文件包含在偏移 0xbc 处开始的字符，该字符在当前源字符集中无效(代码页 65001)。
  (编译源文件“x64/Release/qt/moc/moc_mytitlebar.cpp”)
  
G:\QMacVisual(CV3)(25000)\QMacVisual(CV3)2022.9.21(25000)\QMacVisual(CV3)\QPlugins\GeometryMeasure\EdgeWidthMeasure\mytitlebar.h(1,1): warning C4828: 文件包含在偏移 0xbd 处开始的字符，该字符在当前源字符集中无效(代码页 65001)。
  (编译源文件“x64/Release/qt/moc/moc_mytitlebar.cpp”)
  
G:\QMacVisual(CV3)(25000)\QMacVisual(CV3)2022.9.21(25000)\QMacVisual(CV3)\QPlugins\GeometryMeasure\EdgeWidthMeasure\mytitlebar.h(1,1): warning C4828: 文件包含在偏移 0xc4 处开始的字符，该字符在当前源字符集中无效(代码页 65001)。
  (编译源文件“x64/Release/qt/moc/moc_mytitlebar.cpp”)
  
G:\QMacVisual(CV3)(25000)\QMacVisual(CV3)2022.9.21(25000)\QMacVisual(CV3)\QPlugins\GeometryMeasure\EdgeWidthMeasure\mytitlebar.h(1,1): warning C4828: 文件包含在偏移 0xde 处开始的字符，该字符在当前源字符集中无效(代码页 65001)。
  (编译源文件“x64/Release/qt/moc/moc_mytitlebar.cpp”)
  
G:\QMacVisual(CV3)(25000)\QMacVisual(CV3)2022.9.21(25000)\QMacVisual(CV3)\QPlugins\GeometryMeasure\EdgeWidthMeasure\mytitlebar.h(1,1): warning C4828: 文件包含在偏移 0xe2 处开始的字符，该字符在当前源字符集中无效(代码页 65001)。
  (编译源文件“x64/Release/qt/moc/moc_mytitlebar.cpp”)
  
G:\QMacVisual(CV3)(25000)\QMacVisual(CV3)2022.9.21(25000)\QMacVisual(CV3)\QPlugins\GeometryMeasure\EdgeWidthMeasure\mytitlebar.h(1,1): warning C4828: 文件包含在偏移 0xe3 处开始的字符，该字符在当前源字符集中无效(代码页 65001)。
  (编译源文件“x64/Release/qt/moc/moc_mytitlebar.cpp”)
  
G:\QMacVisual(CV3)(25000)\QMacVisual(CV3)2022.9.21(25000)\QMacVisual(CV3)\QPlugins\GeometryMeasure\EdgeWidthMeasure\mytitlebar.h(1,1): warning C4828: 文件包含在偏移 0xe4 处开始的字符，该字符在当前源字符集中无效(代码页 65001)。
  (编译源文件“x64/Release/qt/moc/moc_mytitlebar.cpp”)
  
G:\QMacVisual(CV3)(25000)\QMacVisual(CV3)2022.9.21(25000)\QMacVisual(CV3)\QPlugins\GeometryMeasure\EdgeWidthMeasure\mytitlebar.h(1,1): warning C4828: 文件包含在偏移 0xe5 处开始的字符，该字符在当前源字符集中无效(代码页 65001)。
  (编译源文件“x64/Release/qt/moc/moc_mytitlebar.cpp”)
  
G:\QMacVisual(CV3)(25000)\QMacVisual(CV3)2022.9.21(25000)\QMacVisual(CV3)\QPlugins\GeometryMeasure\EdgeWidthMeasure\mytitlebar.h(1,1): warning C4828: 文件包含在偏移 0xe6 处开始的字符，该字符在当前源字符集中无效(代码页 65001)。
  (编译源文件“x64/Release/qt/moc/moc_mytitlebar.cpp”)
  
G:\QMacVisual(CV3)(25000)\QMacVisual(CV3)2022.9.21(25000)\QMacVisual(CV3)\QPlugins\GeometryMeasure\EdgeWidthMeasure\mytitlebar.h(1,1): warning C4828: 文件包含在偏移 0xe8 处开始的字符，该字符在当前源字符集中无效(代码页 65001)。
  (编译源文件“x64/Release/qt/moc/moc_mytitlebar.cpp”)
  
G:\QMacVisual(CV3)(25000)\QMacVisual(CV3)2022.9.21(25000)\QMacVisual(CV3)\QPlugins\GeometryMeasure\EdgeWidthMeasure\mytitlebar.h(1,1): warning C4828: 文件包含在偏移 0xf3 处开始的字符，该字符在当前源字符集中无效(代码页 65001)。
  (编译源文件“x64/Release/qt/moc/moc_mytitlebar.cpp”)
  
G:\QMacVisual(CV3)(25000)\QMacVisual(CV3)2022.9.21(25000)\QMacVisual(CV3)\QPlugins\GeometryMeasure\EdgeWidthMeasure\mytitlebar.h(1,1): warning C4828: 文件包含在偏移 0x110 处开始的字符，该字符在当前源字符集中无效(代码页 65001)。
  (编译源文件“x64/Release/qt/moc/moc_mytitlebar.cpp”)
  
G:\QMacVisual(CV3)(25000)\QMacVisual(CV3)2022.9.21(25000)\QMacVisual(CV3)\QPlugins\GeometryMeasure\EdgeWidthMeasure\mytitlebar.h(1,1): warning C4828: 文件包含在偏移 0x112 处开始的字符，该字符在当前源字符集中无效(代码页 65001)。
  (编译源文件“x64/Release/qt/moc/moc_mytitlebar.cpp”)
  
G:\QMacVisual(CV3)(25000)\QMacVisual(CV3)2022.9.21(25000)\QMacVisual(CV3)\QPlugins\GeometryMeasure\EdgeWidthMeasure\mytitlebar.h(1,1): warning C4828: 文件包含在偏移 0x117 处开始的字符，该字符在当前源字符集中无效(代码页 65001)。
  (编译源文件“x64/Release/qt/moc/moc_mytitlebar.cpp”)
  
G:\QMacVisual(CV3)(25000)\QMacVisual(CV3)2022.9.21(25000)\QMacVisual(CV3)\QPlugins\GeometryMeasure\EdgeWidthMeasure\mytitlebar.h(1,1): warning C4828: 文件包含在偏移 0x19a 处开始的字符，该字符在当前源字符集中无效(代码页 65001)。
  (编译源文件“x64/Release/qt/moc/moc_mytitlebar.cpp”)
  
G:\QMacVisual(CV3)(25000)\QMacVisual(CV3)2022.9.21(25000)\QMacVisual(CV3)\QPlugins\GeometryMeasure\EdgeWidthMeasure\mytitlebar.h(1,1): warning C4828: 文件包含在偏移 0x19c 处开始的字符，该字符在当前源字符集中无效(代码页 65001)。
  (编译源文件“x64/Release/qt/moc/moc_mytitlebar.cpp”)
  
G:\QMacVisual(CV3)(25000)\QMacVisual(CV3)2022.9.21(25000)\QMacVisual(CV3)\QPlugins\GeometryMeasure\EdgeWidthMeasure\mytitlebar.h(1,1): warning C4828: 文件包含在偏移 0x19e 处开始的字符，该字符在当前源字符集中无效(代码页 65001)。
  (编译源文件“x64/Release/qt/moc/moc_mytitlebar.cpp”)
  
G:\QMacVisual(CV3)(25000)\QMacVisual(CV3)2022.9.21(25000)\QMacVisual(CV3)\QPlugins\GeometryMeasure\EdgeWidthMeasure\mytitlebar.h(1,1): warning C4828: 文件包含在偏移 0x19f 处开始的字符，该字符在当前源字符集中无效(代码页 65001)。
  (编译源文件“x64/Release/qt/moc/moc_mytitlebar.cpp”)
  
G:\QMacVisual(CV3)(25000)\QMacVisual(CV3)2022.9.21(25000)\QMacVisual(CV3)\QPlugins\GeometryMeasure\EdgeWidthMeasure\mytitlebar.h(1,1): warning C4828: 文件包含在偏移 0x1a2 处开始的字符，该字符在当前源字符集中无效(代码页 65001)。
  (编译源文件“x64/Release/qt/moc/moc_mytitlebar.cpp”)
  
G:\QMacVisual(CV3)(25000)\QMacVisual(CV3)2022.9.21(25000)\QMacVisual(CV3)\QPlugins\GeometryMeasure\EdgeWidthMeasure\mytitlebar.h(1,1): warning C4828: 文件包含在偏移 0x1a3 处开始的字符，该字符在当前源字符集中无效(代码页 65001)。
  (编译源文件“x64/Release/qt/moc/moc_mytitlebar.cpp”)
  
G:\QMacVisual(CV3)(25000)\QMacVisual(CV3)2022.9.21(25000)\QMacVisual(CV3)\QPlugins\GeometryMeasure\EdgeWidthMeasure\mytitlebar.h(1,1): warning C4828: 文件包含在偏移 0x1a4 处开始的字符，该字符在当前源字符集中无效(代码页 65001)。
  (编译源文件“x64/Release/qt/moc/moc_mytitlebar.cpp”)
  
G:\QMacVisual(CV3)(25000)\QMacVisual(CV3)2022.9.21(25000)\QMacVisual(CV3)\QPlugins\GeometryMeasure\EdgeWidthMeasure\mytitlebar.h(1,1): warning C4828: 文件包含在偏移 0x1a5 处开始的字符，该字符在当前源字符集中无效(代码页 65001)。
  (编译源文件“x64/Release/qt/moc/moc_mytitlebar.cpp”)
  
G:\QMacVisual(CV3)(25000)\QMacVisual(CV3)2022.9.21(25000)\QMacVisual(CV3)\QPlugins\GeometryMeasure\EdgeWidthMeasure\mytitlebar.h(1,1): warning C4828: 文件包含在偏移 0x1a6 处开始的字符，该字符在当前源字符集中无效(代码页 65001)。
  (编译源文件“x64/Release/qt/moc/moc_mytitlebar.cpp”)
  
G:\QMacVisual(CV3)(25000)\QMacVisual(CV3)2022.9.21(25000)\QMacVisual(CV3)\QPlugins\GeometryMeasure\EdgeWidthMeasure\mytitlebar.h(1,1): warning C4828: 文件包含在偏移 0x1a7 处开始的字符，该字符在当前源字符集中无效(代码页 65001)。
  (编译源文件“x64/Release/qt/moc/moc_mytitlebar.cpp”)
  
G:\QMacVisual(CV3)(25000)\QMacVisual(CV3)2022.9.21(25000)\QMacVisual(CV3)\QPlugins\GeometryMeasure\EdgeWidthMeasure\mytitlebar.h(1,1): warning C4828: 文件包含在偏移 0x1df 处开始的字符，该字符在当前源字符集中无效(代码页 65001)。
  (编译源文件“x64/Release/qt/moc/moc_mytitlebar.cpp”)
  
G:\QMacVisual(CV3)(25000)\QMacVisual(CV3)2022.9.21(25000)\QMacVisual(CV3)\QPlugins\GeometryMeasure\EdgeWidthMeasure\mytitlebar.h(1,1): warning C4828: 文件包含在偏移 0x1e1 处开始的字符，该字符在当前源字符集中无效(代码页 65001)。
  (编译源文件“x64/Release/qt/moc/moc_mytitlebar.cpp”)
  
G:\QMacVisual(CV3)(25000)\QMacVisual(CV3)2022.9.21(25000)\QMacVisual(CV3)\QPlugins\GeometryMeasure\EdgeWidthMeasure\mytitlebar.h(1,1): warning C4828: 文件包含在偏移 0x1e3 处开始的字符，该字符在当前源字符集中无效(代码页 65001)。
  (编译源文件“x64/Release/qt/moc/moc_mytitlebar.cpp”)
  
G:\QMacVisual(CV3)(25000)\QMacVisual(CV3)2022.9.21(25000)\QMacVisual(CV3)\QPlugins\GeometryMeasure\EdgeWidthMeasure\mytitlebar.h(1,1): warning C4828: 文件包含在偏移 0x1e4 处开始的字符，该字符在当前源字符集中无效(代码页 65001)。
  (编译源文件“x64/Release/qt/moc/moc_mytitlebar.cpp”)
  
G:\QMacVisual(CV3)(25000)\QMacVisual(CV3)2022.9.21(25000)\QMacVisual(CV3)\QPlugins\GeometryMeasure\EdgeWidthMeasure\mytitlebar.h(1,1): warning C4828: 文件包含在偏移 0x1e7 处开始的字符，该字符在当前源字符集中无效(代码页 65001)。
  (编译源文件“x64/Release/qt/moc/moc_mytitlebar.cpp”)
  
G:\QMacVisual(CV3)(25000)\QMacVisual(CV3)2022.9.21(25000)\QMacVisual(CV3)\QPlugins\GeometryMeasure\EdgeWidthMeasure\mytitlebar.h(1,1): warning C4828: 文件包含在偏移 0x1e8 处开始的字符，该字符在当前源字符集中无效(代码页 65001)。
  (编译源文件“x64/Release/qt/moc/moc_mytitlebar.cpp”)
  
G:\QMacVisual(CV3)(25000)\QMacVisual(CV3)2022.9.21(25000)\QMacVisual(CV3)\QPlugins\GeometryMeasure\EdgeWidthMeasure\mytitlebar.h(1,1): warning C4828: 文件包含在偏移 0x1eb 处开始的字符，该字符在当前源字符集中无效(代码页 65001)。
  (编译源文件“x64/Release/qt/moc/moc_mytitlebar.cpp”)
  
G:\QMacVisual(CV3)(25000)\QMacVisual(CV3)2022.9.21(25000)\QMacVisual(CV3)\QPlugins\GeometryMeasure\EdgeWidthMeasure\mytitlebar.h(1,1): warning C4828: 文件包含在偏移 0x1ec 处开始的字符，该字符在当前源字符集中无效(代码页 65001)。
  (编译源文件“x64/Release/qt/moc/moc_mytitlebar.cpp”)
  
G:\QMacVisual(CV3)(25000)\QMacVisual(CV3)2022.9.21(25000)\QMacVisual(CV3)\QPlugins\GeometryMeasure\EdgeWidthMeasure\mytitlebar.h(1,1): warning C4828: 文件包含在偏移 0x219 处开始的字符，该字符在当前源字符集中无效(代码页 65001)。
  (编译源文件“x64/Release/qt/moc/moc_mytitlebar.cpp”)
  
G:\QMacVisual(CV3)(25000)\QMacVisual(CV3)2022.9.21(25000)\QMacVisual(CV3)\QPlugins\GeometryMeasure\EdgeWidthMeasure\mytitlebar.h(1,1): warning C4828: 文件包含在偏移 0x21b 处开始的字符，该字符在当前源字符集中无效(代码页 65001)。
  (编译源文件“x64/Release/qt/moc/moc_mytitlebar.cpp”)
  
G:\QMacVisual(CV3)(25000)\QMacVisual(CV3)2022.9.21(25000)\QMacVisual(CV3)\QPlugins\GeometryMeasure\EdgeWidthMeasure\mytitlebar.h(1,1): warning C4828: 文件包含在偏移 0x21d 处开始的字符，该字符在当前源字符集中无效(代码页 65001)。
  (编译源文件“x64/Release/qt/moc/moc_mytitlebar.cpp”)
  
G:\QMacVisual(CV3)(25000)\QMacVisual(CV3)2022.9.21(25000)\QMacVisual(CV3)\QPlugins\GeometryMeasure\EdgeWidthMeasure\mytitlebar.h(1,1): warning C4828: 文件包含在偏移 0x21e 处开始的字符，该字符在当前源字符集中无效(代码页 65001)。
  (编译源文件“x64/Release/qt/moc/moc_mytitlebar.cpp”)
  
G:\QMacVisual(CV3)(25000)\QMacVisual(CV3)2022.9.21(25000)\QMacVisual(CV3)\QPlugins\GeometryMeasure\EdgeWidthMeasure\mytitlebar.h(1,1): warning C4828: 文件包含在偏移 0x221 处开始的字符，该字符在当前源字符集中无效(代码页 65001)。
  (编译源文件“x64/Release/qt/moc/moc_mytitlebar.cpp”)
  
G:\QMacVisual(CV3)(25000)\QMacVisual(CV3)2022.9.21(25000)\QMacVisual(CV3)\QPlugins\GeometryMeasure\EdgeWidthMeasure\mytitlebar.h(1,1): warning C4828: 文件包含在偏移 0x223 处开始的字符，该字符在当前源字符集中无效(代码页 65001)。
  (编译源文件“x64/Release/qt/moc/moc_mytitlebar.cpp”)
  
G:\QMacVisual(CV3)(25000)\QMacVisual(CV3)2022.9.21(25000)\QMacVisual(CV3)\QPlugins\GeometryMeasure\EdgeWidthMeasure\mytitlebar.h(1,1): warning C4828: 文件包含在偏移 0x258 处开始的字符，该字符在当前源字符集中无效(代码页 65001)。
  (编译源文件“x64/Release/qt/moc/moc_mytitlebar.cpp”)
  
G:\QMacVisual(CV3)(25000)\QMacVisual(CV3)2022.9.21(25000)\QMacVisual(CV3)\QPlugins\GeometryMeasure\EdgeWidthMeasure\mytitlebar.h(1,1): warning C4828: 文件包含在偏移 0x25a 处开始的字符，该字符在当前源字符集中无效(代码页 65001)。
  (编译源文件“x64/Release/qt/moc/moc_mytitlebar.cpp”)
  
G:\QMacVisual(CV3)(25000)\QMacVisual(CV3)2022.9.21(25000)\QMacVisual(CV3)\QPlugins\GeometryMeasure\EdgeWidthMeasure\mytitlebar.h(1,1): warning C4828: 文件包含在偏移 0x25c 处开始的字符，该字符在当前源字符集中无效(代码页 65001)。
  (编译源文件“x64/Release/qt/moc/moc_mytitlebar.cpp”)
  
G:\QMacVisual(CV3)(25000)\QMacVisual(CV3)2022.9.21(25000)\QMacVisual(CV3)\QPlugins\GeometryMeasure\EdgeWidthMeasure\mytitlebar.h(1,1): warning C4828: 文件包含在偏移 0x25d 处开始的字符，该字符在当前源字符集中无效(代码页 65001)。
  (编译源文件“x64/Release/qt/moc/moc_mytitlebar.cpp”)
  
G:\QMacVisual(CV3)(25000)\QMacVisual(CV3)2022.9.21(25000)\QMacVisual(CV3)\QPlugins\GeometryMeasure\EdgeWidthMeasure\mytitlebar.h(1,1): warning C4828: 文件包含在偏移 0x260 处开始的字符，该字符在当前源字符集中无效(代码页 65001)。
  (编译源文件“x64/Release/qt/moc/moc_mytitlebar.cpp”)
  
G:\QMacVisual(CV3)(25000)\QMacVisual(CV3)2022.9.21(25000)\QMacVisual(CV3)\QPlugins\GeometryMeasure\EdgeWidthMeasure\mytitlebar.h(1,1): warning C4828: 文件包含在偏移 0x261 处开始的字符，该字符在当前源字符集中无效(代码页 65001)。
  (编译源文件“x64/Release/qt/moc/moc_mytitlebar.cpp”)
  
G:\QMacVisual(CV3)(25000)\QMacVisual(CV3)2022.9.21(25000)\QMacVisual(CV3)\QPlugins\GeometryMeasure\EdgeWidthMeasure\mytitlebar.h(1,1): warning C4828: 文件包含在偏移 0x262 处开始的字符，该字符在当前源字符集中无效(代码页 65001)。
  (编译源文件“x64/Release/qt/moc/moc_mytitlebar.cpp”)
  
G:\QMacVisual(CV3)(25000)\QMacVisual(CV3)2022.9.21(25000)\QMacVisual(CV3)\QPlugins\GeometryMeasure\EdgeWidthMeasure\mytitlebar.h(1,1): warning C4828: 文件包含在偏移 0x263 处开始的字符，该字符在当前源字符集中无效(代码页 65001)。
  (编译源文件“x64/Release/qt/moc/moc_mytitlebar.cpp”)
  
G:\QMacVisual(CV3)(25000)\QMacVisual(CV3)2022.9.21(25000)\QMacVisual(CV3)\QPlugins\GeometryMeasure\EdgeWidthMeasure\mytitlebar.h(1,1): warning C4828: 文件包含在偏移 0x264 处开始的字符，该字符在当前源字符集中无效(代码页 65001)。
  (编译源文件“x64/Release/qt/moc/moc_mytitlebar.cpp”)
  
G:\QMacVisual(CV3)(25000)\QMacVisual(CV3)2022.9.21(25000)\QMacVisual(CV3)\QPlugins\GeometryMeasure\EdgeWidthMeasure\mytitlebar.h(1,1): warning C4828: 文件包含在偏移 0x265 处开始的字符，该字符在当前源字符集中无效(代码页 65001)。
  (编译源文件“x64/Release/qt/moc/moc_mytitlebar.cpp”)
  
G:\QMacVisual(CV3)(25000)\QMacVisual(CV3)2022.9.21(25000)\QMacVisual(CV3)\QPlugins\GeometryMeasure\EdgeWidthMeasure\mytitlebar.h(1,1): warning C4828: 文件包含在偏移 0x28c 处开始的字符，该字符在当前源字符集中无效(代码页 65001)。
  (编译源文件“x64/Release/qt/moc/moc_mytitlebar.cpp”)
  
G:\QMacVisual(CV3)(25000)\QMacVisual(CV3)2022.9.21(25000)\QMacVisual(CV3)\QPlugins\GeometryMeasure\EdgeWidthMeasure\mytitlebar.h(1,1): warning C4828: 文件包含在偏移 0x28e 处开始的字符，该字符在当前源字符集中无效(代码页 65001)。
  (编译源文件“x64/Release/qt/moc/moc_mytitlebar.cpp”)
  
G:\QMacVisual(CV3)(25000)\QMacVisual(CV3)2022.9.21(25000)\QMacVisual(CV3)\QPlugins\GeometryMeasure\EdgeWidthMeasure\mytitlebar.h(1,1): warning C4828: 文件包含在偏移 0x290 处开始的字符，该字符在当前源字符集中无效(代码页 65001)。
  (编译源文件“x64/Release/qt/moc/moc_mytitlebar.cpp”)
  
G:\QMacVisual(CV3)(25000)\QMacVisual(CV3)2022.9.21(25000)\QMacVisual(CV3)\QPlugins\GeometryMeasure\EdgeWidthMeasure\mytitlebar.h(1,1): warning C4828: 文件包含在偏移 0x291 处开始的字符，该字符在当前源字符集中无效(代码页 65001)。
  (编译源文件“x64/Release/qt/moc/moc_mytitlebar.cpp”)
  
G:\QMacVisual(CV3)(25000)\QMacVisual(CV3)2022.9.21(25000)\QMacVisual(CV3)\QPlugins\GeometryMeasure\EdgeWidthMeasure\mytitlebar.h(1,1): warning C4828: 文件包含在偏移 0x294 处开始的字符，该字符在当前源字符集中无效(代码页 65001)。
  (编译源文件“x64/Release/qt/moc/moc_mytitlebar.cpp”)
  
G:\QMacVisual(CV3)(25000)\QMacVisual(CV3)2022.9.21(25000)\QMacVisual(CV3)\QPlugins\GeometryMeasure\EdgeWidthMeasure\mytitlebar.h(1,1): warning C4828: 文件包含在偏移 0x295 处开始的字符，该字符在当前源字符集中无效(代码页 65001)。
  (编译源文件“x64/Release/qt/moc/moc_mytitlebar.cpp”)
  
G:\QMacVisual(CV3)(25000)\QMacVisual(CV3)2022.9.21(25000)\QMacVisual(CV3)\QPlugins\GeometryMeasure\EdgeWidthMeasure\mytitlebar.h(1,1): warning C4828: 文件包含在偏移 0x296 处开始的字符，该字符在当前源字符集中无效(代码页 65001)。
  (编译源文件“x64/Release/qt/moc/moc_mytitlebar.cpp”)
  
G:\QMacVisual(CV3)(25000)\QMacVisual(CV3)2022.9.21(25000)\QMacVisual(CV3)\QPlugins\GeometryMeasure\EdgeWidthMeasure\mytitlebar.h(1,1): warning C4828: 文件包含在偏移 0x298 处开始的字符，该字符在当前源字符集中无效(代码页 65001)。
  (编译源文件“x64/Release/qt/moc/moc_mytitlebar.cpp”)
  
G:\QMacVisual(CV3)(25000)\QMacVisual(CV3)2022.9.21(25000)\QMacVisual(CV3)\QPlugins\GeometryMeasure\EdgeWidthMeasure\mytitlebar.h(1,1): warning C4828: 文件包含在偏移 0x299 处开始的字符，该字符在当前源字符集中无效(代码页 65001)。
  (编译源文件“x64/Release/qt/moc/moc_mytitlebar.cpp”)
  
G:\QMacVisual(CV3)(25000)\QMacVisual(CV3)2022.9.21(25000)\QMacVisual(CV3)\QPlugins\GeometryMeasure\EdgeWidthMeasure\mytitlebar.h(1,1): warning C4828: 文件包含在偏移 0x29c 处开始的字符，该字符在当前源字符集中无效(代码页 65001)。
  (编译源文件“x64/Release/qt/moc/moc_mytitlebar.cpp”)
  
G:\QMacVisual(CV3)(25000)\QMacVisual(CV3)2022.9.21(25000)\QMacVisual(CV3)\QPlugins\GeometryMeasure\EdgeWidthMeasure\mytitlebar.h(1,1): warning C4828: 文件包含在偏移 0x29d 处开始的字符，该字符在当前源字符集中无效(代码页 65001)。
  (编译源文件“x64/Release/qt/moc/moc_mytitlebar.cpp”)
  
G:\QMacVisual(CV3)(25000)\QMacVisual(CV3)2022.9.21(25000)\QMacVisual(CV3)\QPlugins\GeometryMeasure\EdgeWidthMeasure\mytitlebar.h(1,1): warning C4828: 文件包含在偏移 0x2d2 处开始的字符，该字符在当前源字符集中无效(代码页 65001)。
  (编译源文件“x64/Release/qt/moc/moc_mytitlebar.cpp”)
  
G:\QMacVisual(CV3)(25000)\QMacVisual(CV3)2022.9.21(25000)\QMacVisual(CV3)\QPlugins\GeometryMeasure\EdgeWidthMeasure\mytitlebar.h(1,1): warning C4828: 文件包含在偏移 0x2d4 处开始的字符，该字符在当前源字符集中无效(代码页 65001)。
  (编译源文件“x64/Release/qt/moc/moc_mytitlebar.cpp”)
  
G:\QMacVisual(CV3)(25000)\QMacVisual(CV3)2022.9.21(25000)\QMacVisual(CV3)\QPlugins\GeometryMeasure\EdgeWidthMeasure\mytitlebar.h(1,1): warning C4828: 文件包含在偏移 0x2d6 处开始的字符，该字符在当前源字符集中无效(代码页 65001)。
  (编译源文件“x64/Release/qt/moc/moc_mytitlebar.cpp”)
  
G:\QMacVisual(CV3)(25000)\QMacVisual(CV3)2022.9.21(25000)\QMacVisual(CV3)\QPlugins\GeometryMeasure\EdgeWidthMeasure\mytitlebar.h(1,1): warning C4828: 文件包含在偏移 0x2d7 处开始的字符，该字符在当前源字符集中无效(代码页 65001)。
  (编译源文件“x64/Release/qt/moc/moc_mytitlebar.cpp”)
  
G:\QMacVisual(CV3)(25000)\QMacVisual(CV3)2022.9.21(25000)\QMacVisual(CV3)\QPlugins\GeometryMeasure\EdgeWidthMeasure\mytitlebar.h(1,1): warning C4828: 文件包含在偏移 0x2da 处开始的字符，该字符在当前源字符集中无效(代码页 65001)。
  (编译源文件“x64/Release/qt/moc/moc_mytitlebar.cpp”)
  
G:\QMacVisual(CV3)(25000)\QMacVisual(CV3)2022.9.21(25000)\QMacVisual(CV3)\QPlugins\GeometryMeasure\EdgeWidthMeasure\mytitlebar.h(1,1): warning C4828: 文件包含在偏移 0x2db 处开始的字符，该字符在当前源字符集中无效(代码页 65001)。
  (编译源文件“x64/Release/qt/moc/moc_mytitlebar.cpp”)
  
G:\QMacVisual(CV3)(25000)\QMacVisual(CV3)2022.9.21(25000)\QMacVisual(CV3)\QPlugins\GeometryMeasure\EdgeWidthMeasure\mytitlebar.h(1,1): warning C4828: 文件包含在偏移 0x2dc 处开始的字符，该字符在当前源字符集中无效(代码页 65001)。
  (编译源文件“x64/Release/qt/moc/moc_mytitlebar.cpp”)
  
G:\QMacVisual(CV3)(25000)\QMacVisual(CV3)2022.9.21(25000)\QMacVisual(CV3)\QPlugins\GeometryMeasure\EdgeWidthMeasure\mytitlebar.h(1,1): warning C4828: 文件包含在偏移 0x2de 处开始的字符，该字符在当前源字符集中无效(代码页 65001)。
  (编译源文件“x64/Release/qt/moc/moc_mytitlebar.cpp”)
  
G:\QMacVisual(CV3)(25000)\QMacVisual(CV3)2022.9.21(25000)\QMacVisual(CV3)\QPlugins\GeometryMeasure\EdgeWidthMeasure\mytitlebar.h(1,1): warning C4828: 文件包含在偏移 0x2e1 处开始的字符，该字符在当前源字符集中无效(代码页 65001)。
  (编译源文件“x64/Release/qt/moc/moc_mytitlebar.cpp”)
  
G:\QMacVisual(CV3)(25000)\QMacVisual(CV3)2022.9.21(25000)\QMacVisual(CV3)\QPlugins\GeometryMeasure\EdgeWidthMeasure\mytitlebar.h(1,1): warning C4828: 文件包含在偏移 0x2e4 处开始的字符，该字符在当前源字符集中无效(代码页 65001)。
  (编译源文件“x64/Release/qt/moc/moc_mytitlebar.cpp”)
  
G:\QMacVisual(CV3)(25000)\QMacVisual(CV3)2022.9.21(25000)\QMacVisual(CV3)\QPlugins\GeometryMeasure\EdgeWidthMeasure\mytitlebar.h(1,1): warning C4828: 文件包含在偏移 0x2e6 处开始的字符，该字符在当前源字符集中无效(代码页 65001)。
  (编译源文件“x64/Release/qt/moc/moc_mytitlebar.cpp”)
  
G:\QMacVisual(CV3)(25000)\QMacVisual(CV3)2022.9.21(25000)\QMacVisual(CV3)\QPlugins\GeometryMeasure\EdgeWidthMeasure\mytitlebar.h(1,1): warning C4828: 文件包含在偏移 0x2e7 处开始的字符，该字符在当前源字符集中无效(代码页 65001)。
  (编译源文件“x64/Release/qt/moc/moc_mytitlebar.cpp”)
  
G:\QMacVisual(CV3)(25000)\QMacVisual(CV3)2022.9.21(25000)\QMacVisual(CV3)\QPlugins\GeometryMeasure\EdgeWidthMeasure\mytitlebar.h(1,1): warning C4828: 文件包含在偏移 0x2eb 处开始的字符，该字符在当前源字符集中无效(代码页 65001)。
  (编译源文件“x64/Release/qt/moc/moc_mytitlebar.cpp”)
  
G:\QMacVisual(CV3)(25000)\QMacVisual(CV3)2022.9.21(25000)\QMacVisual(CV3)\QPlugins\GeometryMeasure\EdgeWidthMeasure\mytitlebar.h(1,1): warning C4828: 文件包含在偏移 0x2ef 处开始的字符，该字符在当前源字符集中无效(代码页 65001)。
  (编译源文件“x64/Release/qt/moc/moc_mytitlebar.cpp”)
  
G:\QMacVisual(CV3)(25000)\QMacVisual(CV3)2022.9.21(25000)\QMacVisual(CV3)\QPlugins\GeometryMeasure\EdgeWidthMeasure\mytitlebar.h(1,1): warning C4828: 文件包含在偏移 0x2f0 处开始的字符，该字符在当前源字符集中无效(代码页 65001)。
  (编译源文件“x64/Release/qt/moc/moc_mytitlebar.cpp”)
  
G:\QMacVisual(CV3)(25000)\QMacVisual(CV3)2022.9.21(25000)\QMacVisual(CV3)\QPlugins\GeometryMeasure\EdgeWidthMeasure\mytitlebar.h(1,1): warning C4828: 文件包含在偏移 0x2f2 处开始的字符，该字符在当前源字符集中无效(代码页 65001)。
  (编译源文件“x64/Release/qt/moc/moc_mytitlebar.cpp”)
  
G:\QMacVisual(CV3)(25000)\QMacVisual(CV3)2022.9.21(25000)\QMacVisual(CV3)\QPlugins\GeometryMeasure\EdgeWidthMeasure\mytitlebar.h(1,1): warning C4828: 文件包含在偏移 0x2f5 处开始的字符，该字符在当前源字符集中无效(代码页 65001)。
  (编译源文件“x64/Release/qt/moc/moc_mytitlebar.cpp”)
  
G:\QMacVisual(CV3)(25000)\QMacVisual(CV3)2022.9.21(25000)\QMacVisual(CV3)\QPlugins\GeometryMeasure\EdgeWidthMeasure\mytitlebar.h(1,1): warning C4828: 文件包含在偏移 0x2f7 处开始的字符，该字符在当前源字符集中无效(代码页 65001)。
  (编译源文件“x64/Release/qt/moc/moc_mytitlebar.cpp”)
  
G:\QMacVisual(CV3)(25000)\QMacVisual(CV3)2022.9.21(25000)\QMacVisual(CV3)\QPlugins\GeometryMeasure\EdgeWidthMeasure\mytitlebar.h(1,1): warning C4828: 文件包含在偏移 0x2f8 处开始的字符，该字符在当前源字符集中无效(代码页 65001)。
  (编译源文件“x64/Release/qt/moc/moc_mytitlebar.cpp”)
  
G:\QMacVisual(CV3)(25000)\QMacVisual(CV3)2022.9.21(25000)\QMacVisual(CV3)\QPlugins\GeometryMeasure\EdgeWidthMeasure\mytitlebar.h(1,1): warning C4828: 文件包含在偏移 0x2fb 处开始的字符，该字符在当前源字符集中无效(代码页 65001)。
  (编译源文件“x64/Release/qt/moc/moc_mytitlebar.cpp”)
  
G:\QMacVisual(CV3)(25000)\QMacVisual(CV3)2022.9.21(25000)\QMacVisual(CV3)\QPlugins\GeometryMeasure\EdgeWidthMeasure\mytitlebar.h(1,1): warning C4828: 文件包含在偏移 0x2fc 处开始的字符，该字符在当前源字符集中无效(代码页 65001)。
  (编译源文件“x64/Release/qt/moc/moc_mytitlebar.cpp”)
  
G:\QMacVisual(CV3)(25000)\QMacVisual(CV3)2022.9.21(25000)\QMacVisual(CV3)\QPlugins\GeometryMeasure\EdgeWidthMeasure\mytitlebar.h(1,1): warning C4828: 文件包含在偏移 0x319 处开始的字符，该字符在当前源字符集中无效(代码页 65001)。
  (编译源文件“x64/Release/qt/moc/moc_mytitlebar.cpp”)
  
G:\QMacVisual(CV3)(25000)\QMacVisual(CV3)2022.9.21(25000)\QMacVisual(CV3)\QPlugins\GeometryMeasure\EdgeWidthMeasure\mytitlebar.h(1,1): warning C4828: 文件包含在偏移 0x31a 处开始的字符，该字符在当前源字符集中无效(代码页 65001)。
  (编译源文件“x64/Release/qt/moc/moc_mytitlebar.cpp”)
  
G:\QMacVisual(CV3)(25000)\QMacVisual(CV3)2022.9.21(25000)\QMacVisual(CV3)\QPlugins\GeometryMeasure\EdgeWidthMeasure\mytitlebar.h(1,1): warning C4828: 文件包含在偏移 0x31b 处开始的字符，该字符在当前源字符集中无效(代码页 65001)。
  (编译源文件“x64/Release/qt/moc/moc_mytitlebar.cpp”)
  
G:\QMacVisual(CV3)(25000)\QMacVisual(CV3)2022.9.21(25000)\QMacVisual(CV3)\QPlugins\GeometryMeasure\EdgeWidthMeasure\mytitlebar.h(1,1): warning C4828: 文件包含在偏移 0x31c 处开始的字符，该字符在当前源字符集中无效(代码页 65001)。
  (编译源文件“x64/Release/qt/moc/moc_mytitlebar.cpp”)
  
G:\QMacVisual(CV3)(25000)\QMacVisual(CV3)2022.9.21(25000)\QMacVisual(CV3)\QPlugins\GeometryMeasure\EdgeWidthMeasure\mytitlebar.h(1,1): warning C4828: 文件包含在偏移 0x31f 处开始的字符，该字符在当前源字符集中无效(代码页 65001)。
  (编译源文件“x64/Release/qt/moc/moc_mytitlebar.cpp”)
  
G:\QMacVisual(CV3)(25000)\QMacVisual(CV3)2022.9.21(25000)\QMacVisual(CV3)\QPlugins\GeometryMeasure\EdgeWidthMeasure\mytitlebar.h(1,1): warning C4828: 文件包含在偏移 0x320 处开始的字符，该字符在当前源字符集中无效(代码页 65001)。
  (编译源文件“x64/Release/qt/moc/moc_mytitlebar.cpp”)
  
G:\QMacVisual(CV3)(25000)\QMacVisual(CV3)2022.9.21(25000)\QMacVisual(CV3)\QPlugins\GeometryMeasure\EdgeWidthMeasure\mytitlebar.h(1,1): warning C4828: 文件包含在偏移 0x324 处开始的字符，该字符在当前源字符集中无效(代码页 65001)。
  (编译源文件“x64/Release/qt/moc/moc_mytitlebar.cpp”)
  
G:\QMacVisual(CV3)(25000)\QMacVisual(CV3)2022.9.21(25000)\QMacVisual(CV3)\QPlugins\GeometryMeasure\EdgeWidthMeasure\mytitlebar.h(1,1): warning C4828: 文件包含在偏移 0x325 处开始的字符，该字符在当前源字符集中无效(代码页 65001)。
  (编译源文件“x64/Release/qt/moc/moc_mytitlebar.cpp”)
  
G:\QMacVisual(CV3)(25000)\QMacVisual(CV3)2022.9.21(25000)\QMacVisual(CV3)\QPlugins\GeometryMeasure\EdgeWidthMeasure\mytitlebar.h(1,1): warning C4828: 文件包含在偏移 0x326 处开始的字符，该字符在当前源字符集中无效(代码页 65001)。
  (编译源文件“x64/Release/qt/moc/moc_mytitlebar.cpp”)
  
G:\QMacVisual(CV3)(25000)\QMacVisual(CV3)2022.9.21(25000)\QMacVisual(CV3)\QPlugins\GeometryMeasure\EdgeWidthMeasure\mytitlebar.h(1,1): warning C4828: 文件包含在偏移 0x327 处开始的字符，该字符在当前源字符集中无效(代码页 65001)。
  (编译源文件“x64/Release/qt/moc/moc_mytitlebar.cpp”)
  
G:\QMacVisual(CV3)(25000)\QMacVisual(CV3)2022.9.21(25000)\QMacVisual(CV3)\QPlugins\GeometryMeasure\EdgeWidthMeasure\mytitlebar.h(1,1): warning C4828: 文件包含在偏移 0x32a 处开始的字符，该字符在当前源字符集中无效(代码页 65001)。
  (编译源文件“x64/Release/qt/moc/moc_mytitlebar.cpp”)
  
G:\QMacVisual(CV3)(25000)\QMacVisual(CV3)2022.9.21(25000)\QMacVisual(CV3)\QPlugins\GeometryMeasure\EdgeWidthMeasure\mytitlebar.h(1,1): warning C4828: 文件包含在偏移 0x32c 处开始的字符，该字符在当前源字符集中无效(代码页 65001)。
  (编译源文件“x64/Release/qt/moc/moc_mytitlebar.cpp”)
  
G:\QMacVisual(CV3)(25000)\QMacVisual(CV3)2022.9.21(25000)\QMacVisual(CV3)\QPlugins\GeometryMeasure\EdgeWidthMeasure\mytitlebar.h(1,1): warning C4828: 文件包含在偏移 0x32d 处开始的字符，该字符在当前源字符集中无效(代码页 65001)。
  (编译源文件“x64/Release/qt/moc/moc_mytitlebar.cpp”)
  
G:\QMacVisual(CV3)(25000)\QMacVisual(CV3)2022.9.21(25000)\QMacVisual(CV3)\QPlugins\GeometryMeasure\EdgeWidthMeasure\mytitlebar.h(1,1): warning C4828: 文件包含在偏移 0x32f 处开始的字符，该字符在当前源字符集中无效(代码页 65001)。
  (编译源文件“x64/Release/qt/moc/moc_mytitlebar.cpp”)
  
G:\QMacVisual(CV3)(25000)\QMacVisual(CV3)2022.9.21(25000)\QMacVisual(CV3)\QPlugins\GeometryMeasure\EdgeWidthMeasure\mytitlebar.h(1,1): warning C4828: 文件包含在偏移 0x330 处开始的字符，该字符在当前源字符集中无效(代码页 65001)。
  (编译源文件“x64/Release/qt/moc/moc_mytitlebar.cpp”)
  
G:\QMacVisual(CV3)(25000)\QMacVisual(CV3)2022.9.21(25000)\QMacVisual(CV3)\QPlugins\GeometryMeasure\EdgeWidthMeasure\mytitlebar.h(1,1): warning C4828: 文件包含在偏移 0x331 处开始的字符，该字符在当前源字符集中无效(代码页 65001)。
  (编译源文件“x64/Release/qt/moc/moc_mytitlebar.cpp”)
  
G:\QMacVisual(CV3)(25000)\QMacVisual(CV3)2022.9.21(25000)\QMacVisual(CV3)\QPlugins\GeometryMeasure\EdgeWidthMeasure\mytitlebar.h(1,1): warning C4828: 文件包含在偏移 0x332 处开始的字符，该字符在当前源字符集中无效(代码页 65001)。
  (编译源文件“x64/Release/qt/moc/moc_mytitlebar.cpp”)
  
G:\QMacVisual(CV3)(25000)\QMacVisual(CV3)2022.9.21(25000)\QMacVisual(CV3)\QPlugins\GeometryMeasure\EdgeWidthMeasure\mytitlebar.h(1,1): warning C4828: 文件包含在偏移 0x378 处开始的字符，该字符在当前源字符集中无效(代码页 65001)。
  (编译源文件“x64/Release/qt/moc/moc_mytitlebar.cpp”)
  
G:\QMacVisual(CV3)(25000)\QMacVisual(CV3)2022.9.21(25000)\QMacVisual(CV3)\QPlugins\GeometryMeasure\EdgeWidthMeasure\mytitlebar.h(1,1): warning C4828: 文件包含在偏移 0x379 处开始的字符，该字符在当前源字符集中无效(代码页 65001)。
  (编译源文件“x64/Release/qt/moc/moc_mytitlebar.cpp”)
  
G:\QMacVisual(CV3)(25000)\QMacVisual(CV3)2022.9.21(25000)\QMacVisual(CV3)\QPlugins\GeometryMeasure\EdgeWidthMeasure\mytitlebar.h(1,1): warning C4828: 文件包含在偏移 0x37d 处开始的字符，该字符在当前源字符集中无效(代码页 65001)。
  (编译源文件“x64/Release/qt/moc/moc_mytitlebar.cpp”)
  
G:\QMacVisual(CV3)(25000)\QMacVisual(CV3)2022.9.21(25000)\QMacVisual(CV3)\QPlugins\GeometryMeasure\EdgeWidthMeasure\mytitlebar.h(1,1): warning C4828: 文件包含在偏移 0x380 处开始的字符，该字符在当前源字符集中无效(代码页 65001)。
  (编译源文件“x64/Release/qt/moc/moc_mytitlebar.cpp”)
  
G:\QMacVisual(CV3)(25000)\QMacVisual(CV3)2022.9.21(25000)\QMacVisual(CV3)\QPlugins\GeometryMeasure\EdgeWidthMeasure\mytitlebar.h(1,1): warning C4828: 文件包含在偏移 0x381 处开始的字符，该字符在当前源字符集中无效(代码页 65001)。
  (编译源文件“x64/Release/qt/moc/moc_mytitlebar.cpp”)
  
G:\QMacVisual(CV3)(25000)\QMacVisual(CV3)2022.9.21(25000)\QMacVisual(CV3)\QPlugins\GeometryMeasure\EdgeWidthMeasure\mytitlebar.h(1,1): warning C4828: 文件包含在偏移 0x384 处开始的字符，该字符在当前源字符集中无效(代码页 65001)。
  (编译源文件“x64/Release/qt/moc/moc_mytitlebar.cpp”)
  
G:\QMacVisual(CV3)(25000)\QMacVisual(CV3)2022.9.21(25000)\QMacVisual(CV3)\QPlugins\GeometryMeasure\EdgeWidthMeasure\mytitlebar.h(1,1): warning C4828: 文件包含在偏移 0x385 处开始的字符，该字符在当前源字符集中无效(代码页 65001)。
  (编译源文件“x64/Release/qt/moc/moc_mytitlebar.cpp”)
  
G:\QMacVisual(CV3)(25000)\QMacVisual(CV3)2022.9.21(25000)\QMacVisual(CV3)\QPlugins\GeometryMeasure\EdgeWidthMeasure\mytitlebar.h(1,1): warning C4828: 文件包含在偏移 0x386 处开始的字符，该字符在当前源字符集中无效(代码页 65001)。
  (编译源文件“x64/Release/qt/moc/moc_mytitlebar.cpp”)
  
G:\QMacVisual(CV3)(25000)\QMacVisual(CV3)2022.9.21(25000)\QMacVisual(CV3)\QPlugins\GeometryMeasure\EdgeWidthMeasure\mytitlebar.h(1,1): warning C4828: 文件包含在偏移 0x389 处开始的字符，该字符在当前源字符集中无效(代码页 65001)。
  (编译源文件“x64/Release/qt/moc/moc_mytitlebar.cpp”)
  
G:\QMacVisual(CV3)(25000)\QMacVisual(CV3)2022.9.21(25000)\QMacVisual(CV3)\QPlugins\GeometryMeasure\EdgeWidthMeasure\mytitlebar.h(1,1): warning C4828: 文件包含在偏移 0x38b 处开始的字符，该字符在当前源字符集中无效(代码页 65001)。
  (编译源文件“x64/Release/qt/moc/moc_mytitlebar.cpp”)
  
G:\QMacVisual(CV3)(25000)\QMacVisual(CV3)2022.9.21(25000)\QMacVisual(CV3)\QPlugins\GeometryMeasure\EdgeWidthMeasure\mytitlebar.h(1,1): warning C4828: 文件包含在偏移 0x38c 处开始的字符，该字符在当前源字符集中无效(代码页 65001)。
  (编译源文件“x64/Release/qt/moc/moc_mytitlebar.cpp”)
  
G:\QMacVisual(CV3)(25000)\QMacVisual(CV3)2022.9.21(25000)\QMacVisual(CV3)\QPlugins\GeometryMeasure\EdgeWidthMeasure\mytitlebar.h(1,1): warning C4828: 文件包含在偏移 0x38e 处开始的字符，该字符在当前源字符集中无效(代码页 65001)。
  (编译源文件“x64/Release/qt/moc/moc_mytitlebar.cpp”)
  
G:\QMacVisual(CV3)(25000)\QMacVisual(CV3)2022.9.21(25000)\QMacVisual(CV3)\QPlugins\GeometryMeasure\EdgeWidthMeasure\mytitlebar.h(1,1): warning C4828: 文件包含在偏移 0x38f 处开始的字符，该字符在当前源字符集中无效(代码页 65001)。
  (编译源文件“x64/Release/qt/moc/moc_mytitlebar.cpp”)
  
G:\QMacVisual(CV3)(25000)\QMacVisual(CV3)2022.9.21(25000)\QMacVisual(CV3)\QPlugins\GeometryMeasure\EdgeWidthMeasure\mytitlebar.h(1,1): warning C4828: 文件包含在偏移 0x390 处开始的字符，该字符在当前源字符集中无效(代码页 65001)。
  (编译源文件“x64/Release/qt/moc/moc_mytitlebar.cpp”)
  
G:\QMacVisual(CV3)(25000)\QMacVisual(CV3)2022.9.21(25000)\QMacVisual(CV3)\QPlugins\GeometryMeasure\EdgeWidthMeasure\mytitlebar.h(1,1): warning C4828: 文件包含在偏移 0x391 处开始的字符，该字符在当前源字符集中无效(代码页 65001)。
  (编译源文件“x64/Release/qt/moc/moc_mytitlebar.cpp”)
  
G:\QMacVisual(CV3)(25000)\QMacVisual(CV3)2022.9.21(25000)\QMacVisual(CV3)\QPlugins\GeometryMeasure\EdgeWidthMeasure\mytitlebar.h(1,1): warning C4828: 文件包含在偏移 0x4b6 处开始的字符，该字符在当前源字符集中无效(代码页 65001)。
  (编译源文件“x64/Release/qt/moc/moc_mytitlebar.cpp”)
  
G:\QMacVisual(CV3)(25000)\QMacVisual(CV3)2022.9.21(25000)\QMacVisual(CV3)\QPlugins\GeometryMeasure\EdgeWidthMeasure\mytitlebar.h(1,1): warning C4828: 文件包含在偏移 0x4b7 处开始的字符，该字符在当前源字符集中无效(代码页 65001)。
  (编译源文件“x64/Release/qt/moc/moc_mytitlebar.cpp”)
  
G:\QMacVisual(CV3)(25000)\QMacVisual(CV3)2022.9.21(25000)\QMacVisual(CV3)\QPlugins\GeometryMeasure\EdgeWidthMeasure\mytitlebar.h(1,1): warning C4828: 文件包含在偏移 0x4bb 处开始的字符，该字符在当前源字符集中无效(代码页 65001)。
  (编译源文件“x64/Release/qt/moc/moc_mytitlebar.cpp”)
  
G:\QMacVisual(CV3)(25000)\QMacVisual(CV3)2022.9.21(25000)\QMacVisual(CV3)\QPlugins\GeometryMeasure\EdgeWidthMeasure\mytitlebar.h(1,1): warning C4828: 文件包含在偏移 0x4bc 处开始的字符，该字符在当前源字符集中无效(代码页 65001)。
  (编译源文件“x64/Release/qt/moc/moc_mytitlebar.cpp”)
  
G:\QMacVisual(CV3)(25000)\QMacVisual(CV3)2022.9.21(25000)\QMacVisual(CV3)\QPlugins\GeometryMeasure\EdgeWidthMeasure\mytitlebar.h(1,1): warning C4828: 文件包含在偏移 0x4bf 处开始的字符，该字符在当前源字符集中无效(代码页 65001)。
  (编译源文件“x64/Release/qt/moc/moc_mytitlebar.cpp”)
  
G:\QMacVisual(CV3)(25000)\QMacVisual(CV3)2022.9.21(25000)\QMacVisual(CV3)\QPlugins\GeometryMeasure\EdgeWidthMeasure\mytitlebar.h(1,1): warning C4828: 文件包含在偏移 0x4db 处开始的字符，该字符在当前源字符集中无效(代码页 65001)。
  (编译源文件“x64/Release/qt/moc/moc_mytitlebar.cpp”)
  
G:\QMacVisual(CV3)(25000)\QMacVisual(CV3)2022.9.21(25000)\QMacVisual(CV3)\QPlugins\GeometryMeasure\EdgeWidthMeasure\mytitlebar.h(1,1): warning C4828: 文件包含在偏移 0x4dd 处开始的字符，该字符在当前源字符集中无效(代码页 65001)。
  (编译源文件“x64/Release/qt/moc/moc_mytitlebar.cpp”)
  
G:\QMacVisual(CV3)(25000)\QMacVisual(CV3)2022.9.21(25000)\QMacVisual(CV3)\QPlugins\GeometryMeasure\EdgeWidthMeasure\mytitlebar.h(1,1): warning C4828: 文件包含在偏移 0x4e4 处开始的字符，该字符在当前源字符集中无效(代码页 65001)。
  (编译源文件“x64/Release/qt/moc/moc_mytitlebar.cpp”)
  
G:\QMacVisual(CV3)(25000)\QMacVisual(CV3)2022.9.21(25000)\QMacVisual(CV3)\QPlugins\GeometryMeasure\EdgeWidthMeasure\mytitlebar.h(1,1): warning C4828: 文件包含在偏移 0x506 处开始的字符，该字符在当前源字符集中无效(代码页 65001)。
  (编译源文件“x64/Release/qt/moc/moc_mytitlebar.cpp”)
  
G:\QMacVisual(CV3)(25000)\QMacVisual(CV3)2022.9.21(25000)\QMacVisual(CV3)\QPlugins\GeometryMeasure\EdgeWidthMeasure\mytitlebar.h(1,1): warning C4828: 文件包含在偏移 0x507 处开始的字符，该字符在当前源字符集中无效(代码页 65001)。
  (编译源文件“x64/Release/qt/moc/moc_mytitlebar.cpp”)
  
G:\QMacVisual(CV3)(25000)\QMacVisual(CV3)2022.9.21(25000)\QMacVisual(CV3)\QPlugins\GeometryMeasure\EdgeWidthMeasure\mytitlebar.h(1,1): warning C4828: 文件包含在偏移 0x509 处开始的字符，该字符在当前源字符集中无效(代码页 65001)。
  (编译源文件“x64/Release/qt/moc/moc_mytitlebar.cpp”)
  
G:\QMacVisual(CV3)(25000)\QMacVisual(CV3)2022.9.21(25000)\QMacVisual(CV3)\QPlugins\GeometryMeasure\EdgeWidthMeasure\mytitlebar.h(1,1): warning C4828: 文件包含在偏移 0x50b 处开始的字符，该字符在当前源字符集中无效(代码页 65001)。
  (编译源文件“x64/Release/qt/moc/moc_mytitlebar.cpp”)
  
G:\QMacVisual(CV3)(25000)\QMacVisual(CV3)2022.9.21(25000)\QMacVisual(CV3)\QPlugins\GeometryMeasure\EdgeWidthMeasure\mytitlebar.h(1,1): warning C4828: 文件包含在偏移 0x50e 处开始的字符，该字符在当前源字符集中无效(代码页 65001)。
  (编译源文件“x64/Release/qt/moc/moc_mytitlebar.cpp”)
  
G:\QMacVisual(CV3)(25000)\QMacVisual(CV3)2022.9.21(25000)\QMacVisual(CV3)\QPlugins\GeometryMeasure\EdgeWidthMeasure\mytitlebar.h(1,1): warning C4828: 文件包含在偏移 0x510 处开始的字符，该字符在当前源字符集中无效(代码页 65001)。
  (编译源文件“x64/Release/qt/moc/moc_mytitlebar.cpp”)
  
G:\QMacVisual(CV3)(25000)\QMacVisual(CV3)2022.9.21(25000)\QMacVisual(CV3)\QPlugins\GeometryMeasure\EdgeWidthMeasure\mytitlebar.h(1,1): warning C4828: 文件包含在偏移 0x511 处开始的字符，该字符在当前源字符集中无效(代码页 65001)。
  (编译源文件“x64/Release/qt/moc/moc_mytitlebar.cpp”)
  
G:\QMacVisual(CV3)(25000)\QMacVisual(CV3)2022.9.21(25000)\QMacVisual(CV3)\QPlugins\GeometryMeasure\EdgeWidthMeasure\mytitlebar.h(1,1): warning C4828: 文件包含在偏移 0x554 处开始的字符，该字符在当前源字符集中无效(代码页 65001)。
  (编译源文件“x64/Release/qt/moc/moc_mytitlebar.cpp”)
  
G:\QMacVisual(CV3)(25000)\QMacVisual(CV3)2022.9.21(25000)\QMacVisual(CV3)\QPlugins\GeometryMeasure\EdgeWidthMeasure\mytitlebar.h(1,1): warning C4828: 文件包含在偏移 0x555 处开始的字符，该字符在当前源字符集中无效(代码页 65001)。
  (编译源文件“x64/Release/qt/moc/moc_mytitlebar.cpp”)
  
G:\QMacVisual(CV3)(25000)\QMacVisual(CV3)2022.9.21(25000)\QMacVisual(CV3)\QPlugins\GeometryMeasure\EdgeWidthMeasure\mytitlebar.h(1,1): warning C4828: 文件包含在偏移 0x558 处开始的字符，该字符在当前源字符集中无效(代码页 65001)。
  (编译源文件“x64/Release/qt/moc/moc_mytitlebar.cpp”)
  
G:\QMacVisual(CV3)(25000)\QMacVisual(CV3)2022.9.21(25000)\QMacVisual(CV3)\QPlugins\GeometryMeasure\EdgeWidthMeasure\mytitlebar.h(1,1): warning C4828: 文件包含在偏移 0x559 处开始的字符，该字符在当前源字符集中无效(代码页 65001)。
  (编译源文件“x64/Release/qt/moc/moc_mytitlebar.cpp”)
  
G:\QMacVisual(CV3)(25000)\QMacVisual(CV3)2022.9.21(25000)\QMacVisual(CV3)\QPlugins\GeometryMeasure\EdgeWidthMeasure\mytitlebar.h(1,1): warning C4828: 文件包含在偏移 0x55a 处开始的字符，该字符在当前源字符集中无效(代码页 65001)。
  (编译源文件“x64/Release/qt/moc/moc_mytitlebar.cpp”)
  
G:\QMacVisual(CV3)(25000)\QMacVisual(CV3)2022.9.21(25000)\QMacVisual(CV3)\QPlugins\GeometryMeasure\EdgeWidthMeasure\mytitlebar.h(1,1): warning C4828: 文件包含在偏移 0x55b 处开始的字符，该字符在当前源字符集中无效(代码页 65001)。
  (编译源文件“x64/Release/qt/moc/moc_mytitlebar.cpp”)
  
G:\QMacVisual(CV3)(25000)\QMacVisual(CV3)2022.9.21(25000)\QMacVisual(CV3)\QPlugins\GeometryMeasure\EdgeWidthMeasure\mytitlebar.h(1,1): warning C4828: 文件包含在偏移 0x55c 处开始的字符，该字符在当前源字符集中无效(代码页 65001)。
  (编译源文件“x64/Release/qt/moc/moc_mytitlebar.cpp”)
  
G:\QMacVisual(CV3)(25000)\QMacVisual(CV3)2022.9.21(25000)\QMacVisual(CV3)\QPlugins\GeometryMeasure\EdgeWidthMeasure\mytitlebar.h(1,1): warning C4828: 文件包含在偏移 0x55d 处开始的字符，该字符在当前源字符集中无效(代码页 65001)。
  (编译源文件“x64/Release/qt/moc/moc_mytitlebar.cpp”)
  
G:\QMacVisual(CV3)(25000)\QMacVisual(CV3)2022.9.21(25000)\QMacVisual(CV3)\QPlugins\GeometryMeasure\EdgeWidthMeasure\mytitlebar.h(1,1): warning C4828: 文件包含在偏移 0x561 处开始的字符，该字符在当前源字符集中无效(代码页 65001)。
  (编译源文件“x64/Release/qt/moc/moc_mytitlebar.cpp”)
  
G:\QMacVisual(CV3)(25000)\QMacVisual(CV3)2022.9.21(25000)\QMacVisual(CV3)\QPlugins\GeometryMeasure\EdgeWidthMeasure\mytitlebar.h(1,1): warning C4828: 文件包含在偏移 0x603 处开始的字符，该字符在当前源字符集中无效(代码页 65001)。
  (编译源文件“x64/Release/qt/moc/moc_mytitlebar.cpp”)
  
G:\QMacVisual(CV3)(25000)\QMacVisual(CV3)2022.9.21(25000)\QMacVisual(CV3)\QPlugins\GeometryMeasure\EdgeWidthMeasure\mytitlebar.h(1,1): warning C4828: 文件包含在偏移 0x604 处开始的字符，该字符在当前源字符集中无效(代码页 65001)。
  (编译源文件“x64/Release/qt/moc/moc_mytitlebar.cpp”)
  
G:\QMacVisual(CV3)(25000)\QMacVisual(CV3)2022.9.21(25000)\QMacVisual(CV3)\QPlugins\GeometryMeasure\EdgeWidthMeasure\mytitlebar.h(1,1): warning C4828: 文件包含在偏移 0x607 处开始的字符，该字符在当前源字符集中无效(代码页 65001)。
  (编译源文件“x64/Release/qt/moc/moc_mytitlebar.cpp”)
  
G:\QMacVisual(CV3)(25000)\QMacVisual(CV3)2022.9.21(25000)\QMacVisual(CV3)\QPlugins\GeometryMeasure\EdgeWidthMeasure\mytitlebar.h(1,1): warning C4828: 文件包含在偏移 0x608 处开始的字符，该字符在当前源字符集中无效(代码页 65001)。
  (编译源文件“x64/Release/qt/moc/moc_mytitlebar.cpp”)
  
G:\QMacVisual(CV3)(25000)\QMacVisual(CV3)2022.9.21(25000)\QMacVisual(CV3)\QPlugins\GeometryMeasure\EdgeWidthMeasure\mytitlebar.h(1,1): warning C4828: 文件包含在偏移 0x609 处开始的字符，该字符在当前源字符集中无效(代码页 65001)。
  (编译源文件“x64/Release/qt/moc/moc_mytitlebar.cpp”)
  
G:\QMacVisual(CV3)(25000)\QMacVisual(CV3)2022.9.21(25000)\QMacVisual(CV3)\QPlugins\GeometryMeasure\EdgeWidthMeasure\mytitlebar.h(1,1): warning C4828: 文件包含在偏移 0x60a 处开始的字符，该字符在当前源字符集中无效(代码页 65001)。
  (编译源文件“x64/Release/qt/moc/moc_mytitlebar.cpp”)
  
G:\QMacVisual(CV3)(25000)\QMacVisual(CV3)2022.9.21(25000)\QMacVisual(CV3)\QPlugins\GeometryMeasure\EdgeWidthMeasure\mytitlebar.h(1,1): warning C4828: 文件包含在偏移 0x60b 处开始的字符，该字符在当前源字符集中无效(代码页 65001)。
  (编译源文件“x64/Release/qt/moc/moc_mytitlebar.cpp”)
  
G:\QMacVisual(CV3)(25000)\QMacVisual(CV3)2022.9.21(25000)\QMacVisual(CV3)\QPlugins\GeometryMeasure\EdgeWidthMeasure\mytitlebar.h(1,1): warning C4828: 文件包含在偏移 0x610 处开始的字符，该字符在当前源字符集中无效(代码页 65001)。
  (编译源文件“x64/Release/qt/moc/moc_mytitlebar.cpp”)
  
G:\QMacVisual(CV3)(25000)\QMacVisual(CV3)2022.9.21(25000)\QMacVisual(CV3)\QPlugins\GeometryMeasure\EdgeWidthMeasure\mytitlebar.h(1,1): warning C4828: 文件包含在偏移 0x611 处开始的字符，该字符在当前源字符集中无效(代码页 65001)。
  (编译源文件“x64/Release/qt/moc/moc_mytitlebar.cpp”)
  
G:\QMacVisual(CV3)(25000)\QMacVisual(CV3)2022.9.21(25000)\QMacVisual(CV3)\QPlugins\GeometryMeasure\EdgeWidthMeasure\mytitlebar.h(1,1): warning C4828: 文件包含在偏移 0x6c9 处开始的字符，该字符在当前源字符集中无效(代码页 65001)。
  (编译源文件“x64/Release/qt/moc/moc_mytitlebar.cpp”)
  
G:\QMacVisual(CV3)(25000)\QMacVisual(CV3)2022.9.21(25000)\QMacVisual(CV3)\QPlugins\GeometryMeasure\EdgeWidthMeasure\mytitlebar.h(1,1): warning C4828: 文件包含在偏移 0x6ca 处开始的字符，该字符在当前源字符集中无效(代码页 65001)。
  (编译源文件“x64/Release/qt/moc/moc_mytitlebar.cpp”)
  
G:\QMacVisual(CV3)(25000)\QMacVisual(CV3)2022.9.21(25000)\QMacVisual(CV3)\QPlugins\GeometryMeasure\EdgeWidthMeasure\mytitlebar.h(1,1): warning C4828: 文件包含在偏移 0x6cd 处开始的字符，该字符在当前源字符集中无效(代码页 65001)。
  (编译源文件“x64/Release/qt/moc/moc_mytitlebar.cpp”)
  
G:\QMacVisual(CV3)(25000)\QMacVisual(CV3)2022.9.21(25000)\QMacVisual(CV3)\QPlugins\GeometryMeasure\EdgeWidthMeasure\mytitlebar.h(1,1): warning C4828: 文件包含在偏移 0x6ce 处开始的字符，该字符在当前源字符集中无效(代码页 65001)。
  (编译源文件“x64/Release/qt/moc/moc_mytitlebar.cpp”)
  
G:\QMacVisual(CV3)(25000)\QMacVisual(CV3)2022.9.21(25000)\QMacVisual(CV3)\QPlugins\GeometryMeasure\EdgeWidthMeasure\mytitlebar.h(1,1): warning C4828: 文件包含在偏移 0x6d1 处开始的字符，该字符在当前源字符集中无效(代码页 65001)。
  (编译源文件“x64/Release/qt/moc/moc_mytitlebar.cpp”)
  
G:\QMacVisual(CV3)(25000)\QMacVisual(CV3)2022.9.21(25000)\QMacVisual(CV3)\QPlugins\GeometryMeasure\EdgeWidthMeasure\mytitlebar.h(1,1): warning C4828: 文件包含在偏移 0x6d2 处开始的字符，该字符在当前源字符集中无效(代码页 65001)。
  (编译源文件“x64/Release/qt/moc/moc_mytitlebar.cpp”)
  
G:\QMacVisual(CV3)(25000)\QMacVisual(CV3)2022.9.21(25000)\QMacVisual(CV3)\QPlugins\GeometryMeasure\EdgeWidthMeasure\mytitlebar.h(1,1): warning C4828: 文件包含在偏移 0x6f3 处开始的字符，该字符在当前源字符集中无效(代码页 65001)。
  (编译源文件“x64/Release/qt/moc/moc_mytitlebar.cpp”)
  
G:\QMacVisual(CV3)(25000)\QMacVisual(CV3)2022.9.21(25000)\QMacVisual(CV3)\QPlugins\GeometryMeasure\EdgeWidthMeasure\mytitlebar.h(1,1): warning C4828: 文件包含在偏移 0x6f4 处开始的字符，该字符在当前源字符集中无效(代码页 65001)。
  (编译源文件“x64/Release/qt/moc/moc_mytitlebar.cpp”)
  
G:\QMacVisual(CV3)(25000)\QMacVisual(CV3)2022.9.21(25000)\QMacVisual(CV3)\QPlugins\GeometryMeasure\EdgeWidthMeasure\mytitlebar.h(1,1): warning C4828: 文件包含在偏移 0x6f7 处开始的字符，该字符在当前源字符集中无效(代码页 65001)。
  (编译源文件“x64/Release/qt/moc/moc_mytitlebar.cpp”)
  
G:\QMacVisual(CV3)(25000)\QMacVisual(CV3)2022.9.21(25000)\QMacVisual(CV3)\QPlugins\GeometryMeasure\EdgeWidthMeasure\mytitlebar.h(1,1): warning C4828: 文件包含在偏移 0x6f8 处开始的字符，该字符在当前源字符集中无效(代码页 65001)。
  (编译源文件“x64/Release/qt/moc/moc_mytitlebar.cpp”)
  
G:\QMacVisual(CV3)(25000)\QMacVisual(CV3)2022.9.21(25000)\QMacVisual(CV3)\QPlugins\GeometryMeasure\EdgeWidthMeasure\mytitlebar.h(1,1): warning C4828: 文件包含在偏移 0x6f9 处开始的字符，该字符在当前源字符集中无效(代码页 65001)。
  (编译源文件“x64/Release/qt/moc/moc_mytitlebar.cpp”)
  
G:\QMacVisual(CV3)(25000)\QMacVisual(CV3)2022.9.21(25000)\QMacVisual(CV3)\QPlugins\GeometryMeasure\EdgeWidthMeasure\mytitlebar.h(1,1): warning C4828: 文件包含在偏移 0x6fb 处开始的字符，该字符在当前源字符集中无效(代码页 65001)。
  (编译源文件“x64/Release/qt/moc/moc_mytitlebar.cpp”)
  
G:\QMacVisual(CV3)(25000)\QMacVisual(CV3)2022.9.21(25000)\QMacVisual(CV3)\QPlugins\GeometryMeasure\EdgeWidthMeasure\mytitlebar.h(1,1): warning C4828: 文件包含在偏移 0x71f 处开始的字符，该字符在当前源字符集中无效(代码页 65001)。
  (编译源文件“x64/Release/qt/moc/moc_mytitlebar.cpp”)
  
G:\QMacVisual(CV3)(25000)\QMacVisual(CV3)2022.9.21(25000)\QMacVisual(CV3)\QPlugins\GeometryMeasure\EdgeWidthMeasure\mytitlebar.h(1,1): warning C4828: 文件包含在偏移 0x723 处开始的字符，该字符在当前源字符集中无效(代码页 65001)。
  (编译源文件“x64/Release/qt/moc/moc_mytitlebar.cpp”)
  
G:\QMacVisual(CV3)(25000)\QMacVisual(CV3)2022.9.21(25000)\QMacVisual(CV3)\QPlugins\GeometryMeasure\EdgeWidthMeasure\mytitlebar.h(1,1): warning C4828: 文件包含在偏移 0x724 处开始的字符，该字符在当前源字符集中无效(代码页 65001)。
  (编译源文件“x64/Release/qt/moc/moc_mytitlebar.cpp”)
  
G:\QMacVisual(CV3)(25000)\QMacVisual(CV3)2022.9.21(25000)\QMacVisual(CV3)\QPlugins\GeometryMeasure\EdgeWidthMeasure\mytitlebar.h(1,1): warning C4828: 文件包含在偏移 0x725 处开始的字符，该字符在当前源字符集中无效(代码页 65001)。
  (编译源文件“x64/Release/qt/moc/moc_mytitlebar.cpp”)
  
G:\QMacVisual(CV3)(25000)\QMacVisual(CV3)2022.9.21(25000)\QMacVisual(CV3)\QPlugins\GeometryMeasure\EdgeWidthMeasure\mytitlebar.h(1,1): warning C4828: 文件包含在偏移 0x726 处开始的字符，该字符在当前源字符集中无效(代码页 65001)。
  (编译源文件“x64/Release/qt/moc/moc_mytitlebar.cpp”)
  
G:\QMacVisual(CV3)(25000)\QMacVisual(CV3)2022.9.21(25000)\QMacVisual(CV3)\QPlugins\GeometryMeasure\EdgeWidthMeasure\mytitlebar.h(1,1): warning C4828: 文件包含在偏移 0x74e 处开始的字符，该字符在当前源字符集中无效(代码页 65001)。
  (编译源文件“x64/Release/qt/moc/moc_mytitlebar.cpp”)
  
G:\QMacVisual(CV3)(25000)\QMacVisual(CV3)2022.9.21(25000)\QMacVisual(CV3)\QPlugins\GeometryMeasure\EdgeWidthMeasure\mytitlebar.h(1,1): warning C4828: 文件包含在偏移 0x750 处开始的字符，该字符在当前源字符集中无效(代码页 65001)。
  (编译源文件“x64/Release/qt/moc/moc_mytitlebar.cpp”)
  
G:\QMacVisual(CV3)(25000)\QMacVisual(CV3)2022.9.21(25000)\QMacVisual(CV3)\QPlugins\GeometryMeasure\EdgeWidthMeasure\mytitlebar.h(1,1): warning C4828: 文件包含在偏移 0x755 处开始的字符，该字符在当前源字符集中无效(代码页 65001)。
  (编译源文件“x64/Release/qt/moc/moc_mytitlebar.cpp”)
  
G:\QMacVisual(CV3)(25000)\QMacVisual(CV3)2022.9.21(25000)\QMacVisual(CV3)\QPlugins\GeometryMeasure\EdgeWidthMeasure\mytitlebar.h(1,1): warning C4828: 文件包含在偏移 0x758 处开始的字符，该字符在当前源字符集中无效(代码页 65001)。
  (编译源文件“x64/Release/qt/moc/moc_mytitlebar.cpp”)
  
G:\QMacVisual(CV3)(25000)\QMacVisual(CV3)2022.9.21(25000)\QMacVisual(CV3)\QPlugins\GeometryMeasure\EdgeWidthMeasure\mytitlebar.h(1,1): warning C4828: 文件包含在偏移 0x759 处开始的字符，该字符在当前源字符集中无效(代码页 65001)。
  (编译源文件“x64/Release/qt/moc/moc_mytitlebar.cpp”)
  
G:\QMacVisual(CV3)(25000)\QMacVisual(CV3)2022.9.21(25000)\QMacVisual(CV3)\QPlugins\GeometryMeasure\EdgeWidthMeasure\mytitlebar.h(1,1): warning C4828: 文件包含在偏移 0x77e 处开始的字符，该字符在当前源字符集中无效(代码页 65001)。
  (编译源文件“x64/Release/qt/moc/moc_mytitlebar.cpp”)
  
G:\QMacVisual(CV3)(25000)\QMacVisual(CV3)2022.9.21(25000)\QMacVisual(CV3)\QPlugins\GeometryMeasure\EdgeWidthMeasure\mytitlebar.h(1,1): warning C4828: 文件包含在偏移 0x780 处开始的字符，该字符在当前源字符集中无效(代码页 65001)。
  (编译源文件“x64/Release/qt/moc/moc_mytitlebar.cpp”)
  
G:\QMacVisual(CV3)(25000)\QMacVisual(CV3)2022.9.21(25000)\QMacVisual(CV3)\QPlugins\GeometryMeasure\EdgeWidthMeasure\mytitlebar.h(1,1): warning C4828: 文件包含在偏移 0x785 处开始的字符，该字符在当前源字符集中无效(代码页 65001)。
  (编译源文件“x64/Release/qt/moc/moc_mytitlebar.cpp”)
  
G:\QMacVisual(CV3)(25000)\QMacVisual(CV3)2022.9.21(25000)\QMacVisual(CV3)\QPlugins\GeometryMeasure\EdgeWidthMeasure\mytitlebar.h(1,1): warning C4828: 文件包含在偏移 0x7ab 处开始的字符，该字符在当前源字符集中无效(代码页 65001)。
  (编译源文件“x64/Release/qt/moc/moc_mytitlebar.cpp”)
  
G:\QMacVisual(CV3)(25000)\QMacVisual(CV3)2022.9.21(25000)\QMacVisual(CV3)\QPlugins\GeometryMeasure\EdgeWidthMeasure\mytitlebar.h(1,1): warning C4828: 文件包含在偏移 0x7b0 处开始的字符，该字符在当前源字符集中无效(代码页 65001)。
  (编译源文件“x64/Release/qt/moc/moc_mytitlebar.cpp”)
  
G:\QMacVisual(CV3)(25000)\QMacVisual(CV3)2022.9.21(25000)\QMacVisual(CV3)\QPlugins\GeometryMeasure\EdgeWidthMeasure\mytitlebar.h(1,1): warning C4828: 文件包含在偏移 0x7b9 处开始的字符，该字符在当前源字符集中无效(代码页 65001)。
  (编译源文件“x64/Release/qt/moc/moc_mytitlebar.cpp”)
  
G:\QMacVisual(CV3)(25000)\QMacVisual(CV3)2022.9.21(25000)\QMacVisual(CV3)\QPlugins\GeometryMeasure\EdgeWidthMeasure\mytitlebar.h(1,1): warning C4828: 文件包含在偏移 0x7ba 处开始的字符，该字符在当前源字符集中无效(代码页 65001)。
  (编译源文件“x64/Release/qt/moc/moc_mytitlebar.cpp”)
  
G:\QMacVisual(CV3)(25000)\QMacVisual(CV3)2022.9.21(25000)\QMacVisual(CV3)\QPlugins\GeometryMeasure\EdgeWidthMeasure\mytitlebar.h(1,1): warning C4828: 文件包含在偏移 0x7bd 处开始的字符，该字符在当前源字符集中无效(代码页 65001)。
  (编译源文件“x64/Release/qt/moc/moc_mytitlebar.cpp”)
  
G:\QMacVisual(CV3)(25000)\QMacVisual(CV3)2022.9.21(25000)\QMacVisual(CV3)\QPlugins\GeometryMeasure\EdgeWidthMeasure\mytitlebar.h(1,1): warning C4828: 文件包含在偏移 0x7be 处开始的字符，该字符在当前源字符集中无效(代码页 65001)。
  (编译源文件“x64/Release/qt/moc/moc_mytitlebar.cpp”)
  
G:\QMacVisual(CV3)(25000)\QMacVisual(CV3)2022.9.21(25000)\QMacVisual(CV3)\QPlugins\GeometryMeasure\EdgeWidthMeasure\mytitlebar.h(1,1): warning C4828: 文件包含在偏移 0x7bf 处开始的字符，该字符在当前源字符集中无效(代码页 65001)。
  (编译源文件“x64/Release/qt/moc/moc_mytitlebar.cpp”)
  
G:\QMacVisual(CV3)(25000)\QMacVisual(CV3)2022.9.21(25000)\QMacVisual(CV3)\QPlugins\GeometryMeasure\EdgeWidthMeasure\mytitlebar.h(1,1): warning C4828: 文件包含在偏移 0x7c0 处开始的字符，该字符在当前源字符集中无效(代码页 65001)。
  (编译源文件“x64/Release/qt/moc/moc_mytitlebar.cpp”)
  
G:\QMacVisual(CV3)(25000)\QMacVisual(CV3)2022.9.21(25000)\QMacVisual(CV3)\QPlugins\GeometryMeasure\EdgeWidthMeasure\mytitlebar.h(1,1): warning C4828: 文件包含在偏移 0x7c1 处开始的字符，该字符在当前源字符集中无效(代码页 65001)。
  (编译源文件“x64/Release/qt/moc/moc_mytitlebar.cpp”)
  
G:\QMacVisual(CV3)(25000)\QMacVisual(CV3)2022.9.21(25000)\QMacVisual(CV3)\QPlugins\GeometryMeasure\EdgeWidthMeasure\mytitlebar.h(1,1): warning C4828: 文件包含在偏移 0x7c2 处开始的字符，该字符在当前源字符集中无效(代码页 65001)。
  (编译源文件“x64/Release/qt/moc/moc_mytitlebar.cpp”)
  
G:\QMacVisual(CV3)(25000)\QMacVisual(CV3)2022.9.21(25000)\QMacVisual(CV3)\QPlugins\GeometryMeasure\EdgeWidthMeasure\mytitlebar.h(1,1): warning C4828: 文件包含在偏移 0x7fa 处开始的字符，该字符在当前源字符集中无效(代码页 65001)。
  (编译源文件“x64/Release/qt/moc/moc_mytitlebar.cpp”)
  
G:\QMacVisual(CV3)(25000)\QMacVisual(CV3)2022.9.21(25000)\QMacVisual(CV3)\QPlugins\GeometryMeasure\EdgeWidthMeasure\mytitlebar.h(1,1): warning C4828: 文件包含在偏移 0x7fc 处开始的字符，该字符在当前源字符集中无效(代码页 65001)。
  (编译源文件“x64/Release/qt/moc/moc_mytitlebar.cpp”)
  
G:\QMacVisual(CV3)(25000)\QMacVisual(CV3)2022.9.21(25000)\QMacVisual(CV3)\QPlugins\GeometryMeasure\EdgeWidthMeasure\mytitlebar.h(1,1): warning C4828: 文件包含在偏移 0x801 处开始的字符，该字符在当前源字符集中无效(代码页 65001)。
  (编译源文件“x64/Release/qt/moc/moc_mytitlebar.cpp”)
  
G:\QMacVisual(CV3)(25000)\QMacVisual(CV3)2022.9.21(25000)\QMacVisual(CV3)\QPlugins\GeometryMeasure\EdgeWidthMeasure\mytitlebar.h(1,1): warning C4828: 文件包含在偏移 0x802 处开始的字符，该字符在当前源字符集中无效(代码页 65001)。
  (编译源文件“x64/Release/qt/moc/moc_mytitlebar.cpp”)
  
G:\QMacVisual(CV3)(25000)\QMacVisual(CV3)2022.9.21(25000)\QMacVisual(CV3)\QPlugins\GeometryMeasure\EdgeWidthMeasure\mytitlebar.h(1,1): warning C4828: 文件包含在偏移 0x806 处开始的字符，该字符在当前源字符集中无效(代码页 65001)。
  (编译源文件“x64/Release/qt/moc/moc_mytitlebar.cpp”)
  
G:\QMacVisual(CV3)(25000)\QMacVisual(CV3)2022.9.21(25000)\QMacVisual(CV3)\QPlugins\GeometryMeasure\EdgeWidthMeasure\mytitlebar.h(1,1): warning C4828: 文件包含在偏移 0x807 处开始的字符，该字符在当前源字符集中无效(代码页 65001)。
  (编译源文件“x64/Release/qt/moc/moc_mytitlebar.cpp”)
  
G:\QMacVisual(CV3)(25000)\QMacVisual(CV3)2022.9.21(25000)\QMacVisual(CV3)\QPlugins\GeometryMeasure\EdgeWidthMeasure\mytitlebar.h(1,1): warning C4828: 文件包含在偏移 0x808 处开始的字符，该字符在当前源字符集中无效(代码页 65001)。
  (编译源文件“x64/Release/qt/moc/moc_mytitlebar.cpp”)
  
G:\QMacVisual(CV3)(25000)\QMacVisual(CV3)2022.9.21(25000)\QMacVisual(CV3)\QPlugins\GeometryMeasure\EdgeWidthMeasure\mytitlebar.h(1,1): warning C4828: 文件包含在偏移 0x809 处开始的字符，该字符在当前源字符集中无效(代码页 65001)。
  (编译源文件“x64/Release/qt/moc/moc_mytitlebar.cpp”)
  
G:\QMacVisual(CV3)(25000)\QMacVisual(CV3)2022.9.21(25000)\QMacVisual(CV3)\QPlugins\GeometryMeasure\EdgeWidthMeasure\mytitlebar.h(1,1): warning C4828: 文件包含在偏移 0x83f 处开始的字符，该字符在当前源字符集中无效(代码页 65001)。
  (编译源文件“x64/Release/qt/moc/moc_mytitlebar.cpp”)
  
G:\QMacVisual(CV3)(25000)\QMacVisual(CV3)2022.9.21(25000)\QMacVisual(CV3)\QPlugins\GeometryMeasure\EdgeWidthMeasure\mytitlebar.h(1,1): warning C4828: 文件包含在偏移 0x841 处开始的字符，该字符在当前源字符集中无效(代码页 65001)。
  (编译源文件“x64/Release/qt/moc/moc_mytitlebar.cpp”)
  
G:\QMacVisual(CV3)(25000)\QMacVisual(CV3)2022.9.21(25000)\QMacVisual(CV3)\QPlugins\GeometryMeasure\EdgeWidthMeasure\mytitlebar.h(1,1): warning C4828: 文件包含在偏移 0x842 处开始的字符，该字符在当前源字符集中无效(代码页 65001)。
  (编译源文件“x64/Release/qt/moc/moc_mytitlebar.cpp”)
  
G:\QMacVisual(CV3)(25000)\QMacVisual(CV3)2022.9.21(25000)\QMacVisual(CV3)\QPlugins\GeometryMeasure\EdgeWidthMeasure\mytitlebar.h(1,1): warning C4828: 文件包含在偏移 0x843 处开始的字符，该字符在当前源字符集中无效(代码页 65001)。
  (编译源文件“x64/Release/qt/moc/moc_mytitlebar.cpp”)
  
G:\QMacVisual(CV3)(25000)\QMacVisual(CV3)2022.9.21(25000)\QMacVisual(CV3)\QPlugins\GeometryMeasure\EdgeWidthMeasure\mytitlebar.h(1,1): warning C4828: 文件包含在偏移 0x844 处开始的字符，该字符在当前源字符集中无效(代码页 65001)。
  (编译源文件“x64/Release/qt/moc/moc_mytitlebar.cpp”)
  
G:\QMacVisual(CV3)(25000)\QMacVisual(CV3)2022.9.21(25000)\QMacVisual(CV3)\QPlugins\GeometryMeasure\EdgeWidthMeasure\mytitlebar.h(1,1): warning C4828: 文件包含在偏移 0x845 处开始的字符，该字符在当前源字符集中无效(代码页 65001)。
  (编译源文件“x64/Release/qt/moc/moc_mytitlebar.cpp”)
  
G:\QMacVisual(CV3)(25000)\QMacVisual(CV3)2022.9.21(25000)\QMacVisual(CV3)\QPlugins\GeometryMeasure\EdgeWidthMeasure\mytitlebar.h(1,1): warning C4828: 文件包含在偏移 0x84a 处开始的字符，该字符在当前源字符集中无效(代码页 65001)。
  (编译源文件“x64/Release/qt/moc/moc_mytitlebar.cpp”)
  
G:\QMacVisual(CV3)(25000)\QMacVisual(CV3)2022.9.21(25000)\QMacVisual(CV3)\QPlugins\GeometryMeasure\EdgeWidthMeasure\mytitlebar.h(1,1): warning C4828: 文件包含在偏移 0x87f 处开始的字符，该字符在当前源字符集中无效(代码页 65001)。
  (编译源文件“x64/Release/qt/moc/moc_mytitlebar.cpp”)
  
G:\QMacVisual(CV3)(25000)\QMacVisual(CV3)2022.9.21(25000)\QMacVisual(CV3)\QPlugins\GeometryMeasure\EdgeWidthMeasure\mytitlebar.h(1,1): warning C4828: 文件包含在偏移 0x880 处开始的字符，该字符在当前源字符集中无效(代码页 65001)。
  (编译源文件“x64/Release/qt/moc/moc_mytitlebar.cpp”)
  
G:\QMacVisual(CV3)(25000)\QMacVisual(CV3)2022.9.21(25000)\QMacVisual(CV3)\QPlugins\GeometryMeasure\EdgeWidthMeasure\mytitlebar.h(1,1): warning C4828: 文件包含在偏移 0x883 处开始的字符，该字符在当前源字符集中无效(代码页 65001)。
  (编译源文件“x64/Release/qt/moc/moc_mytitlebar.cpp”)
  
G:\QMacVisual(CV3)(25000)\QMacVisual(CV3)2022.9.21(25000)\QMacVisual(CV3)\QPlugins\GeometryMeasure\EdgeWidthMeasure\mytitlebar.h(1,1): warning C4828: 文件包含在偏移 0x884 处开始的字符，该字符在当前源字符集中无效(代码页 65001)。
  (编译源文件“x64/Release/qt/moc/moc_mytitlebar.cpp”)
  
G:\QMacVisual(CV3)(25000)\QMacVisual(CV3)2022.9.21(25000)\QMacVisual(CV3)\QPlugins\GeometryMeasure\EdgeWidthMeasure\mytitlebar.h(1,1): warning C4828: 文件包含在偏移 0x885 处开始的字符，该字符在当前源字符集中无效(代码页 65001)。
  (编译源文件“x64/Release/qt/moc/moc_mytitlebar.cpp”)
  
G:\QMacVisual(CV3)(25000)\QMacVisual(CV3)2022.9.21(25000)\QMacVisual(CV3)\QPlugins\GeometryMeasure\EdgeWidthMeasure\mytitlebar.h(1,1): warning C4828: 文件包含在偏移 0x887 处开始的字符，该字符在当前源字符集中无效(代码页 65001)。
  (编译源文件“x64/Release/qt/moc/moc_mytitlebar.cpp”)
  
G:\QMacVisual(CV3)(25000)\QMacVisual(CV3)2022.9.21(25000)\QMacVisual(CV3)\QPlugins\GeometryMeasure\EdgeWidthMeasure\mytitlebar.h(1,1): warning C4828: 文件包含在偏移 0x889 处开始的字符，该字符在当前源字符集中无效(代码页 65001)。
  (编译源文件“x64/Release/qt/moc/moc_mytitlebar.cpp”)
  
G:\QMacVisual(CV3)(25000)\QMacVisual(CV3)2022.9.21(25000)\QMacVisual(CV3)\QPlugins\GeometryMeasure\EdgeWidthMeasure\mytitlebar.h(1,1): warning C4828: 文件包含在偏移 0x88a 处开始的字符，该字符在当前源字符集中无效(代码页 65001)。
  (编译源文件“x64/Release/qt/moc/moc_mytitlebar.cpp”)
  
G:\QMacVisual(CV3)(25000)\QMacVisual(CV3)2022.9.21(25000)\QMacVisual(CV3)\QPlugins\GeometryMeasure\EdgeWidthMeasure\mytitlebar.h(1,1): warning C4828: 文件包含在偏移 0x88c 处开始的字符，该字符在当前源字符集中无效(代码页 65001)。
  (编译源文件“x64/Release/qt/moc/moc_mytitlebar.cpp”)
  
G:\QMacVisual(CV3)(25000)\QMacVisual(CV3)2022.9.21(25000)\QMacVisual(CV3)\QPlugins\GeometryMeasure\EdgeWidthMeasure\mytitlebar.h(1,1): warning C4828: 文件包含在偏移 0x88d 处开始的字符，该字符在当前源字符集中无效(代码页 65001)。
  (编译源文件“x64/Release/qt/moc/moc_mytitlebar.cpp”)
  
G:\QMacVisual(CV3)(25000)\QMacVisual(CV3)2022.9.21(25000)\QMacVisual(CV3)\QPlugins\GeometryMeasure\EdgeWidthMeasure\mytitlebar.h(1,1): warning C4828: 文件包含在偏移 0x88e 处开始的字符，该字符在当前源字符集中无效(代码页 65001)。
  (编译源文件“x64/Release/qt/moc/moc_mytitlebar.cpp”)
  
G:\QMacVisual(CV3)(25000)\QMacVisual(CV3)2022.9.21(25000)\QMacVisual(CV3)\QPlugins\GeometryMeasure\EdgeWidthMeasure\mytitlebar.h(1,1): warning C4828: 文件包含在偏移 0x891 处开始的字符，该字符在当前源字符集中无效(代码页 65001)。
  (编译源文件“x64/Release/qt/moc/moc_mytitlebar.cpp”)
  
G:\QMacVisual(CV3)(25000)\QMacVisual(CV3)2022.9.21(25000)\QMacVisual(CV3)\QPlugins\GeometryMeasure\EdgeWidthMeasure\mytitlebar.h(1,1): warning C4828: 文件包含在偏移 0x8b3 处开始的字符，该字符在当前源字符集中无效(代码页 65001)。
  (编译源文件“x64/Release/qt/moc/moc_mytitlebar.cpp”)
  
G:\QMacVisual(CV3)(25000)\QMacVisual(CV3)2022.9.21(25000)\QMacVisual(CV3)\QPlugins\GeometryMeasure\EdgeWidthMeasure\mytitlebar.h(1,1): warning C4828: 文件包含在偏移 0x8b4 处开始的字符，该字符在当前源字符集中无效(代码页 65001)。
  (编译源文件“x64/Release/qt/moc/moc_mytitlebar.cpp”)
  
G:\QMacVisual(CV3)(25000)\QMacVisual(CV3)2022.9.21(25000)\QMacVisual(CV3)\QPlugins\GeometryMeasure\EdgeWidthMeasure\mytitlebar.h(1,1): warning C4828: 文件包含在偏移 0x8b7 处开始的字符，该字符在当前源字符集中无效(代码页 65001)。
  (编译源文件“x64/Release/qt/moc/moc_mytitlebar.cpp”)
  
G:\QMacVisual(CV3)(25000)\QMacVisual(CV3)2022.9.21(25000)\QMacVisual(CV3)\QPlugins\GeometryMeasure\EdgeWidthMeasure\mytitlebar.h(1,1): warning C4828: 文件包含在偏移 0x8b8 处开始的字符，该字符在当前源字符集中无效(代码页 65001)。
  (编译源文件“x64/Release/qt/moc/moc_mytitlebar.cpp”)
  
G:\QMacVisual(CV3)(25000)\QMacVisual(CV3)2022.9.21(25000)\QMacVisual(CV3)\QPlugins\GeometryMeasure\EdgeWidthMeasure\mytitlebar.h(1,1): warning C4828: 文件包含在偏移 0x8b9 处开始的字符，该字符在当前源字符集中无效(代码页 65001)。
  (编译源文件“x64/Release/qt/moc/moc_mytitlebar.cpp”)
  
G:\QMacVisual(CV3)(25000)\QMacVisual(CV3)2022.9.21(25000)\QMacVisual(CV3)\QPlugins\GeometryMeasure\EdgeWidthMeasure\mytitlebar.h(1,1): warning C4828: 文件包含在偏移 0x8bb 处开始的字符，该字符在当前源字符集中无效(代码页 65001)。
  (编译源文件“x64/Release/qt/moc/moc_mytitlebar.cpp”)
  
G:\QMacVisual(CV3)(25000)\QMacVisual(CV3)2022.9.21(25000)\QMacVisual(CV3)\QPlugins\GeometryMeasure\EdgeWidthMeasure\mytitlebar.h(1,1): warning C4828: 文件包含在偏移 0x8dc 处开始的字符，该字符在当前源字符集中无效(代码页 65001)。
  (编译源文件“x64/Release/qt/moc/moc_mytitlebar.cpp”)
  
G:\QMacVisual(CV3)(25000)\QMacVisual(CV3)2022.9.21(25000)\QMacVisual(CV3)\QPlugins\GeometryMeasure\EdgeWidthMeasure\mytitlebar.h(1,1): warning C4828: 文件包含在偏移 0x8dd 处开始的字符，该字符在当前源字符集中无效(代码页 65001)。
  (编译源文件“x64/Release/qt/moc/moc_mytitlebar.cpp”)
  
G:\QMacVisual(CV3)(25000)\QMacVisual(CV3)2022.9.21(25000)\QMacVisual(CV3)\QPlugins\GeometryMeasure\EdgeWidthMeasure\mytitlebar.h(1,1): warning C4828: 文件包含在偏移 0x8e0 处开始的字符，该字符在当前源字符集中无效(代码页 65001)。
  (编译源文件“x64/Release/qt/moc/moc_mytitlebar.cpp”)
  
G:\QMacVisual(CV3)(25000)\QMacVisual(CV3)2022.9.21(25000)\QMacVisual(CV3)\QPlugins\GeometryMeasure\EdgeWidthMeasure\mytitlebar.h(1,1): warning C4828: 文件包含在偏移 0x8e1 处开始的字符，该字符在当前源字符集中无效(代码页 65001)。
  (编译源文件“x64/Release/qt/moc/moc_mytitlebar.cpp”)
  
  moc_ControlItem.cpp
  moc_EdgeWidthMeasure.cpp
G:\QMacVisual(CV3)(25000)\QMacVisual(CV3)2022.9.21(25000)\QMacVisual(CV3)\QPlugins\GeometryMeasure\EdgeWidthMeasure\gvariable.h(1,1): warning C4828: 文件包含在偏移 0xa1 处开始的字符，该字符在当前源字符集中无效(代码页 65001)。
  (编译源文件“x64/Release/qt/moc/moc_QToolBase.cpp”)
  
G:\QMacVisual(CV3)(25000)\QMacVisual(CV3)2022.9.21(25000)\QMacVisual(CV3)\QPlugins\GeometryMeasure\EdgeWidthMeasure\gvariable.h(1,1): warning C4828: 文件包含在偏移 0xa2 处开始的字符，该字符在当前源字符集中无效(代码页 65001)。
  (编译源文件“x64/Release/qt/moc/moc_QToolBase.cpp”)
  
G:\QMacVisual(CV3)(25000)\QMacVisual(CV3)2022.9.21(25000)\QMacVisual(CV3)\QPlugins\GeometryMeasure\EdgeWidthMeasure\gvariable.h(1,1): warning C4828: 文件包含在偏移 0xa3 处开始的字符，该字符在当前源字符集中无效(代码页 65001)。
  (编译源文件“x64/Release/qt/moc/moc_QToolBase.cpp”)
  
G:\QMacVisual(CV3)(25000)\QMacVisual(CV3)2022.9.21(25000)\QMacVisual(CV3)\QPlugins\GeometryMeasure\EdgeWidthMeasure\gvariable.h(1,1): warning C4828: 文件包含在偏移 0xa7 处开始的字符，该字符在当前源字符集中无效(代码页 65001)。
  (编译源文件“x64/Release/qt/moc/moc_QToolBase.cpp”)
  
G:\QMacVisual(CV3)(25000)\QMacVisual(CV3)2022.9.21(25000)\QMacVisual(CV3)\QPlugins\GeometryMeasure\EdgeWidthMeasure\gvariable.h(1,1): warning C4828: 文件包含在偏移 0xaa 处开始的字符，该字符在当前源字符集中无效(代码页 65001)。
  (编译源文件“x64/Release/qt/moc/moc_QToolBase.cpp”)
  
G:\QMacVisual(CV3)(25000)\QMacVisual(CV3)2022.9.21(25000)\QMacVisual(CV3)\QPlugins\GeometryMeasure\EdgeWidthMeasure\gvariable.h(1,1): warning C4828: 文件包含在偏移 0xad 处开始的字符，该字符在当前源字符集中无效(代码页 65001)。
  (编译源文件“x64/Release/qt/moc/moc_QToolBase.cpp”)
  
G:\QMacVisual(CV3)(25000)\QMacVisual(CV3)2022.9.21(25000)\QMacVisual(CV3)\QPlugins\GeometryMeasure\EdgeWidthMeasure\gvariable.h(1,1): warning C4828: 文件包含在偏移 0xb1 处开始的字符，该字符在当前源字符集中无效(代码页 65001)。
  (编译源文件“x64/Release/qt/moc/moc_QToolBase.cpp”)
  
G:\QMacVisual(CV3)(25000)\QMacVisual(CV3)2022.9.21(25000)\QMacVisual(CV3)\QPlugins\GeometryMeasure\EdgeWidthMeasure\gvariable.h(1,1): warning C4828: 文件包含在偏移 0x304 处开始的字符，该字符在当前源字符集中无效(代码页 65001)。
  (编译源文件“x64/Release/qt/moc/moc_QToolBase.cpp”)
  
G:\QMacVisual(CV3)(25000)\QMacVisual(CV3)2022.9.21(25000)\QMacVisual(CV3)\QPlugins\GeometryMeasure\EdgeWidthMeasure\gvariable.h(1,1): warning C4828: 文件包含在偏移 0x305 处开始的字符，该字符在当前源字符集中无效(代码页 65001)。
  (编译源文件“x64/Release/qt/moc/moc_QToolBase.cpp”)
  
G:\QMacVisual(CV3)(25000)\QMacVisual(CV3)2022.9.21(25000)\QMacVisual(CV3)\QPlugins\GeometryMeasure\EdgeWidthMeasure\gvariable.h(1,1): warning C4828: 文件包含在偏移 0x306 处开始的字符，该字符在当前源字符集中无效(代码页 65001)。
  (编译源文件“x64/Release/qt/moc/moc_QToolBase.cpp”)
  
G:\QMacVisual(CV3)(25000)\QMacVisual(CV3)2022.9.21(25000)\QMacVisual(CV3)\QPlugins\GeometryMeasure\EdgeWidthMeasure\gvariable.h(1,1): warning C4828: 文件包含在偏移 0x308 处开始的字符，该字符在当前源字符集中无效(代码页 65001)。
  (编译源文件“x64/Release/qt/moc/moc_QToolBase.cpp”)
  
G:\QMacVisual(CV3)(25000)\QMacVisual(CV3)2022.9.21(25000)\QMacVisual(CV3)\QPlugins\GeometryMeasure\EdgeWidthMeasure\gvariable.h(1,1): warning C4828: 文件包含在偏移 0x30c 处开始的字符，该字符在当前源字符集中无效(代码页 65001)。
  (编译源文件“x64/Release/qt/moc/moc_QToolBase.cpp”)
  
G:\QMacVisual(CV3)(25000)\QMacVisual(CV3)2022.9.21(25000)\QMacVisual(CV3)\QPlugins\GeometryMeasure\EdgeWidthMeasure\gvariable.h(1,1): warning C4828: 文件包含在偏移 0x30d 处开始的字符，该字符在当前源字符集中无效(代码页 65001)。
  (编译源文件“x64/Release/qt/moc/moc_QToolBase.cpp”)
  
G:\QMacVisual(CV3)(25000)\QMacVisual(CV3)2022.9.21(25000)\QMacVisual(CV3)\QPlugins\GeometryMeasure\EdgeWidthMeasure\gvariable.h(1,1): warning C4828: 文件包含在偏移 0x30e 处开始的字符，该字符在当前源字符集中无效(代码页 65001)。
  (编译源文件“x64/Release/qt/moc/moc_QToolBase.cpp”)
  
G:\QMacVisual(CV3)(25000)\QMacVisual(CV3)2022.9.21(25000)\QMacVisual(CV3)\QPlugins\GeometryMeasure\EdgeWidthMeasure\gvariable.h(1,1): warning C4828: 文件包含在偏移 0x314 处开始的字符，该字符在当前源字符集中无效(代码页 65001)。
  (编译源文件“x64/Release/qt/moc/moc_QToolBase.cpp”)
  
G:\QMacVisual(CV3)(25000)\QMacVisual(CV3)2022.9.21(25000)\QMacVisual(CV3)\QPlugins\GeometryMeasure\EdgeWidthMeasure\gvariable.h(1,1): warning C4828: 文件包含在偏移 0x3bb 处开始的字符，该字符在当前源字符集中无效(代码页 65001)。
  (编译源文件“x64/Release/qt/moc/moc_QToolBase.cpp”)
  
G:\QMacVisual(CV3)(25000)\QMacVisual(CV3)2022.9.21(25000)\QMacVisual(CV3)\QPlugins\GeometryMeasure\EdgeWidthMeasure\gvariable.h(1,1): warning C4828: 文件包含在偏移 0x3bc 处开始的字符，该字符在当前源字符集中无效(代码页 65001)。
  (编译源文件“x64/Release/qt/moc/moc_QToolBase.cpp”)
  
G:\QMacVisual(CV3)(25000)\QMacVisual(CV3)2022.9.21(25000)\QMacVisual(CV3)\QPlugins\GeometryMeasure\EdgeWidthMeasure\gvariable.h(1,1): warning C4828: 文件包含在偏移 0x3bd 处开始的字符，该字符在当前源字符集中无效(代码页 65001)。
  (编译源文件“x64/Release/qt/moc/moc_QToolBase.cpp”)
  
G:\QMacVisual(CV3)(25000)\QMacVisual(CV3)2022.9.21(25000)\QMacVisual(CV3)\QPlugins\GeometryMeasure\EdgeWidthMeasure\gvariable.h(1,1): warning C4828: 文件包含在偏移 0x3c3 处开始的字符，该字符在当前源字符集中无效(代码页 65001)。
  (编译源文件“x64/Release/qt/moc/moc_QToolBase.cpp”)
  
G:\QMacVisual(CV3)(25000)\QMacVisual(CV3)2022.9.21(25000)\QMacVisual(CV3)\QPlugins\GeometryMeasure\EdgeWidthMeasure\gvariable.h(1,1): warning C4828: 文件包含在偏移 0x3c7 处开始的字符，该字符在当前源字符集中无效(代码页 65001)。
  (编译源文件“x64/Release/qt/moc/moc_QToolBase.cpp”)
  
G:\QMacVisual(CV3)(25000)\QMacVisual(CV3)2022.9.21(25000)\QMacVisual(CV3)\QPlugins\GeometryMeasure\EdgeWidthMeasure\gvariable.h(1,1): warning C4828: 文件包含在偏移 0x3e8 处开始的字符，该字符在当前源字符集中无效(代码页 65001)。
  (编译源文件“x64/Release/qt/moc/moc_QToolBase.cpp”)
  
G:\QMacVisual(CV3)(25000)\QMacVisual(CV3)2022.9.21(25000)\QMacVisual(CV3)\QPlugins\GeometryMeasure\EdgeWidthMeasure\gvariable.h(1,1): warning C4828: 文件包含在偏移 0x3ea 处开始的字符，该字符在当前源字符集中无效(代码页 65001)。
  (编译源文件“x64/Release/qt/moc/moc_QToolBase.cpp”)
  
G:\QMacVisual(CV3)(25000)\QMacVisual(CV3)2022.9.21(25000)\QMacVisual(CV3)\QPlugins\GeometryMeasure\EdgeWidthMeasure\gvariable.h(1,1): warning C4828: 文件包含在偏移 0x3eb 处开始的字符，该字符在当前源字符集中无效(代码页 65001)。
  (编译源文件“x64/Release/qt/moc/moc_QToolBase.cpp”)
  
G:\QMacVisual(CV3)(25000)\QMacVisual(CV3)2022.9.21(25000)\QMacVisual(CV3)\QPlugins\GeometryMeasure\EdgeWidthMeasure\gvariable.h(1,1): warning C4828: 文件包含在偏移 0x472 处开始的字符，该字符在当前源字符集中无效(代码页 65001)。
  (编译源文件“x64/Release/qt/moc/moc_QToolBase.cpp”)
  
G:\QMacVisual(CV3)(25000)\QMacVisual(CV3)2022.9.21(25000)\QMacVisual(CV3)\QPlugins\GeometryMeasure\EdgeWidthMeasure\gvariable.h(1,1): warning C4828: 文件包含在偏移 0x514 处开始的字符，该字符在当前源字符集中无效(代码页 65001)。
  (编译源文件“x64/Release/qt/moc/moc_QToolBase.cpp”)
  
G:\QMacVisual(CV3)(25000)\QMacVisual(CV3)2022.9.21(25000)\QMacVisual(CV3)\QPlugins\GeometryMeasure\EdgeWidthMeasure\gvariable.h(1,1): warning C4828: 文件包含在偏移 0x5c3 处开始的字符，该字符在当前源字符集中无效(代码页 65001)。
  (编译源文件“x64/Release/qt/moc/moc_QToolBase.cpp”)
  
G:\QMacVisual(CV3)(25000)\QMacVisual(CV3)2022.9.21(25000)\QMacVisual(CV3)\QPlugins\GeometryMeasure\EdgeWidthMeasure\gvariable.h(1,1): warning C4828: 文件包含在偏移 0x5c4 处开始的字符，该字符在当前源字符集中无效(代码页 65001)。
  (编译源文件“x64/Release/qt/moc/moc_QToolBase.cpp”)
  
G:\QMacVisual(CV3)(25000)\QMacVisual(CV3)2022.9.21(25000)\QMacVisual(CV3)\QPlugins\GeometryMeasure\EdgeWidthMeasure\gvariable.h(1,1): warning C4828: 文件包含在偏移 0x5c5 处开始的字符，该字符在当前源字符集中无效(代码页 65001)。
  (编译源文件“x64/Release/qt/moc/moc_QToolBase.cpp”)
  
G:\QMacVisual(CV3)(25000)\QMacVisual(CV3)2022.9.21(25000)\QMacVisual(CV3)\QPlugins\GeometryMeasure\EdgeWidthMeasure\gvariable.h(1,1): warning C4828: 文件包含在偏移 0x5c6 处开始的字符，该字符在当前源字符集中无效(代码页 65001)。
  (编译源文件“x64/Release/qt/moc/moc_QToolBase.cpp”)
  
G:\QMacVisual(CV3)(25000)\QMacVisual(CV3)2022.9.21(25000)\QMacVisual(CV3)\QPlugins\GeometryMeasure\EdgeWidthMeasure\gvariable.h(1,1): warning C4828: 文件包含在偏移 0x5c8 处开始的字符，该字符在当前源字符集中无效(代码页 65001)。
  (编译源文件“x64/Release/qt/moc/moc_QToolBase.cpp”)
  
G:\QMacVisual(CV3)(25000)\QMacVisual(CV3)2022.9.21(25000)\QMacVisual(CV3)\QPlugins\GeometryMeasure\EdgeWidthMeasure\gvariable.h(1,1): warning C4828: 文件包含在偏移 0x5c9 处开始的字符，该字符在当前源字符集中无效(代码页 65001)。
  (编译源文件“x64/Release/qt/moc/moc_QToolBase.cpp”)
  
G:\QMacVisual(CV3)(25000)\QMacVisual(CV3)2022.9.21(25000)\QMacVisual(CV3)\QPlugins\GeometryMeasure\EdgeWidthMeasure\gvariable.h(1,1): warning C4828: 文件包含在偏移 0x66f 处开始的字符，该字符在当前源字符集中无效(代码页 65001)。
  (编译源文件“x64/Release/qt/moc/moc_QToolBase.cpp”)
  
G:\QMacVisual(CV3)(25000)\QMacVisual(CV3)2022.9.21(25000)\QMacVisual(CV3)\QPlugins\GeometryMeasure\EdgeWidthMeasure\gvariable.h(1,1): warning C4828: 文件包含在偏移 0x670 处开始的字符，该字符在当前源字符集中无效(代码页 65001)。
  (编译源文件“x64/Release/qt/moc/moc_QToolBase.cpp”)
  
G:\QMacVisual(CV3)(25000)\QMacVisual(CV3)2022.9.21(25000)\QMacVisual(CV3)\QPlugins\GeometryMeasure\EdgeWidthMeasure\gvariable.h(1,1): warning C4828: 文件包含在偏移 0x671 处开始的字符，该字符在当前源字符集中无效(代码页 65001)。
  (编译源文件“x64/Release/qt/moc/moc_QToolBase.cpp”)
  
G:\QMacVisual(CV3)(25000)\QMacVisual(CV3)2022.9.21(25000)\QMacVisual(CV3)\QPlugins\GeometryMeasure\EdgeWidthMeasure\gvariable.h(1,1): warning C4828: 文件包含在偏移 0x673 处开始的字符，该字符在当前源字符集中无效(代码页 65001)。
  (编译源文件“x64/Release/qt/moc/moc_QToolBase.cpp”)
  
G:\QMacVisual(CV3)(25000)\QMacVisual(CV3)2022.9.21(25000)\QMacVisual(CV3)\QPlugins\GeometryMeasure\EdgeWidthMeasure\gvariable.h(1,1): warning C4828: 文件包含在偏移 0x732 处开始的字符，该字符在当前源字符集中无效(代码页 65001)。
  (编译源文件“x64/Release/qt/moc/moc_QToolBase.cpp”)
  
G:\QMacVisual(CV3)(25000)\QMacVisual(CV3)2022.9.21(25000)\QMacVisual(CV3)\QPlugins\GeometryMeasure\EdgeWidthMeasure\gvariable.h(1,1): warning C4828: 文件包含在偏移 0x735 处开始的字符，该字符在当前源字符集中无效(代码页 65001)。
  (编译源文件“x64/Release/qt/moc/moc_QToolBase.cpp”)
  
G:\QMacVisual(CV3)(25000)\QMacVisual(CV3)2022.9.21(25000)\QMacVisual(CV3)\QPlugins\GeometryMeasure\EdgeWidthMeasure\gvariable.h(1,1): warning C4828: 文件包含在偏移 0x736 处开始的字符，该字符在当前源字符集中无效(代码页 65001)。
  (编译源文件“x64/Release/qt/moc/moc_QToolBase.cpp”)
  
G:\QMacVisual(CV3)(25000)\QMacVisual(CV3)2022.9.21(25000)\QMacVisual(CV3)\QPlugins\GeometryMeasure\EdgeWidthMeasure\gvariable.h(1,1): warning C4828: 文件包含在偏移 0x737 处开始的字符，该字符在当前源字符集中无效(代码页 65001)。
  (编译源文件“x64/Release/qt/moc/moc_QToolBase.cpp”)
  
G:\QMacVisual(CV3)(25000)\QMacVisual(CV3)2022.9.21(25000)\QMacVisual(CV3)\QPlugins\GeometryMeasure\EdgeWidthMeasure\gvariable.h(1,1): warning C4828: 文件包含在偏移 0x7ea 处开始的字符，该字符在当前源字符集中无效(代码页 65001)。
  (编译源文件“x64/Release/qt/moc/moc_QToolBase.cpp”)
  
G:\QMacVisual(CV3)(25000)\QMacVisual(CV3)2022.9.21(25000)\QMacVisual(CV3)\QPlugins\GeometryMeasure\EdgeWidthMeasure\gvariable.h(1,1): warning C4828: 文件包含在偏移 0x7ed 处开始的字符，该字符在当前源字符集中无效(代码页 65001)。
  (编译源文件“x64/Release/qt/moc/moc_QToolBase.cpp”)
  
G:\QMacVisual(CV3)(25000)\QMacVisual(CV3)2022.9.21(25000)\QMacVisual(CV3)\QPlugins\GeometryMeasure\EdgeWidthMeasure\gvariable.h(1,1): warning C4828: 文件包含在偏移 0x7ee 处开始的字符，该字符在当前源字符集中无效(代码页 65001)。
  (编译源文件“x64/Release/qt/moc/moc_QToolBase.cpp”)
  
G:\QMacVisual(CV3)(25000)\QMacVisual(CV3)2022.9.21(25000)\QMacVisual(CV3)\QPlugins\GeometryMeasure\EdgeWidthMeasure\gvariable.h(1,1): warning C4828: 文件包含在偏移 0xa1 处开始的字符，该字符在当前源字符集中无效(代码页 65001)。
  (编译源文件“x64/Release/qt/moc/moc_Toolnterface.cpp”)
  
G:\QMacVisual(CV3)(25000)\QMacVisual(CV3)2022.9.21(25000)\QMacVisual(CV3)\QPlugins\GeometryMeasure\EdgeWidthMeasure\gvariable.h(1,1): warning C4828: 文件包含在偏移 0xa2 处开始的字符，该字符在当前源字符集中无效(代码页 65001)。
  (编译源文件“x64/Release/qt/moc/moc_Toolnterface.cpp”)
  
G:\QMacVisual(CV3)(25000)\QMacVisual(CV3)2022.9.21(25000)\QMacVisual(CV3)\QPlugins\GeometryMeasure\EdgeWidthMeasure\gvariable.h(1,1): warning C4828: 文件包含在偏移 0xa3 处开始的字符，该字符在当前源字符集中无效(代码页 65001)。
  (编译源文件“x64/Release/qt/moc/moc_Toolnterface.cpp”)
  
G:\QMacVisual(CV3)(25000)\QMacVisual(CV3)2022.9.21(25000)\QMacVisual(CV3)\QPlugins\GeometryMeasure\EdgeWidthMeasure\gvariable.h(1,1): warning C4828: 文件包含在偏移 0xa7 处开始的字符，该字符在当前源字符集中无效(代码页 65001)。
  (编译源文件“x64/Release/qt/moc/moc_Toolnterface.cpp”)
  
G:\QMacVisual(CV3)(25000)\QMacVisual(CV3)2022.9.21(25000)\QMacVisual(CV3)\QPlugins\GeometryMeasure\EdgeWidthMeasure\gvariable.h(1,1): warning C4828: 文件包含在偏移 0xaa 处开始的字符，该字符在当前源字符集中无效(代码页 65001)。
  (编译源文件“x64/Release/qt/moc/moc_Toolnterface.cpp”)
  
G:\QMacVisual(CV3)(25000)\QMacVisual(CV3)2022.9.21(25000)\QMacVisual(CV3)\QPlugins\GeometryMeasure\EdgeWidthMeasure\gvariable.h(1,1): warning C4828: 文件包含在偏移 0xad 处开始的字符，该字符在当前源字符集中无效(代码页 65001)。
  (编译源文件“x64/Release/qt/moc/moc_Toolnterface.cpp”)
  
G:\QMacVisual(CV3)(25000)\QMacVisual(CV3)2022.9.21(25000)\QMacVisual(CV3)\QPlugins\GeometryMeasure\EdgeWidthMeasure\gvariable.h(1,1): warning C4828: 文件包含在偏移 0xb1 处开始的字符，该字符在当前源字符集中无效(代码页 65001)。
  (编译源文件“x64/Release/qt/moc/moc_Toolnterface.cpp”)
  
G:\QMacVisual(CV3)(25000)\QMacVisual(CV3)2022.9.21(25000)\QMacVisual(CV3)\QPlugins\GeometryMeasure\EdgeWidthMeasure\gvariable.h(1,1): warning C4828: 文件包含在偏移 0x304 处开始的字符，该字符在当前源字符集中无效(代码页 65001)。
  (编译源文件“x64/Release/qt/moc/moc_Toolnterface.cpp”)
  
G:\QMacVisual(CV3)(25000)\QMacVisual(CV3)2022.9.21(25000)\QMacVisual(CV3)\QPlugins\GeometryMeasure\EdgeWidthMeasure\gvariable.h(1,1): warning C4828: 文件包含在偏移 0x305 处开始的字符，该字符在当前源字符集中无效(代码页 65001)。
  (编译源文件“x64/Release/qt/moc/moc_Toolnterface.cpp”)
  
G:\QMacVisual(CV3)(25000)\QMacVisual(CV3)2022.9.21(25000)\QMacVisual(CV3)\QPlugins\GeometryMeasure\EdgeWidthMeasure\gvariable.h(1,1): warning C4828: 文件包含在偏移 0x306 处开始的字符，该字符在当前源字符集中无效(代码页 65001)。
  (编译源文件“x64/Release/qt/moc/moc_Toolnterface.cpp”)
  
G:\QMacVisual(CV3)(25000)\QMacVisual(CV3)2022.9.21(25000)\QMacVisual(CV3)\QPlugins\GeometryMeasure\EdgeWidthMeasure\gvariable.h(1,1): warning C4828: 文件包含在偏移 0x308 处开始的字符，该字符在当前源字符集中无效(代码页 65001)。
  (编译源文件“x64/Release/qt/moc/moc_Toolnterface.cpp”)
  
G:\QMacVisual(CV3)(25000)\QMacVisual(CV3)2022.9.21(25000)\QMacVisual(CV3)\QPlugins\GeometryMeasure\EdgeWidthMeasure\gvariable.h(1,1): warning C4828: 文件包含在偏移 0x30c 处开始的字符，该字符在当前源字符集中无效(代码页 65001)。
  (编译源文件“x64/Release/qt/moc/moc_Toolnterface.cpp”)
  
G:\QMacVisual(CV3)(25000)\QMacVisual(CV3)2022.9.21(25000)\QMacVisual(CV3)\QPlugins\GeometryMeasure\EdgeWidthMeasure\gvariable.h(1,1): warning C4828: 文件包含在偏移 0x30d 处开始的字符，该字符在当前源字符集中无效(代码页 65001)。
  (编译源文件“x64/Release/qt/moc/moc_Toolnterface.cpp”)
  
G:\QMacVisual(CV3)(25000)\QMacVisual(CV3)2022.9.21(25000)\QMacVisual(CV3)\QPlugins\GeometryMeasure\EdgeWidthMeasure\gvariable.h(1,1): warning C4828: 文件包含在偏移 0x30e 处开始的字符，该字符在当前源字符集中无效(代码页 65001)。
  (编译源文件“x64/Release/qt/moc/moc_Toolnterface.cpp”)
  
G:\QMacVisual(CV3)(25000)\QMacVisual(CV3)2022.9.21(25000)\QMacVisual(CV3)\QPlugins\GeometryMeasure\EdgeWidthMeasure\gvariable.h(1,1): warning C4828: 文件包含在偏移 0x314 处开始的字符，该字符在当前源字符集中无效(代码页 65001)。
  (编译源文件“x64/Release/qt/moc/moc_Toolnterface.cpp”)
  
G:\QMacVisual(CV3)(25000)\QMacVisual(CV3)2022.9.21(25000)\QMacVisual(CV3)\QPlugins\GeometryMeasure\EdgeWidthMeasure\gvariable.h(1,1): warning C4828: 文件包含在偏移 0x3bb 处开始的字符，该字符在当前源字符集中无效(代码页 65001)。
  (编译源文件“x64/Release/qt/moc/moc_Toolnterface.cpp”)
  
G:\QMacVisual(CV3)(25000)\QMacVisual(CV3)2022.9.21(25000)\QMacVisual(CV3)\QPlugins\GeometryMeasure\EdgeWidthMeasure\gvariable.h(1,1): warning C4828: 文件包含在偏移 0x3bc 处开始的字符，该字符在当前源字符集中无效(代码页 65001)。
  (编译源文件“x64/Release/qt/moc/moc_Toolnterface.cpp”)
  
G:\QMacVisual(CV3)(25000)\QMacVisual(CV3)2022.9.21(25000)\QMacVisual(CV3)\QPlugins\GeometryMeasure\EdgeWidthMeasure\gvariable.h(1,1): warning C4828: 文件包含在偏移 0x3bd 处开始的字符，该字符在当前源字符集中无效(代码页 65001)。
  (编译源文件“x64/Release/qt/moc/moc_Toolnterface.cpp”)
  
G:\QMacVisual(CV3)(25000)\QMacVisual(CV3)2022.9.21(25000)\QMacVisual(CV3)\QPlugins\GeometryMeasure\EdgeWidthMeasure\gvariable.h(1,1): warning C4828: 文件包含在偏移 0x3c3 处开始的字符，该字符在当前源字符集中无效(代码页 65001)。
  (编译源文件“x64/Release/qt/moc/moc_Toolnterface.cpp”)
  
G:\QMacVisual(CV3)(25000)\QMacVisual(CV3)2022.9.21(25000)\QMacVisual(CV3)\QPlugins\GeometryMeasure\EdgeWidthMeasure\gvariable.h(1,1): warning C4828: 文件包含在偏移 0x3c7 处开始的字符，该字符在当前源字符集中无效(代码页 65001)。
  (编译源文件“x64/Release/qt/moc/moc_Toolnterface.cpp”)
  
G:\QMacVisual(CV3)(25000)\QMacVisual(CV3)2022.9.21(25000)\QMacVisual(CV3)\QPlugins\GeometryMeasure\EdgeWidthMeasure\gvariable.h(1,1): warning C4828: 文件包含在偏移 0x3e8 处开始的字符，该字符在当前源字符集中无效(代码页 65001)。
  (编译源文件“x64/Release/qt/moc/moc_Toolnterface.cpp”)
  
G:\QMacVisual(CV3)(25000)\QMacVisual(CV3)2022.9.21(25000)\QMacVisual(CV3)\QPlugins\GeometryMeasure\EdgeWidthMeasure\gvariable.h(1,1): warning C4828: 文件包含在偏移 0x3ea 处开始的字符，该字符在当前源字符集中无效(代码页 65001)。
  (编译源文件“x64/Release/qt/moc/moc_Toolnterface.cpp”)
  
G:\QMacVisual(CV3)(25000)\QMacVisual(CV3)2022.9.21(25000)\QMacVisual(CV3)\QPlugins\GeometryMeasure\EdgeWidthMeasure\gvariable.h(1,1): warning C4828: 文件包含在偏移 0x3eb 处开始的字符，该字符在当前源字符集中无效(代码页 65001)。
  (编译源文件“x64/Release/qt/moc/moc_Toolnterface.cpp”)
  
G:\QMacVisual(CV3)(25000)\QMacVisual(CV3)2022.9.21(25000)\QMacVisual(CV3)\QPlugins\GeometryMeasure\EdgeWidthMeasure\gvariable.h(1,1): warning C4828: 文件包含在偏移 0x472 处开始的字符，该字符在当前源字符集中无效(代码页 65001)。
  (编译源文件“x64/Release/qt/moc/moc_Toolnterface.cpp”)
  
G:\QMacVisual(CV3)(25000)\QMacVisual(CV3)2022.9.21(25000)\QMacVisual(CV3)\QPlugins\GeometryMeasure\EdgeWidthMeasure\gvariable.h(1,1): warning C4828: 文件包含在偏移 0x514 处开始的字符，该字符在当前源字符集中无效(代码页 65001)。
  (编译源文件“x64/Release/qt/moc/moc_Toolnterface.cpp”)
  
G:\QMacVisual(CV3)(25000)\QMacVisual(CV3)2022.9.21(25000)\QMacVisual(CV3)\QPlugins\GeometryMeasure\EdgeWidthMeasure\gvariable.h(1,1): warning C4828: 文件包含在偏移 0x5c3 处开始的字符，该字符在当前源字符集中无效(代码页 65001)。
  (编译源文件“x64/Release/qt/moc/moc_Toolnterface.cpp”)
  
G:\QMacVisual(CV3)(25000)\QMacVisual(CV3)2022.9.21(25000)\QMacVisual(CV3)\QPlugins\GeometryMeasure\EdgeWidthMeasure\gvariable.h(1,1): warning C4828: 文件包含在偏移 0x5c4 处开始的字符，该字符在当前源字符集中无效(代码页 65001)。
  (编译源文件“x64/Release/qt/moc/moc_Toolnterface.cpp”)
  
G:\QMacVisual(CV3)(25000)\QMacVisual(CV3)2022.9.21(25000)\QMacVisual(CV3)\QPlugins\GeometryMeasure\EdgeWidthMeasure\gvariable.h(1,1): warning C4828: 文件包含在偏移 0x5c5 处开始的字符，该字符在当前源字符集中无效(代码页 65001)。
  (编译源文件“x64/Release/qt/moc/moc_Toolnterface.cpp”)
  
G:\QMacVisual(CV3)(25000)\QMacVisual(CV3)2022.9.21(25000)\QMacVisual(CV3)\QPlugins\GeometryMeasure\EdgeWidthMeasure\gvariable.h(1,1): warning C4828: 文件包含在偏移 0x5c6 处开始的字符，该字符在当前源字符集中无效(代码页 65001)。
  (编译源文件“x64/Release/qt/moc/moc_Toolnterface.cpp”)
  
G:\QMacVisual(CV3)(25000)\QMacVisual(CV3)2022.9.21(25000)\QMacVisual(CV3)\QPlugins\GeometryMeasure\EdgeWidthMeasure\gvariable.h(1,1): warning C4828: 文件包含在偏移 0x5c8 处开始的字符，该字符在当前源字符集中无效(代码页 65001)。
  (编译源文件“x64/Release/qt/moc/moc_Toolnterface.cpp”)
  
G:\QMacVisual(CV3)(25000)\QMacVisual(CV3)2022.9.21(25000)\QMacVisual(CV3)\QPlugins\GeometryMeasure\EdgeWidthMeasure\gvariable.h(1,1): warning C4828: 文件包含在偏移 0x5c9 处开始的字符，该字符在当前源字符集中无效(代码页 65001)。
  (编译源文件“x64/Release/qt/moc/moc_Toolnterface.cpp”)
  
G:\QMacVisual(CV3)(25000)\QMacVisual(CV3)2022.9.21(25000)\QMacVisual(CV3)\QPlugins\GeometryMeasure\EdgeWidthMeasure\gvariable.h(1,1): warning C4828: 文件包含在偏移 0x66f 处开始的字符，该字符在当前源字符集中无效(代码页 65001)。
  (编译源文件“x64/Release/qt/moc/moc_Toolnterface.cpp”)
  
G:\QMacVisual(CV3)(25000)\QMacVisual(CV3)2022.9.21(25000)\QMacVisual(CV3)\QPlugins\GeometryMeasure\EdgeWidthMeasure\gvariable.h(1,1): warning C4828: 文件包含在偏移 0x670 处开始的字符，该字符在当前源字符集中无效(代码页 65001)。
  (编译源文件“x64/Release/qt/moc/moc_Toolnterface.cpp”)
  
G:\QMacVisual(CV3)(25000)\QMacVisual(CV3)2022.9.21(25000)\QMacVisual(CV3)\QPlugins\GeometryMeasure\EdgeWidthMeasure\gvariable.h(1,1): warning C4828: 文件包含在偏移 0x671 处开始的字符，该字符在当前源字符集中无效(代码页 65001)。
  (编译源文件“x64/Release/qt/moc/moc_Toolnterface.cpp”)
  
G:\QMacVisual(CV3)(25000)\QMacVisual(CV3)2022.9.21(25000)\QMacVisual(CV3)\QPlugins\GeometryMeasure\EdgeWidthMeasure\gvariable.h(1,1): warning C4828: 文件包含在偏移 0x673 处开始的字符，该字符在当前源字符集中无效(代码页 65001)。
  (编译源文件“x64/Release/qt/moc/moc_Toolnterface.cpp”)
  
G:\QMacVisual(CV3)(25000)\QMacVisual(CV3)2022.9.21(25000)\QMacVisual(CV3)\QPlugins\GeometryMeasure\EdgeWidthMeasure\gvariable.h(1,1): warning C4828: 文件包含在偏移 0x732 处开始的字符，该字符在当前源字符集中无效(代码页 65001)。
  (编译源文件“x64/Release/qt/moc/moc_Toolnterface.cpp”)
  
G:\QMacVisual(CV3)(25000)\QMacVisual(CV3)2022.9.21(25000)\QMacVisual(CV3)\QPlugins\GeometryMeasure\EdgeWidthMeasure\gvariable.h(1,1): warning C4828: 文件包含在偏移 0x735 处开始的字符，该字符在当前源字符集中无效(代码页 65001)。
  (编译源文件“x64/Release/qt/moc/moc_Toolnterface.cpp”)
  
G:\QMacVisual(CV3)(25000)\QMacVisual(CV3)2022.9.21(25000)\QMacVisual(CV3)\QPlugins\GeometryMeasure\EdgeWidthMeasure\gvariable.h(1,1): warning C4828: 文件包含在偏移 0x736 处开始的字符，该字符在当前源字符集中无效(代码页 65001)。
  (编译源文件“x64/Release/qt/moc/moc_Toolnterface.cpp”)
  
G:\QMacVisual(CV3)(25000)\QMacVisual(CV3)2022.9.21(25000)\QMacVisual(CV3)\QPlugins\GeometryMeasure\EdgeWidthMeasure\gvariable.h(1,1): warning C4828: 文件包含在偏移 0x737 处开始的字符，该字符在当前源字符集中无效(代码页 65001)。
  (编译源文件“x64/Release/qt/moc/moc_Toolnterface.cpp”)
  
G:\QMacVisual(CV3)(25000)\QMacVisual(CV3)2022.9.21(25000)\QMacVisual(CV3)\QPlugins\GeometryMeasure\EdgeWidthMeasure\gvariable.h(1,1): warning C4828: 文件包含在偏移 0x7ea 处开始的字符，该字符在当前源字符集中无效(代码页 65001)。
  (编译源文件“x64/Release/qt/moc/moc_Toolnterface.cpp”)
  
G:\QMacVisual(CV3)(25000)\QMacVisual(CV3)2022.9.21(25000)\QMacVisual(CV3)\QPlugins\GeometryMeasure\EdgeWidthMeasure\gvariable.h(1,1): warning C4828: 文件包含在偏移 0x7ed 处开始的字符，该字符在当前源字符集中无效(代码页 65001)。
  (编译源文件“x64/Release/qt/moc/moc_Toolnterface.cpp”)
  
G:\QMacVisual(CV3)(25000)\QMacVisual(CV3)2022.9.21(25000)\QMacVisual(CV3)\QPlugins\GeometryMeasure\EdgeWidthMeasure\gvariable.h(1,1): warning C4828: 文件包含在偏移 0x7ee 处开始的字符，该字符在当前源字符集中无效(代码页 65001)。
  (编译源文件“x64/Release/qt/moc/moc_Toolnterface.cpp”)
  
G:\QMacVisual(CV3)(25000)\QMacVisual(CV3)2022.9.21(25000)\QMacVisual(CV3)\QPlugins\GeometryMeasure\EdgeWidthMeasure\gvariable.h(1,1): warning C4828: 文件包含在偏移 0xa1 处开始的字符，该字符在当前源字符集中无效(代码页 65001)。
  (编译源文件“x64/Release/qt/moc/moc_EdgeWidthMeasure.cpp”)
  
G:\QMacVisual(CV3)(25000)\QMacVisual(CV3)2022.9.21(25000)\QMacVisual(CV3)\QPlugins\GeometryMeasure\EdgeWidthMeasure\gvariable.h(1,1): warning C4828: 文件包含在偏移 0xa2 处开始的字符，该字符在当前源字符集中无效(代码页 65001)。
  (编译源文件“x64/Release/qt/moc/moc_EdgeWidthMeasure.cpp”)
  
G:\QMacVisual(CV3)(25000)\QMacVisual(CV3)2022.9.21(25000)\QMacVisual(CV3)\QPlugins\GeometryMeasure\EdgeWidthMeasure\gvariable.h(1,1): warning C4828: 文件包含在偏移 0xa3 处开始的字符，该字符在当前源字符集中无效(代码页 65001)。
  (编译源文件“x64/Release/qt/moc/moc_EdgeWidthMeasure.cpp”)
  
G:\QMacVisual(CV3)(25000)\QMacVisual(CV3)2022.9.21(25000)\QMacVisual(CV3)\QPlugins\GeometryMeasure\EdgeWidthMeasure\gvariable.h(1,1): warning C4828: 文件包含在偏移 0xa7 处开始的字符，该字符在当前源字符集中无效(代码页 65001)。
  (编译源文件“x64/Release/qt/moc/moc_EdgeWidthMeasure.cpp”)
  
G:\QMacVisual(CV3)(25000)\QMacVisual(CV3)2022.9.21(25000)\QMacVisual(CV3)\QPlugins\GeometryMeasure\EdgeWidthMeasure\gvariable.h(1,1): warning C4828: 文件包含在偏移 0xaa 处开始的字符，该字符在当前源字符集中无效(代码页 65001)。
  (编译源文件“x64/Release/qt/moc/moc_EdgeWidthMeasure.cpp”)
  
G:\QMacVisual(CV3)(25000)\QMacVisual(CV3)2022.9.21(25000)\QMacVisual(CV3)\QPlugins\GeometryMeasure\EdgeWidthMeasure\gvariable.h(1,1): warning C4828: 文件包含在偏移 0xad 处开始的字符，该字符在当前源字符集中无效(代码页 65001)。
  (编译源文件“x64/Release/qt/moc/moc_EdgeWidthMeasure.cpp”)
  
G:\QMacVisual(CV3)(25000)\QMacVisual(CV3)2022.9.21(25000)\QMacVisual(CV3)\QPlugins\GeometryMeasure\EdgeWidthMeasure\gvariable.h(1,1): warning C4828: 文件包含在偏移 0xb1 处开始的字符，该字符在当前源字符集中无效(代码页 65001)。
  (编译源文件“x64/Release/qt/moc/moc_EdgeWidthMeasure.cpp”)
  
G:\QMacVisual(CV3)(25000)\QMacVisual(CV3)2022.9.21(25000)\QMacVisual(CV3)\QPlugins\GeometryMeasure\EdgeWidthMeasure\gvariable.h(1,1): warning C4828: 文件包含在偏移 0x304 处开始的字符，该字符在当前源字符集中无效(代码页 65001)。
  (编译源文件“x64/Release/qt/moc/moc_EdgeWidthMeasure.cpp”)
  
G:\QMacVisual(CV3)(25000)\QMacVisual(CV3)2022.9.21(25000)\QMacVisual(CV3)\QPlugins\GeometryMeasure\EdgeWidthMeasure\gvariable.h(1,1): warning C4828: 文件包含在偏移 0x305 处开始的字符，该字符在当前源字符集中无效(代码页 65001)。
  (编译源文件“x64/Release/qt/moc/moc_EdgeWidthMeasure.cpp”)
  
G:\QMacVisual(CV3)(25000)\QMacVisual(CV3)2022.9.21(25000)\QMacVisual(CV3)\QPlugins\GeometryMeasure\EdgeWidthMeasure\gvariable.h(1,1): warning C4828: 文件包含在偏移 0x306 处开始的字符，该字符在当前源字符集中无效(代码页 65001)。
  (编译源文件“x64/Release/qt/moc/moc_EdgeWidthMeasure.cpp”)
  
G:\QMacVisual(CV3)(25000)\QMacVisual(CV3)2022.9.21(25000)\QMacVisual(CV3)\QPlugins\GeometryMeasure\EdgeWidthMeasure\gvariable.h(1,1): warning C4828: 文件包含在偏移 0x308 处开始的字符，该字符在当前源字符集中无效(代码页 65001)。
  (编译源文件“x64/Release/qt/moc/moc_EdgeWidthMeasure.cpp”)
  
G:\QMacVisual(CV3)(25000)\QMacVisual(CV3)2022.9.21(25000)\QMacVisual(CV3)\QPlugins\GeometryMeasure\EdgeWidthMeasure\gvariable.h(1,1): warning C4828: 文件包含在偏移 0x30c 处开始的字符，该字符在当前源字符集中无效(代码页 65001)。
  (编译源文件“x64/Release/qt/moc/moc_EdgeWidthMeasure.cpp”)
  
G:\QMacVisual(CV3)(25000)\QMacVisual(CV3)2022.9.21(25000)\QMacVisual(CV3)\QPlugins\GeometryMeasure\EdgeWidthMeasure\gvariable.h(1,1): warning C4828: 文件包含在偏移 0x30d 处开始的字符，该字符在当前源字符集中无效(代码页 65001)。
  (编译源文件“x64/Release/qt/moc/moc_EdgeWidthMeasure.cpp”)
  
G:\QMacVisual(CV3)(25000)\QMacVisual(CV3)2022.9.21(25000)\QMacVisual(CV3)\QPlugins\GeometryMeasure\EdgeWidthMeasure\gvariable.h(1,1): warning C4828: 文件包含在偏移 0x30e 处开始的字符，该字符在当前源字符集中无效(代码页 65001)。
  (编译源文件“x64/Release/qt/moc/moc_EdgeWidthMeasure.cpp”)
  
G:\QMacVisual(CV3)(25000)\QMacVisual(CV3)2022.9.21(25000)\QMacVisual(CV3)\QPlugins\GeometryMeasure\EdgeWidthMeasure\gvariable.h(1,1): warning C4828: 文件包含在偏移 0x314 处开始的字符，该字符在当前源字符集中无效(代码页 65001)。
  (编译源文件“x64/Release/qt/moc/moc_EdgeWidthMeasure.cpp”)
  
G:\QMacVisual(CV3)(25000)\QMacVisual(CV3)2022.9.21(25000)\QMacVisual(CV3)\QPlugins\GeometryMeasure\EdgeWidthMeasure\gvariable.h(1,1): warning C4828: 文件包含在偏移 0x3bb 处开始的字符，该字符在当前源字符集中无效(代码页 65001)。
  (编译源文件“x64/Release/qt/moc/moc_EdgeWidthMeasure.cpp”)
  
G:\QMacVisual(CV3)(25000)\QMacVisual(CV3)2022.9.21(25000)\QMacVisual(CV3)\QPlugins\GeometryMeasure\EdgeWidthMeasure\gvariable.h(1,1): warning C4828: 文件包含在偏移 0x3bc 处开始的字符，该字符在当前源字符集中无效(代码页 65001)。
  (编译源文件“x64/Release/qt/moc/moc_EdgeWidthMeasure.cpp”)
  
G:\QMacVisual(CV3)(25000)\QMacVisual(CV3)2022.9.21(25000)\QMacVisual(CV3)\QPlugins\GeometryMeasure\EdgeWidthMeasure\gvariable.h(1,1): warning C4828: 文件包含在偏移 0x3bd 处开始的字符，该字符在当前源字符集中无效(代码页 65001)。
  (编译源文件“x64/Release/qt/moc/moc_EdgeWidthMeasure.cpp”)
  
G:\QMacVisual(CV3)(25000)\QMacVisual(CV3)2022.9.21(25000)\QMacVisual(CV3)\QPlugins\GeometryMeasure\EdgeWidthMeasure\gvariable.h(1,1): warning C4828: 文件包含在偏移 0x3c3 处开始的字符，该字符在当前源字符集中无效(代码页 65001)。
  (编译源文件“x64/Release/qt/moc/moc_EdgeWidthMeasure.cpp”)
  
G:\QMacVisual(CV3)(25000)\QMacVisual(CV3)2022.9.21(25000)\QMacVisual(CV3)\QPlugins\GeometryMeasure\EdgeWidthMeasure\gvariable.h(1,1): warning C4828: 文件包含在偏移 0x3c7 处开始的字符，该字符在当前源字符集中无效(代码页 65001)。
  (编译源文件“x64/Release/qt/moc/moc_EdgeWidthMeasure.cpp”)
  
G:\QMacVisual(CV3)(25000)\QMacVisual(CV3)2022.9.21(25000)\QMacVisual(CV3)\QPlugins\GeometryMeasure\EdgeWidthMeasure\gvariable.h(1,1): warning C4828: 文件包含在偏移 0x3e8 处开始的字符，该字符在当前源字符集中无效(代码页 65001)。
  (编译源文件“x64/Release/qt/moc/moc_EdgeWidthMeasure.cpp”)
  
G:\QMacVisual(CV3)(25000)\QMacVisual(CV3)2022.9.21(25000)\QMacVisual(CV3)\QPlugins\GeometryMeasure\EdgeWidthMeasure\gvariable.h(1,1): warning C4828: 文件包含在偏移 0x3ea 处开始的字符，该字符在当前源字符集中无效(代码页 65001)。
  (编译源文件“x64/Release/qt/moc/moc_EdgeWidthMeasure.cpp”)
  
G:\QMacVisual(CV3)(25000)\QMacVisual(CV3)2022.9.21(25000)\QMacVisual(CV3)\QPlugins\GeometryMeasure\EdgeWidthMeasure\gvariable.h(1,1): warning C4828: 文件包含在偏移 0x3eb 处开始的字符，该字符在当前源字符集中无效(代码页 65001)。
  (编译源文件“x64/Release/qt/moc/moc_EdgeWidthMeasure.cpp”)
  
G:\QMacVisual(CV3)(25000)\QMacVisual(CV3)2022.9.21(25000)\QMacVisual(CV3)\QPlugins\GeometryMeasure\EdgeWidthMeasure\gvariable.h(1,1): warning C4828: 文件包含在偏移 0x472 处开始的字符，该字符在当前源字符集中无效(代码页 65001)。
  (编译源文件“x64/Release/qt/moc/moc_EdgeWidthMeasure.cpp”)
  
G:\QMacVisual(CV3)(25000)\QMacVisual(CV3)2022.9.21(25000)\QMacVisual(CV3)\QPlugins\GeometryMeasure\EdgeWidthMeasure\gvariable.h(1,1): warning C4828: 文件包含在偏移 0x514 处开始的字符，该字符在当前源字符集中无效(代码页 65001)。
  (编译源文件“x64/Release/qt/moc/moc_EdgeWidthMeasure.cpp”)
  
G:\QMacVisual(CV3)(25000)\QMacVisual(CV3)2022.9.21(25000)\QMacVisual(CV3)\QPlugins\GeometryMeasure\EdgeWidthMeasure\gvariable.h(1,1): warning C4828: 文件包含在偏移 0x5c3 处开始的字符，该字符在当前源字符集中无效(代码页 65001)。
  (编译源文件“x64/Release/qt/moc/moc_EdgeWidthMeasure.cpp”)
  
G:\QMacVisual(CV3)(25000)\QMacVisual(CV3)2022.9.21(25000)\QMacVisual(CV3)\QPlugins\GeometryMeasure\EdgeWidthMeasure\gvariable.h(1,1): warning C4828: 文件包含在偏移 0x5c4 处开始的字符，该字符在当前源字符集中无效(代码页 65001)。
  (编译源文件“x64/Release/qt/moc/moc_EdgeWidthMeasure.cpp”)
  
G:\QMacVisual(CV3)(25000)\QMacVisual(CV3)2022.9.21(25000)\QMacVisual(CV3)\QPlugins\GeometryMeasure\EdgeWidthMeasure\gvariable.h(1,1): warning C4828: 文件包含在偏移 0x5c5 处开始的字符，该字符在当前源字符集中无效(代码页 65001)。
  (编译源文件“x64/Release/qt/moc/moc_EdgeWidthMeasure.cpp”)
  
G:\QMacVisual(CV3)(25000)\QMacVisual(CV3)2022.9.21(25000)\QMacVisual(CV3)\QPlugins\GeometryMeasure\EdgeWidthMeasure\gvariable.h(1,1): warning C4828: 文件包含在偏移 0x5c6 处开始的字符，该字符在当前源字符集中无效(代码页 65001)。
  (编译源文件“x64/Release/qt/moc/moc_EdgeWidthMeasure.cpp”)
  
G:\QMacVisual(CV3)(25000)\QMacVisual(CV3)2022.9.21(25000)\QMacVisual(CV3)\QPlugins\GeometryMeasure\EdgeWidthMeasure\gvariable.h(1,1): warning C4828: 文件包含在偏移 0x5c8 处开始的字符，该字符在当前源字符集中无效(代码页 65001)。
  (编译源文件“x64/Release/qt/moc/moc_EdgeWidthMeasure.cpp”)
  
G:\QMacVisual(CV3)(25000)\QMacVisual(CV3)2022.9.21(25000)\QMacVisual(CV3)\QPlugins\GeometryMeasure\EdgeWidthMeasure\gvariable.h(1,1): warning C4828: 文件包含在偏移 0x5c9 处开始的字符，该字符在当前源字符集中无效(代码页 65001)。
  (编译源文件“x64/Release/qt/moc/moc_EdgeWidthMeasure.cpp”)
  
G:\QMacVisual(CV3)(25000)\QMacVisual(CV3)2022.9.21(25000)\QMacVisual(CV3)\QPlugins\GeometryMeasure\EdgeWidthMeasure\gvariable.h(1,1): warning C4828: 文件包含在偏移 0x66f 处开始的字符，该字符在当前源字符集中无效(代码页 65001)。
  (编译源文件“x64/Release/qt/moc/moc_EdgeWidthMeasure.cpp”)
  
G:\QMacVisual(CV3)(25000)\QMacVisual(CV3)2022.9.21(25000)\QMacVisual(CV3)\QPlugins\GeometryMeasure\EdgeWidthMeasure\gvariable.h(1,1): warning C4828: 文件包含在偏移 0x670 处开始的字符，该字符在当前源字符集中无效(代码页 65001)。
  (编译源文件“x64/Release/qt/moc/moc_EdgeWidthMeasure.cpp”)
  
G:\QMacVisual(CV3)(25000)\QMacVisual(CV3)2022.9.21(25000)\QMacVisual(CV3)\QPlugins\GeometryMeasure\EdgeWidthMeasure\gvariable.h(1,1): warning C4828: 文件包含在偏移 0x671 处开始的字符，该字符在当前源字符集中无效(代码页 65001)。
  (编译源文件“x64/Release/qt/moc/moc_EdgeWidthMeasure.cpp”)
  
G:\QMacVisual(CV3)(25000)\QMacVisual(CV3)2022.9.21(25000)\QMacVisual(CV3)\QPlugins\GeometryMeasure\EdgeWidthMeasure\gvariable.h(1,1): warning C4828: 文件包含在偏移 0x673 处开始的字符，该字符在当前源字符集中无效(代码页 65001)。
  (编译源文件“x64/Release/qt/moc/moc_EdgeWidthMeasure.cpp”)
  
G:\QMacVisual(CV3)(25000)\QMacVisual(CV3)2022.9.21(25000)\QMacVisual(CV3)\QPlugins\GeometryMeasure\EdgeWidthMeasure\gvariable.h(1,1): warning C4828: 文件包含在偏移 0x732 处开始的字符，该字符在当前源字符集中无效(代码页 65001)。
  (编译源文件“x64/Release/qt/moc/moc_EdgeWidthMeasure.cpp”)
  
G:\QMacVisual(CV3)(25000)\QMacVisual(CV3)2022.9.21(25000)\QMacVisual(CV3)\QPlugins\GeometryMeasure\EdgeWidthMeasure\gvariable.h(1,1): warning C4828: 文件包含在偏移 0x735 处开始的字符，该字符在当前源字符集中无效(代码页 65001)。
  (编译源文件“x64/Release/qt/moc/moc_EdgeWidthMeasure.cpp”)
  
G:\QMacVisual(CV3)(25000)\QMacVisual(CV3)2022.9.21(25000)\QMacVisual(CV3)\QPlugins\GeometryMeasure\EdgeWidthMeasure\gvariable.h(1,1): warning C4828: 文件包含在偏移 0x736 处开始的字符，该字符在当前源字符集中无效(代码页 65001)。
  (编译源文件“x64/Release/qt/moc/moc_EdgeWidthMeasure.cpp”)
  
G:\QMacVisual(CV3)(25000)\QMacVisual(CV3)2022.9.21(25000)\QMacVisual(CV3)\QPlugins\GeometryMeasure\EdgeWidthMeasure\gvariable.h(1,1): warning C4828: 文件包含在偏移 0x737 处开始的字符，该字符在当前源字符集中无效(代码页 65001)。
  (编译源文件“x64/Release/qt/moc/moc_EdgeWidthMeasure.cpp”)
  
G:\QMacVisual(CV3)(25000)\QMacVisual(CV3)2022.9.21(25000)\QMacVisual(CV3)\QPlugins\GeometryMeasure\EdgeWidthMeasure\gvariable.h(1,1): warning C4828: 文件包含在偏移 0x7ea 处开始的字符，该字符在当前源字符集中无效(代码页 65001)。
  (编译源文件“x64/Release/qt/moc/moc_EdgeWidthMeasure.cpp”)
  
G:\QMacVisual(CV3)(25000)\QMacVisual(CV3)2022.9.21(25000)\QMacVisual(CV3)\QPlugins\GeometryMeasure\EdgeWidthMeasure\gvariable.h(1,1): warning C4828: 文件包含在偏移 0x7ed 处开始的字符，该字符在当前源字符集中无效(代码页 65001)。
  (编译源文件“x64/Release/qt/moc/moc_EdgeWidthMeasure.cpp”)
  
G:\QMacVisual(CV3)(25000)\QMacVisual(CV3)2022.9.21(25000)\QMacVisual(CV3)\QPlugins\GeometryMeasure\EdgeWidthMeasure\gvariable.h(1,1): warning C4828: 文件包含在偏移 0x7ee 处开始的字符，该字符在当前源字符集中无效(代码页 65001)。
  (编译源文件“x64/Release/qt/moc/moc_EdgeWidthMeasure.cpp”)
  
G:\QMacVisual(CV3)(25000)\QMacVisual(CV3)2022.9.21(25000)\QMacVisual(CV3)\QPlugins\GeometryMeasure\EdgeWidthMeasure\mytitlebar.h(1,1): warning C4828: 文件包含在偏移 0xb7 处开始的字符，该字符在当前源字符集中无效(代码页 65001)。
  (编译源文件“x64/Release/qt/moc/moc_frmEdgeWidthMeasure.cpp”)
  
G:\QMacVisual(CV3)(25000)\QMacVisual(CV3)2022.9.21(25000)\QMacVisual(CV3)\QPlugins\GeometryMeasure\EdgeWidthMeasure\mytitlebar.h(1,1): warning C4828: 文件包含在偏移 0xbb 处开始的字符，该字符在当前源字符集中无效(代码页 65001)。
  (编译源文件“x64/Release/qt/moc/moc_frmEdgeWidthMeasure.cpp”)
  
G:\QMacVisual(CV3)(25000)\QMacVisual(CV3)2022.9.21(25000)\QMacVisual(CV3)\QPlugins\GeometryMeasure\EdgeWidthMeasure\mytitlebar.h(1,1): warning C4828: 文件包含在偏移 0xbc 处开始的字符，该字符在当前源字符集中无效(代码页 65001)。
  (编译源文件“x64/Release/qt/moc/moc_frmEdgeWidthMeasure.cpp”)
  
G:\QMacVisual(CV3)(25000)\QMacVisual(CV3)2022.9.21(25000)\QMacVisual(CV3)\QPlugins\GeometryMeasure\EdgeWidthMeasure\mytitlebar.h(1,1): warning C4828: 文件包含在偏移 0xbd 处开始的字符，该字符在当前源字符集中无效(代码页 65001)。
  (编译源文件“x64/Release/qt/moc/moc_frmEdgeWidthMeasure.cpp”)
  
G:\QMacVisual(CV3)(25000)\QMacVisual(CV3)2022.9.21(25000)\QMacVisual(CV3)\QPlugins\GeometryMeasure\EdgeWidthMeasure\mytitlebar.h(1,1): warning C4828: 文件包含在偏移 0xc4 处开始的字符，该字符在当前源字符集中无效(代码页 65001)。
  (编译源文件“x64/Release/qt/moc/moc_frmEdgeWidthMeasure.cpp”)
  
G:\QMacVisual(CV3)(25000)\QMacVisual(CV3)2022.9.21(25000)\QMacVisual(CV3)\QPlugins\GeometryMeasure\EdgeWidthMeasure\mytitlebar.h(1,1): warning C4828: 文件包含在偏移 0xde 处开始的字符，该字符在当前源字符集中无效(代码页 65001)。
  (编译源文件“x64/Release/qt/moc/moc_frmEdgeWidthMeasure.cpp”)
  
G:\QMacVisual(CV3)(25000)\QMacVisual(CV3)2022.9.21(25000)\QMacVisual(CV3)\QPlugins\GeometryMeasure\EdgeWidthMeasure\mytitlebar.h(1,1): warning C4828: 文件包含在偏移 0xe2 处开始的字符，该字符在当前源字符集中无效(代码页 65001)。
  (编译源文件“x64/Release/qt/moc/moc_frmEdgeWidthMeasure.cpp”)
  
G:\QMacVisual(CV3)(25000)\QMacVisual(CV3)2022.9.21(25000)\QMacVisual(CV3)\QPlugins\GeometryMeasure\EdgeWidthMeasure\mytitlebar.h(1,1): warning C4828: 文件包含在偏移 0xe3 处开始的字符，该字符在当前源字符集中无效(代码页 65001)。
  (编译源文件“x64/Release/qt/moc/moc_frmEdgeWidthMeasure.cpp”)
  
G:\QMacVisual(CV3)(25000)\QMacVisual(CV3)2022.9.21(25000)\QMacVisual(CV3)\QPlugins\GeometryMeasure\EdgeWidthMeasure\mytitlebar.h(1,1): warning C4828: 文件包含在偏移 0xe4 处开始的字符，该字符在当前源字符集中无效(代码页 65001)。
  (编译源文件“x64/Release/qt/moc/moc_frmEdgeWidthMeasure.cpp”)
  
G:\QMacVisual(CV3)(25000)\QMacVisual(CV3)2022.9.21(25000)\QMacVisual(CV3)\QPlugins\GeometryMeasure\EdgeWidthMeasure\mytitlebar.h(1,1): warning C4828: 文件包含在偏移 0xe5 处开始的字符，该字符在当前源字符集中无效(代码页 65001)。
  (编译源文件“x64/Release/qt/moc/moc_frmEdgeWidthMeasure.cpp”)
  
G:\QMacVisual(CV3)(25000)\QMacVisual(CV3)2022.9.21(25000)\QMacVisual(CV3)\QPlugins\GeometryMeasure\EdgeWidthMeasure\mytitlebar.h(1,1): warning C4828: 文件包含在偏移 0xe6 处开始的字符，该字符在当前源字符集中无效(代码页 65001)。
  (编译源文件“x64/Release/qt/moc/moc_frmEdgeWidthMeasure.cpp”)
  
G:\QMacVisual(CV3)(25000)\QMacVisual(CV3)2022.9.21(25000)\QMacVisual(CV3)\QPlugins\GeometryMeasure\EdgeWidthMeasure\mytitlebar.h(1,1): warning C4828: 文件包含在偏移 0xe8 处开始的字符，该字符在当前源字符集中无效(代码页 65001)。
  (编译源文件“x64/Release/qt/moc/moc_frmEdgeWidthMeasure.cpp”)
  
G:\QMacVisual(CV3)(25000)\QMacVisual(CV3)2022.9.21(25000)\QMacVisual(CV3)\QPlugins\GeometryMeasure\EdgeWidthMeasure\mytitlebar.h(1,1): warning C4828: 文件包含在偏移 0xf3 处开始的字符，该字符在当前源字符集中无效(代码页 65001)。
  (编译源文件“x64/Release/qt/moc/moc_frmEdgeWidthMeasure.cpp”)
  
G:\QMacVisual(CV3)(25000)\QMacVisual(CV3)2022.9.21(25000)\QMacVisual(CV3)\QPlugins\GeometryMeasure\EdgeWidthMeasure\mytitlebar.h(1,1): warning C4828: 文件包含在偏移 0x110 处开始的字符，该字符在当前源字符集中无效(代码页 65001)。
  (编译源文件“x64/Release/qt/moc/moc_frmEdgeWidthMeasure.cpp”)
  
G:\QMacVisual(CV3)(25000)\QMacVisual(CV3)2022.9.21(25000)\QMacVisual(CV3)\QPlugins\GeometryMeasure\EdgeWidthMeasure\mytitlebar.h(1,1): warning C4828: 文件包含在偏移 0x112 处开始的字符，该字符在当前源字符集中无效(代码页 65001)。
  (编译源文件“x64/Release/qt/moc/moc_frmEdgeWidthMeasure.cpp”)
  
G:\QMacVisual(CV3)(25000)\QMacVisual(CV3)2022.9.21(25000)\QMacVisual(CV3)\QPlugins\GeometryMeasure\EdgeWidthMeasure\mytitlebar.h(1,1): warning C4828: 文件包含在偏移 0x117 处开始的字符，该字符在当前源字符集中无效(代码页 65001)。
  (编译源文件“x64/Release/qt/moc/moc_frmEdgeWidthMeasure.cpp”)
  
G:\QMacVisual(CV3)(25000)\QMacVisual(CV3)2022.9.21(25000)\QMacVisual(CV3)\QPlugins\GeometryMeasure\EdgeWidthMeasure\mytitlebar.h(1,1): warning C4828: 文件包含在偏移 0x19a 处开始的字符，该字符在当前源字符集中无效(代码页 65001)。
  (编译源文件“x64/Release/qt/moc/moc_frmEdgeWidthMeasure.cpp”)
  
G:\QMacVisual(CV3)(25000)\QMacVisual(CV3)2022.9.21(25000)\QMacVisual(CV3)\QPlugins\GeometryMeasure\EdgeWidthMeasure\mytitlebar.h(1,1): warning C4828: 文件包含在偏移 0x19c 处开始的字符，该字符在当前源字符集中无效(代码页 65001)。
  (编译源文件“x64/Release/qt/moc/moc_frmEdgeWidthMeasure.cpp”)
  
G:\QMacVisual(CV3)(25000)\QMacVisual(CV3)2022.9.21(25000)\QMacVisual(CV3)\QPlugins\GeometryMeasure\EdgeWidthMeasure\mytitlebar.h(1,1): warning C4828: 文件包含在偏移 0x19e 处开始的字符，该字符在当前源字符集中无效(代码页 65001)。
  (编译源文件“x64/Release/qt/moc/moc_frmEdgeWidthMeasure.cpp”)
  
G:\QMacVisual(CV3)(25000)\QMacVisual(CV3)2022.9.21(25000)\QMacVisual(CV3)\QPlugins\GeometryMeasure\EdgeWidthMeasure\mytitlebar.h(1,1): warning C4828: 文件包含在偏移 0x19f 处开始的字符，该字符在当前源字符集中无效(代码页 65001)。
  (编译源文件“x64/Release/qt/moc/moc_frmEdgeWidthMeasure.cpp”)
  
G:\QMacVisual(CV3)(25000)\QMacVisual(CV3)2022.9.21(25000)\QMacVisual(CV3)\QPlugins\GeometryMeasure\EdgeWidthMeasure\mytitlebar.h(1,1): warning C4828: 文件包含在偏移 0x1a2 处开始的字符，该字符在当前源字符集中无效(代码页 65001)。
  (编译源文件“x64/Release/qt/moc/moc_frmEdgeWidthMeasure.cpp”)
  
G:\QMacVisual(CV3)(25000)\QMacVisual(CV3)2022.9.21(25000)\QMacVisual(CV3)\QPlugins\GeometryMeasure\EdgeWidthMeasure\mytitlebar.h(1,1): warning C4828: 文件包含在偏移 0x1a3 处开始的字符，该字符在当前源字符集中无效(代码页 65001)。
  (编译源文件“x64/Release/qt/moc/moc_frmEdgeWidthMeasure.cpp”)
  
G:\QMacVisual(CV3)(25000)\QMacVisual(CV3)2022.9.21(25000)\QMacVisual(CV3)\QPlugins\GeometryMeasure\EdgeWidthMeasure\mytitlebar.h(1,1): warning C4828: 文件包含在偏移 0x1a4 处开始的字符，该字符在当前源字符集中无效(代码页 65001)。
  (编译源文件“x64/Release/qt/moc/moc_frmEdgeWidthMeasure.cpp”)
  
G:\QMacVisual(CV3)(25000)\QMacVisual(CV3)2022.9.21(25000)\QMacVisual(CV3)\QPlugins\GeometryMeasure\EdgeWidthMeasure\mytitlebar.h(1,1): warning C4828: 文件包含在偏移 0x1a5 处开始的字符，该字符在当前源字符集中无效(代码页 65001)。
  (编译源文件“x64/Release/qt/moc/moc_frmEdgeWidthMeasure.cpp”)
  
G:\QMacVisual(CV3)(25000)\QMacVisual(CV3)2022.9.21(25000)\QMacVisual(CV3)\QPlugins\GeometryMeasure\EdgeWidthMeasure\mytitlebar.h(1,1): warning C4828: 文件包含在偏移 0x1a6 处开始的字符，该字符在当前源字符集中无效(代码页 65001)。
  (编译源文件“x64/Release/qt/moc/moc_frmEdgeWidthMeasure.cpp”)
  
G:\QMacVisual(CV3)(25000)\QMacVisual(CV3)2022.9.21(25000)\QMacVisual(CV3)\QPlugins\GeometryMeasure\EdgeWidthMeasure\mytitlebar.h(1,1): warning C4828: 文件包含在偏移 0x1a7 处开始的字符，该字符在当前源字符集中无效(代码页 65001)。
  (编译源文件“x64/Release/qt/moc/moc_frmEdgeWidthMeasure.cpp”)
  
G:\QMacVisual(CV3)(25000)\QMacVisual(CV3)2022.9.21(25000)\QMacVisual(CV3)\QPlugins\GeometryMeasure\EdgeWidthMeasure\mytitlebar.h(1,1): warning C4828: 文件包含在偏移 0x1df 处开始的字符，该字符在当前源字符集中无效(代码页 65001)。
  (编译源文件“x64/Release/qt/moc/moc_frmEdgeWidthMeasure.cpp”)
  
G:\QMacVisual(CV3)(25000)\QMacVisual(CV3)2022.9.21(25000)\QMacVisual(CV3)\QPlugins\GeometryMeasure\EdgeWidthMeasure\mytitlebar.h(1,1): warning C4828: 文件包含在偏移 0x1e1 处开始的字符，该字符在当前源字符集中无效(代码页 65001)。
  (编译源文件“x64/Release/qt/moc/moc_frmEdgeWidthMeasure.cpp”)
  
G:\QMacVisual(CV3)(25000)\QMacVisual(CV3)2022.9.21(25000)\QMacVisual(CV3)\QPlugins\GeometryMeasure\EdgeWidthMeasure\mytitlebar.h(1,1): warning C4828: 文件包含在偏移 0x1e3 处开始的字符，该字符在当前源字符集中无效(代码页 65001)。
  (编译源文件“x64/Release/qt/moc/moc_frmEdgeWidthMeasure.cpp”)
  
G:\QMacVisual(CV3)(25000)\QMacVisual(CV3)2022.9.21(25000)\QMacVisual(CV3)\QPlugins\GeometryMeasure\EdgeWidthMeasure\mytitlebar.h(1,1): warning C4828: 文件包含在偏移 0x1e4 处开始的字符，该字符在当前源字符集中无效(代码页 65001)。
  (编译源文件“x64/Release/qt/moc/moc_frmEdgeWidthMeasure.cpp”)
  
G:\QMacVisual(CV3)(25000)\QMacVisual(CV3)2022.9.21(25000)\QMacVisual(CV3)\QPlugins\GeometryMeasure\EdgeWidthMeasure\mytitlebar.h(1,1): warning C4828: 文件包含在偏移 0x1e7 处开始的字符，该字符在当前源字符集中无效(代码页 65001)。
  (编译源文件“x64/Release/qt/moc/moc_frmEdgeWidthMeasure.cpp”)
  
G:\QMacVisual(CV3)(25000)\QMacVisual(CV3)2022.9.21(25000)\QMacVisual(CV3)\QPlugins\GeometryMeasure\EdgeWidthMeasure\mytitlebar.h(1,1): warning C4828: 文件包含在偏移 0x1e8 处开始的字符，该字符在当前源字符集中无效(代码页 65001)。
  (编译源文件“x64/Release/qt/moc/moc_frmEdgeWidthMeasure.cpp”)
  
G:\QMacVisual(CV3)(25000)\QMacVisual(CV3)2022.9.21(25000)\QMacVisual(CV3)\QPlugins\GeometryMeasure\EdgeWidthMeasure\mytitlebar.h(1,1): warning C4828: 文件包含在偏移 0x1eb 处开始的字符，该字符在当前源字符集中无效(代码页 65001)。
  (编译源文件“x64/Release/qt/moc/moc_frmEdgeWidthMeasure.cpp”)
  
G:\QMacVisual(CV3)(25000)\QMacVisual(CV3)2022.9.21(25000)\QMacVisual(CV3)\QPlugins\GeometryMeasure\EdgeWidthMeasure\mytitlebar.h(1,1): warning C4828: 文件包含在偏移 0x1ec 处开始的字符，该字符在当前源字符集中无效(代码页 65001)。
  (编译源文件“x64/Release/qt/moc/moc_frmEdgeWidthMeasure.cpp”)
  
G:\QMacVisual(CV3)(25000)\QMacVisual(CV3)2022.9.21(25000)\QMacVisual(CV3)\QPlugins\GeometryMeasure\EdgeWidthMeasure\mytitlebar.h(1,1): warning C4828: 文件包含在偏移 0x219 处开始的字符，该字符在当前源字符集中无效(代码页 65001)。
  (编译源文件“x64/Release/qt/moc/moc_frmEdgeWidthMeasure.cpp”)
  
G:\QMacVisual(CV3)(25000)\QMacVisual(CV3)2022.9.21(25000)\QMacVisual(CV3)\QPlugins\GeometryMeasure\EdgeWidthMeasure\mytitlebar.h(1,1): warning C4828: 文件包含在偏移 0x21b 处开始的字符，该字符在当前源字符集中无效(代码页 65001)。
  (编译源文件“x64/Release/qt/moc/moc_frmEdgeWidthMeasure.cpp”)
  
G:\QMacVisual(CV3)(25000)\QMacVisual(CV3)2022.9.21(25000)\QMacVisual(CV3)\QPlugins\GeometryMeasure\EdgeWidthMeasure\mytitlebar.h(1,1): warning C4828: 文件包含在偏移 0x21d 处开始的字符，该字符在当前源字符集中无效(代码页 65001)。
  (编译源文件“x64/Release/qt/moc/moc_frmEdgeWidthMeasure.cpp”)
  
G:\QMacVisual(CV3)(25000)\QMacVisual(CV3)2022.9.21(25000)\QMacVisual(CV3)\QPlugins\GeometryMeasure\EdgeWidthMeasure\mytitlebar.h(1,1): warning C4828: 文件包含在偏移 0x21e 处开始的字符，该字符在当前源字符集中无效(代码页 65001)。
  (编译源文件“x64/Release/qt/moc/moc_frmEdgeWidthMeasure.cpp”)
  
G:\QMacVisual(CV3)(25000)\QMacVisual(CV3)2022.9.21(25000)\QMacVisual(CV3)\QPlugins\GeometryMeasure\EdgeWidthMeasure\mytitlebar.h(1,1): warning C4828: 文件包含在偏移 0x221 处开始的字符，该字符在当前源字符集中无效(代码页 65001)。
  (编译源文件“x64/Release/qt/moc/moc_frmEdgeWidthMeasure.cpp”)
  
G:\QMacVisual(CV3)(25000)\QMacVisual(CV3)2022.9.21(25000)\QMacVisual(CV3)\QPlugins\GeometryMeasure\EdgeWidthMeasure\mytitlebar.h(1,1): warning C4828: 文件包含在偏移 0x223 处开始的字符，该字符在当前源字符集中无效(代码页 65001)。
  (编译源文件“x64/Release/qt/moc/moc_frmEdgeWidthMeasure.cpp”)
  
G:\QMacVisual(CV3)(25000)\QMacVisual(CV3)2022.9.21(25000)\QMacVisual(CV3)\QPlugins\GeometryMeasure\EdgeWidthMeasure\mytitlebar.h(1,1): warning C4828: 文件包含在偏移 0x258 处开始的字符，该字符在当前源字符集中无效(代码页 65001)。
  (编译源文件“x64/Release/qt/moc/moc_frmEdgeWidthMeasure.cpp”)
  
G:\QMacVisual(CV3)(25000)\QMacVisual(CV3)2022.9.21(25000)\QMacVisual(CV3)\QPlugins\GeometryMeasure\EdgeWidthMeasure\mytitlebar.h(1,1): warning C4828: 文件包含在偏移 0x25a 处开始的字符，该字符在当前源字符集中无效(代码页 65001)。
  (编译源文件“x64/Release/qt/moc/moc_frmEdgeWidthMeasure.cpp”)
  
G:\QMacVisual(CV3)(25000)\QMacVisual(CV3)2022.9.21(25000)\QMacVisual(CV3)\QPlugins\GeometryMeasure\EdgeWidthMeasure\mytitlebar.h(1,1): warning C4828: 文件包含在偏移 0x25c 处开始的字符，该字符在当前源字符集中无效(代码页 65001)。
  (编译源文件“x64/Release/qt/moc/moc_frmEdgeWidthMeasure.cpp”)
  
G:\QMacVisual(CV3)(25000)\QMacVisual(CV3)2022.9.21(25000)\QMacVisual(CV3)\QPlugins\GeometryMeasure\EdgeWidthMeasure\mytitlebar.h(1,1): warning C4828: 文件包含在偏移 0x25d 处开始的字符，该字符在当前源字符集中无效(代码页 65001)。
  (编译源文件“x64/Release/qt/moc/moc_frmEdgeWidthMeasure.cpp”)
  
G:\QMacVisual(CV3)(25000)\QMacVisual(CV3)2022.9.21(25000)\QMacVisual(CV3)\QPlugins\GeometryMeasure\EdgeWidthMeasure\mytitlebar.h(1,1): warning C4828: 文件包含在偏移 0x260 处开始的字符，该字符在当前源字符集中无效(代码页 65001)。
  (编译源文件“x64/Release/qt/moc/moc_frmEdgeWidthMeasure.cpp”)
  
G:\QMacVisual(CV3)(25000)\QMacVisual(CV3)2022.9.21(25000)\QMacVisual(CV3)\QPlugins\GeometryMeasure\EdgeWidthMeasure\mytitlebar.h(1,1): warning C4828: 文件包含在偏移 0x261 处开始的字符，该字符在当前源字符集中无效(代码页 65001)。
  (编译源文件“x64/Release/qt/moc/moc_frmEdgeWidthMeasure.cpp”)
  
G:\QMacVisual(CV3)(25000)\QMacVisual(CV3)2022.9.21(25000)\QMacVisual(CV3)\QPlugins\GeometryMeasure\EdgeWidthMeasure\mytitlebar.h(1,1): warning C4828: 文件包含在偏移 0x262 处开始的字符，该字符在当前源字符集中无效(代码页 65001)。
  (编译源文件“x64/Release/qt/moc/moc_frmEdgeWidthMeasure.cpp”)
  
G:\QMacVisual(CV3)(25000)\QMacVisual(CV3)2022.9.21(25000)\QMacVisual(CV3)\QPlugins\GeometryMeasure\EdgeWidthMeasure\mytitlebar.h(1,1): warning C4828: 文件包含在偏移 0x263 处开始的字符，该字符在当前源字符集中无效(代码页 65001)。
  (编译源文件“x64/Release/qt/moc/moc_frmEdgeWidthMeasure.cpp”)
  
G:\QMacVisual(CV3)(25000)\QMacVisual(CV3)2022.9.21(25000)\QMacVisual(CV3)\QPlugins\GeometryMeasure\EdgeWidthMeasure\mytitlebar.h(1,1): warning C4828: 文件包含在偏移 0x264 处开始的字符，该字符在当前源字符集中无效(代码页 65001)。
  (编译源文件“x64/Release/qt/moc/moc_frmEdgeWidthMeasure.cpp”)
  
G:\QMacVisual(CV3)(25000)\QMacVisual(CV3)2022.9.21(25000)\QMacVisual(CV3)\QPlugins\GeometryMeasure\EdgeWidthMeasure\mytitlebar.h(1,1): warning C4828: 文件包含在偏移 0x265 处开始的字符，该字符在当前源字符集中无效(代码页 65001)。
  (编译源文件“x64/Release/qt/moc/moc_frmEdgeWidthMeasure.cpp”)
  
G:\QMacVisual(CV3)(25000)\QMacVisual(CV3)2022.9.21(25000)\QMacVisual(CV3)\QPlugins\GeometryMeasure\EdgeWidthMeasure\mytitlebar.h(1,1): warning C4828: 文件包含在偏移 0x28c 处开始的字符，该字符在当前源字符集中无效(代码页 65001)。
  (编译源文件“x64/Release/qt/moc/moc_frmEdgeWidthMeasure.cpp”)
  
G:\QMacVisual(CV3)(25000)\QMacVisual(CV3)2022.9.21(25000)\QMacVisual(CV3)\QPlugins\GeometryMeasure\EdgeWidthMeasure\mytitlebar.h(1,1): warning C4828: 文件包含在偏移 0x28e 处开始的字符，该字符在当前源字符集中无效(代码页 65001)。
  (编译源文件“x64/Release/qt/moc/moc_frmEdgeWidthMeasure.cpp”)
  
G:\QMacVisual(CV3)(25000)\QMacVisual(CV3)2022.9.21(25000)\QMacVisual(CV3)\QPlugins\GeometryMeasure\EdgeWidthMeasure\mytitlebar.h(1,1): warning C4828: 文件包含在偏移 0x290 处开始的字符，该字符在当前源字符集中无效(代码页 65001)。
  (编译源文件“x64/Release/qt/moc/moc_frmEdgeWidthMeasure.cpp”)
  
G:\QMacVisual(CV3)(25000)\QMacVisual(CV3)2022.9.21(25000)\QMacVisual(CV3)\QPlugins\GeometryMeasure\EdgeWidthMeasure\mytitlebar.h(1,1): warning C4828: 文件包含在偏移 0x291 处开始的字符，该字符在当前源字符集中无效(代码页 65001)。
  (编译源文件“x64/Release/qt/moc/moc_frmEdgeWidthMeasure.cpp”)
  
G:\QMacVisual(CV3)(25000)\QMacVisual(CV3)2022.9.21(25000)\QMacVisual(CV3)\QPlugins\GeometryMeasure\EdgeWidthMeasure\mytitlebar.h(1,1): warning C4828: 文件包含在偏移 0x294 处开始的字符，该字符在当前源字符集中无效(代码页 65001)。
  (编译源文件“x64/Release/qt/moc/moc_frmEdgeWidthMeasure.cpp”)
  
G:\QMacVisual(CV3)(25000)\QMacVisual(CV3)2022.9.21(25000)\QMacVisual(CV3)\QPlugins\GeometryMeasure\EdgeWidthMeasure\mytitlebar.h(1,1): warning C4828: 文件包含在偏移 0x295 处开始的字符，该字符在当前源字符集中无效(代码页 65001)。
  (编译源文件“x64/Release/qt/moc/moc_frmEdgeWidthMeasure.cpp”)
  
G:\QMacVisual(CV3)(25000)\QMacVisual(CV3)2022.9.21(25000)\QMacVisual(CV3)\QPlugins\GeometryMeasure\EdgeWidthMeasure\mytitlebar.h(1,1): warning C4828: 文件包含在偏移 0x296 处开始的字符，该字符在当前源字符集中无效(代码页 65001)。
  (编译源文件“x64/Release/qt/moc/moc_frmEdgeWidthMeasure.cpp”)
  
G:\QMacVisual(CV3)(25000)\QMacVisual(CV3)2022.9.21(25000)\QMacVisual(CV3)\QPlugins\GeometryMeasure\EdgeWidthMeasure\mytitlebar.h(1,1): warning C4828: 文件包含在偏移 0x298 处开始的字符，该字符在当前源字符集中无效(代码页 65001)。
  (编译源文件“x64/Release/qt/moc/moc_frmEdgeWidthMeasure.cpp”)
  
G:\QMacVisual(CV3)(25000)\QMacVisual(CV3)2022.9.21(25000)\QMacVisual(CV3)\QPlugins\GeometryMeasure\EdgeWidthMeasure\mytitlebar.h(1,1): warning C4828: 文件包含在偏移 0x299 处开始的字符，该字符在当前源字符集中无效(代码页 65001)。
  (编译源文件“x64/Release/qt/moc/moc_frmEdgeWidthMeasure.cpp”)
  
G:\QMacVisual(CV3)(25000)\QMacVisual(CV3)2022.9.21(25000)\QMacVisual(CV3)\QPlugins\GeometryMeasure\EdgeWidthMeasure\mytitlebar.h(1,1): warning C4828: 文件包含在偏移 0x29c 处开始的字符，该字符在当前源字符集中无效(代码页 65001)。
  (编译源文件“x64/Release/qt/moc/moc_frmEdgeWidthMeasure.cpp”)
  
G:\QMacVisual(CV3)(25000)\QMacVisual(CV3)2022.9.21(25000)\QMacVisual(CV3)\QPlugins\GeometryMeasure\EdgeWidthMeasure\mytitlebar.h(1,1): warning C4828: 文件包含在偏移 0x29d 处开始的字符，该字符在当前源字符集中无效(代码页 65001)。
  (编译源文件“x64/Release/qt/moc/moc_frmEdgeWidthMeasure.cpp”)
  
G:\QMacVisual(CV3)(25000)\QMacVisual(CV3)2022.9.21(25000)\QMacVisual(CV3)\QPlugins\GeometryMeasure\EdgeWidthMeasure\mytitlebar.h(1,1): warning C4828: 文件包含在偏移 0x2d2 处开始的字符，该字符在当前源字符集中无效(代码页 65001)。
  (编译源文件“x64/Release/qt/moc/moc_frmEdgeWidthMeasure.cpp”)
  
G:\QMacVisual(CV3)(25000)\QMacVisual(CV3)2022.9.21(25000)\QMacVisual(CV3)\QPlugins\GeometryMeasure\EdgeWidthMeasure\mytitlebar.h(1,1): warning C4828: 文件包含在偏移 0x2d4 处开始的字符，该字符在当前源字符集中无效(代码页 65001)。
  (编译源文件“x64/Release/qt/moc/moc_frmEdgeWidthMeasure.cpp”)
  
G:\QMacVisual(CV3)(25000)\QMacVisual(CV3)2022.9.21(25000)\QMacVisual(CV3)\QPlugins\GeometryMeasure\EdgeWidthMeasure\mytitlebar.h(1,1): warning C4828: 文件包含在偏移 0x2d6 处开始的字符，该字符在当前源字符集中无效(代码页 65001)。
  (编译源文件“x64/Release/qt/moc/moc_frmEdgeWidthMeasure.cpp”)
  
G:\QMacVisual(CV3)(25000)\QMacVisual(CV3)2022.9.21(25000)\QMacVisual(CV3)\QPlugins\GeometryMeasure\EdgeWidthMeasure\mytitlebar.h(1,1): warning C4828: 文件包含在偏移 0x2d7 处开始的字符，该字符在当前源字符集中无效(代码页 65001)。
  (编译源文件“x64/Release/qt/moc/moc_frmEdgeWidthMeasure.cpp”)
  
G:\QMacVisual(CV3)(25000)\QMacVisual(CV3)2022.9.21(25000)\QMacVisual(CV3)\QPlugins\GeometryMeasure\EdgeWidthMeasure\mytitlebar.h(1,1): warning C4828: 文件包含在偏移 0x2da 处开始的字符，该字符在当前源字符集中无效(代码页 65001)。
  (编译源文件“x64/Release/qt/moc/moc_frmEdgeWidthMeasure.cpp”)
  
G:\QMacVisual(CV3)(25000)\QMacVisual(CV3)2022.9.21(25000)\QMacVisual(CV3)\QPlugins\GeometryMeasure\EdgeWidthMeasure\mytitlebar.h(1,1): warning C4828: 文件包含在偏移 0x2db 处开始的字符，该字符在当前源字符集中无效(代码页 65001)。
  (编译源文件“x64/Release/qt/moc/moc_frmEdgeWidthMeasure.cpp”)
  
G:\QMacVisual(CV3)(25000)\QMacVisual(CV3)2022.9.21(25000)\QMacVisual(CV3)\QPlugins\GeometryMeasure\EdgeWidthMeasure\mytitlebar.h(1,1): warning C4828: 文件包含在偏移 0x2dc 处开始的字符，该字符在当前源字符集中无效(代码页 65001)。
  (编译源文件“x64/Release/qt/moc/moc_frmEdgeWidthMeasure.cpp”)
  
G:\QMacVisual(CV3)(25000)\QMacVisual(CV3)2022.9.21(25000)\QMacVisual(CV3)\QPlugins\GeometryMeasure\EdgeWidthMeasure\mytitlebar.h(1,1): warning C4828: 文件包含在偏移 0x2de 处开始的字符，该字符在当前源字符集中无效(代码页 65001)。
  (编译源文件“x64/Release/qt/moc/moc_frmEdgeWidthMeasure.cpp”)
  
G:\QMacVisual(CV3)(25000)\QMacVisual(CV3)2022.9.21(25000)\QMacVisual(CV3)\QPlugins\GeometryMeasure\EdgeWidthMeasure\mytitlebar.h(1,1): warning C4828: 文件包含在偏移 0x2e1 处开始的字符，该字符在当前源字符集中无效(代码页 65001)。
  (编译源文件“x64/Release/qt/moc/moc_frmEdgeWidthMeasure.cpp”)
  
G:\QMacVisual(CV3)(25000)\QMacVisual(CV3)2022.9.21(25000)\QMacVisual(CV3)\QPlugins\GeometryMeasure\EdgeWidthMeasure\mytitlebar.h(1,1): warning C4828: 文件包含在偏移 0x2e4 处开始的字符，该字符在当前源字符集中无效(代码页 65001)。
  (编译源文件“x64/Release/qt/moc/moc_frmEdgeWidthMeasure.cpp”)
  
G:\QMacVisual(CV3)(25000)\QMacVisual(CV3)2022.9.21(25000)\QMacVisual(CV3)\QPlugins\GeometryMeasure\EdgeWidthMeasure\mytitlebar.h(1,1): warning C4828: 文件包含在偏移 0x2e6 处开始的字符，该字符在当前源字符集中无效(代码页 65001)。
  (编译源文件“x64/Release/qt/moc/moc_frmEdgeWidthMeasure.cpp”)
  
G:\QMacVisual(CV3)(25000)\QMacVisual(CV3)2022.9.21(25000)\QMacVisual(CV3)\QPlugins\GeometryMeasure\EdgeWidthMeasure\mytitlebar.h(1,1): warning C4828: 文件包含在偏移 0x2e7 处开始的字符，该字符在当前源字符集中无效(代码页 65001)。
  (编译源文件“x64/Release/qt/moc/moc_frmEdgeWidthMeasure.cpp”)
  
G:\QMacVisual(CV3)(25000)\QMacVisual(CV3)2022.9.21(25000)\QMacVisual(CV3)\QPlugins\GeometryMeasure\EdgeWidthMeasure\mytitlebar.h(1,1): warning C4828: 文件包含在偏移 0x2eb 处开始的字符，该字符在当前源字符集中无效(代码页 65001)。
  (编译源文件“x64/Release/qt/moc/moc_frmEdgeWidthMeasure.cpp”)
  
G:\QMacVisual(CV3)(25000)\QMacVisual(CV3)2022.9.21(25000)\QMacVisual(CV3)\QPlugins\GeometryMeasure\EdgeWidthMeasure\mytitlebar.h(1,1): warning C4828: 文件包含在偏移 0x2ef 处开始的字符，该字符在当前源字符集中无效(代码页 65001)。
  (编译源文件“x64/Release/qt/moc/moc_frmEdgeWidthMeasure.cpp”)
  
G:\QMacVisual(CV3)(25000)\QMacVisual(CV3)2022.9.21(25000)\QMacVisual(CV3)\QPlugins\GeometryMeasure\EdgeWidthMeasure\mytitlebar.h(1,1): warning C4828: 文件包含在偏移 0x2f0 处开始的字符，该字符在当前源字符集中无效(代码页 65001)。
  (编译源文件“x64/Release/qt/moc/moc_frmEdgeWidthMeasure.cpp”)
  
G:\QMacVisual(CV3)(25000)\QMacVisual(CV3)2022.9.21(25000)\QMacVisual(CV3)\QPlugins\GeometryMeasure\EdgeWidthMeasure\mytitlebar.h(1,1): warning C4828: 文件包含在偏移 0x2f2 处开始的字符，该字符在当前源字符集中无效(代码页 65001)。
  (编译源文件“x64/Release/qt/moc/moc_frmEdgeWidthMeasure.cpp”)
  
G:\QMacVisual(CV3)(25000)\QMacVisual(CV3)2022.9.21(25000)\QMacVisual(CV3)\QPlugins\GeometryMeasure\EdgeWidthMeasure\mytitlebar.h(1,1): warning C4828: 文件包含在偏移 0x2f5 处开始的字符，该字符在当前源字符集中无效(代码页 65001)。
  (编译源文件“x64/Release/qt/moc/moc_frmEdgeWidthMeasure.cpp”)
  
G:\QMacVisual(CV3)(25000)\QMacVisual(CV3)2022.9.21(25000)\QMacVisual(CV3)\QPlugins\GeometryMeasure\EdgeWidthMeasure\mytitlebar.h(1,1): warning C4828: 文件包含在偏移 0x2f7 处开始的字符，该字符在当前源字符集中无效(代码页 65001)。
  (编译源文件“x64/Release/qt/moc/moc_frmEdgeWidthMeasure.cpp”)
  
G:\QMacVisual(CV3)(25000)\QMacVisual(CV3)2022.9.21(25000)\QMacVisual(CV3)\QPlugins\GeometryMeasure\EdgeWidthMeasure\mytitlebar.h(1,1): warning C4828: 文件包含在偏移 0x2f8 处开始的字符，该字符在当前源字符集中无效(代码页 65001)。
  (编译源文件“x64/Release/qt/moc/moc_frmEdgeWidthMeasure.cpp”)
  
G:\QMacVisual(CV3)(25000)\QMacVisual(CV3)2022.9.21(25000)\QMacVisual(CV3)\QPlugins\GeometryMeasure\EdgeWidthMeasure\mytitlebar.h(1,1): warning C4828: 文件包含在偏移 0x2fb 处开始的字符，该字符在当前源字符集中无效(代码页 65001)。
  (编译源文件“x64/Release/qt/moc/moc_frmEdgeWidthMeasure.cpp”)
  
G:\QMacVisual(CV3)(25000)\QMacVisual(CV3)2022.9.21(25000)\QMacVisual(CV3)\QPlugins\GeometryMeasure\EdgeWidthMeasure\mytitlebar.h(1,1): warning C4828: 文件包含在偏移 0x2fc 处开始的字符，该字符在当前源字符集中无效(代码页 65001)。
  (编译源文件“x64/Release/qt/moc/moc_frmEdgeWidthMeasure.cpp”)
  
G:\QMacVisual(CV3)(25000)\QMacVisual(CV3)2022.9.21(25000)\QMacVisual(CV3)\QPlugins\GeometryMeasure\EdgeWidthMeasure\mytitlebar.h(1,1): warning C4828: 文件包含在偏移 0x319 处开始的字符，该字符在当前源字符集中无效(代码页 65001)。
  (编译源文件“x64/Release/qt/moc/moc_frmEdgeWidthMeasure.cpp”)
  
G:\QMacVisual(CV3)(25000)\QMacVisual(CV3)2022.9.21(25000)\QMacVisual(CV3)\QPlugins\GeometryMeasure\EdgeWidthMeasure\mytitlebar.h(1,1): warning C4828: 文件包含在偏移 0x31a 处开始的字符，该字符在当前源字符集中无效(代码页 65001)。
  (编译源文件“x64/Release/qt/moc/moc_frmEdgeWidthMeasure.cpp”)
  
G:\QMacVisual(CV3)(25000)\QMacVisual(CV3)2022.9.21(25000)\QMacVisual(CV3)\QPlugins\GeometryMeasure\EdgeWidthMeasure\mytitlebar.h(1,1): warning C4828: 文件包含在偏移 0x31b 处开始的字符，该字符在当前源字符集中无效(代码页 65001)。
  (编译源文件“x64/Release/qt/moc/moc_frmEdgeWidthMeasure.cpp”)
  
G:\QMacVisual(CV3)(25000)\QMacVisual(CV3)2022.9.21(25000)\QMacVisual(CV3)\QPlugins\GeometryMeasure\EdgeWidthMeasure\mytitlebar.h(1,1): warning C4828: 文件包含在偏移 0x31c 处开始的字符，该字符在当前源字符集中无效(代码页 65001)。
  (编译源文件“x64/Release/qt/moc/moc_frmEdgeWidthMeasure.cpp”)
  
G:\QMacVisual(CV3)(25000)\QMacVisual(CV3)2022.9.21(25000)\QMacVisual(CV3)\QPlugins\GeometryMeasure\EdgeWidthMeasure\mytitlebar.h(1,1): warning C4828: 文件包含在偏移 0x31f 处开始的字符，该字符在当前源字符集中无效(代码页 65001)。
  (编译源文件“x64/Release/qt/moc/moc_frmEdgeWidthMeasure.cpp”)
  
G:\QMacVisual(CV3)(25000)\QMacVisual(CV3)2022.9.21(25000)\QMacVisual(CV3)\QPlugins\GeometryMeasure\EdgeWidthMeasure\mytitlebar.h(1,1): warning C4828: 文件包含在偏移 0x320 处开始的字符，该字符在当前源字符集中无效(代码页 65001)。
  (编译源文件“x64/Release/qt/moc/moc_frmEdgeWidthMeasure.cpp”)
  
G:\QMacVisual(CV3)(25000)\QMacVisual(CV3)2022.9.21(25000)\QMacVisual(CV3)\QPlugins\GeometryMeasure\EdgeWidthMeasure\mytitlebar.h(1,1): warning C4828: 文件包含在偏移 0x324 处开始的字符，该字符在当前源字符集中无效(代码页 65001)。
  (编译源文件“x64/Release/qt/moc/moc_frmEdgeWidthMeasure.cpp”)
  
G:\QMacVisual(CV3)(25000)\QMacVisual(CV3)2022.9.21(25000)\QMacVisual(CV3)\QPlugins\GeometryMeasure\EdgeWidthMeasure\mytitlebar.h(1,1): warning C4828: 文件包含在偏移 0x325 处开始的字符，该字符在当前源字符集中无效(代码页 65001)。
  (编译源文件“x64/Release/qt/moc/moc_frmEdgeWidthMeasure.cpp”)
  
G:\QMacVisual(CV3)(25000)\QMacVisual(CV3)2022.9.21(25000)\QMacVisual(CV3)\QPlugins\GeometryMeasure\EdgeWidthMeasure\mytitlebar.h(1,1): warning C4828: 文件包含在偏移 0x326 处开始的字符，该字符在当前源字符集中无效(代码页 65001)。
  (编译源文件“x64/Release/qt/moc/moc_frmEdgeWidthMeasure.cpp”)
  
G:\QMacVisual(CV3)(25000)\QMacVisual(CV3)2022.9.21(25000)\QMacVisual(CV3)\QPlugins\GeometryMeasure\EdgeWidthMeasure\mytitlebar.h(1,1): warning C4828: 文件包含在偏移 0x327 处开始的字符，该字符在当前源字符集中无效(代码页 65001)。
  (编译源文件“x64/Release/qt/moc/moc_frmEdgeWidthMeasure.cpp”)
  
G:\QMacVisual(CV3)(25000)\QMacVisual(CV3)2022.9.21(25000)\QMacVisual(CV3)\QPlugins\GeometryMeasure\EdgeWidthMeasure\mytitlebar.h(1,1): warning C4828: 文件包含在偏移 0x32a 处开始的字符，该字符在当前源字符集中无效(代码页 65001)。
  (编译源文件“x64/Release/qt/moc/moc_frmEdgeWidthMeasure.cpp”)
  
G:\QMacVisual(CV3)(25000)\QMacVisual(CV3)2022.9.21(25000)\QMacVisual(CV3)\QPlugins\GeometryMeasure\EdgeWidthMeasure\mytitlebar.h(1,1): warning C4828: 文件包含在偏移 0x32c 处开始的字符，该字符在当前源字符集中无效(代码页 65001)。
  (编译源文件“x64/Release/qt/moc/moc_frmEdgeWidthMeasure.cpp”)
  
G:\QMacVisual(CV3)(25000)\QMacVisual(CV3)2022.9.21(25000)\QMacVisual(CV3)\QPlugins\GeometryMeasure\EdgeWidthMeasure\mytitlebar.h(1,1): warning C4828: 文件包含在偏移 0x32d 处开始的字符，该字符在当前源字符集中无效(代码页 65001)。
  (编译源文件“x64/Release/qt/moc/moc_frmEdgeWidthMeasure.cpp”)
  
G:\QMacVisual(CV3)(25000)\QMacVisual(CV3)2022.9.21(25000)\QMacVisual(CV3)\QPlugins\GeometryMeasure\EdgeWidthMeasure\mytitlebar.h(1,1): warning C4828: 文件包含在偏移 0x32f 处开始的字符，该字符在当前源字符集中无效(代码页 65001)。
  (编译源文件“x64/Release/qt/moc/moc_frmEdgeWidthMeasure.cpp”)
  
G:\QMacVisual(CV3)(25000)\QMacVisual(CV3)2022.9.21(25000)\QMacVisual(CV3)\QPlugins\GeometryMeasure\EdgeWidthMeasure\mytitlebar.h(1,1): warning C4828: 文件包含在偏移 0x330 处开始的字符，该字符在当前源字符集中无效(代码页 65001)。
  (编译源文件“x64/Release/qt/moc/moc_frmEdgeWidthMeasure.cpp”)
  
G:\QMacVisual(CV3)(25000)\QMacVisual(CV3)2022.9.21(25000)\QMacVisual(CV3)\QPlugins\GeometryMeasure\EdgeWidthMeasure\mytitlebar.h(1,1): warning C4828: 文件包含在偏移 0x331 处开始的字符，该字符在当前源字符集中无效(代码页 65001)。
  (编译源文件“x64/Release/qt/moc/moc_frmEdgeWidthMeasure.cpp”)
  
G:\QMacVisual(CV3)(25000)\QMacVisual(CV3)2022.9.21(25000)\QMacVisual(CV3)\QPlugins\GeometryMeasure\EdgeWidthMeasure\mytitlebar.h(1,1): warning C4828: 文件包含在偏移 0x332 处开始的字符，该字符在当前源字符集中无效(代码页 65001)。
  (编译源文件“x64/Release/qt/moc/moc_frmEdgeWidthMeasure.cpp”)
  
G:\QMacVisual(CV3)(25000)\QMacVisual(CV3)2022.9.21(25000)\QMacVisual(CV3)\QPlugins\GeometryMeasure\EdgeWidthMeasure\mytitlebar.h(1,1): warning C4828: 文件包含在偏移 0x378 处开始的字符，该字符在当前源字符集中无效(代码页 65001)。
  (编译源文件“x64/Release/qt/moc/moc_frmEdgeWidthMeasure.cpp”)
  
G:\QMacVisual(CV3)(25000)\QMacVisual(CV3)2022.9.21(25000)\QMacVisual(CV3)\QPlugins\GeometryMeasure\EdgeWidthMeasure\mytitlebar.h(1,1): warning C4828: 文件包含在偏移 0x379 处开始的字符，该字符在当前源字符集中无效(代码页 65001)。
  (编译源文件“x64/Release/qt/moc/moc_frmEdgeWidthMeasure.cpp”)
  
G:\QMacVisual(CV3)(25000)\QMacVisual(CV3)2022.9.21(25000)\QMacVisual(CV3)\QPlugins\GeometryMeasure\EdgeWidthMeasure\mytitlebar.h(1,1): warning C4828: 文件包含在偏移 0x37d 处开始的字符，该字符在当前源字符集中无效(代码页 65001)。
  (编译源文件“x64/Release/qt/moc/moc_frmEdgeWidthMeasure.cpp”)
  
G:\QMacVisual(CV3)(25000)\QMacVisual(CV3)2022.9.21(25000)\QMacVisual(CV3)\QPlugins\GeometryMeasure\EdgeWidthMeasure\mytitlebar.h(1,1): warning C4828: 文件包含在偏移 0x380 处开始的字符，该字符在当前源字符集中无效(代码页 65001)。
  (编译源文件“x64/Release/qt/moc/moc_frmEdgeWidthMeasure.cpp”)
  
G:\QMacVisual(CV3)(25000)\QMacVisual(CV3)2022.9.21(25000)\QMacVisual(CV3)\QPlugins\GeometryMeasure\EdgeWidthMeasure\mytitlebar.h(1,1): warning C4828: 文件包含在偏移 0x381 处开始的字符，该字符在当前源字符集中无效(代码页 65001)。
  (编译源文件“x64/Release/qt/moc/moc_frmEdgeWidthMeasure.cpp”)
  
G:\QMacVisual(CV3)(25000)\QMacVisual(CV3)2022.9.21(25000)\QMacVisual(CV3)\QPlugins\GeometryMeasure\EdgeWidthMeasure\mytitlebar.h(1,1): warning C4828: 文件包含在偏移 0x384 处开始的字符，该字符在当前源字符集中无效(代码页 65001)。
  (编译源文件“x64/Release/qt/moc/moc_frmEdgeWidthMeasure.cpp”)
  
G:\QMacVisual(CV3)(25000)\QMacVisual(CV3)2022.9.21(25000)\QMacVisual(CV3)\QPlugins\GeometryMeasure\EdgeWidthMeasure\mytitlebar.h(1,1): warning C4828: 文件包含在偏移 0x385 处开始的字符，该字符在当前源字符集中无效(代码页 65001)。
  (编译源文件“x64/Release/qt/moc/moc_frmEdgeWidthMeasure.cpp”)
  
G:\QMacVisual(CV3)(25000)\QMacVisual(CV3)2022.9.21(25000)\QMacVisual(CV3)\QPlugins\GeometryMeasure\EdgeWidthMeasure\mytitlebar.h(1,1): warning C4828: 文件包含在偏移 0x386 处开始的字符，该字符在当前源字符集中无效(代码页 65001)。
  (编译源文件“x64/Release/qt/moc/moc_frmEdgeWidthMeasure.cpp”)
  
G:\QMacVisual(CV3)(25000)\QMacVisual(CV3)2022.9.21(25000)\QMacVisual(CV3)\QPlugins\GeometryMeasure\EdgeWidthMeasure\mytitlebar.h(1,1): warning C4828: 文件包含在偏移 0x389 处开始的字符，该字符在当前源字符集中无效(代码页 65001)。
  (编译源文件“x64/Release/qt/moc/moc_frmEdgeWidthMeasure.cpp”)
  
G:\QMacVisual(CV3)(25000)\QMacVisual(CV3)2022.9.21(25000)\QMacVisual(CV3)\QPlugins\GeometryMeasure\EdgeWidthMeasure\mytitlebar.h(1,1): warning C4828: 文件包含在偏移 0x38b 处开始的字符，该字符在当前源字符集中无效(代码页 65001)。
  (编译源文件“x64/Release/qt/moc/moc_frmEdgeWidthMeasure.cpp”)
  
G:\QMacVisual(CV3)(25000)\QMacVisual(CV3)2022.9.21(25000)\QMacVisual(CV3)\QPlugins\GeometryMeasure\EdgeWidthMeasure\mytitlebar.h(1,1): warning C4828: 文件包含在偏移 0x38c 处开始的字符，该字符在当前源字符集中无效(代码页 65001)。
  (编译源文件“x64/Release/qt/moc/moc_frmEdgeWidthMeasure.cpp”)
  
G:\QMacVisual(CV3)(25000)\QMacVisual(CV3)2022.9.21(25000)\QMacVisual(CV3)\QPlugins\GeometryMeasure\EdgeWidthMeasure\mytitlebar.h(1,1): warning C4828: 文件包含在偏移 0x38e 处开始的字符，该字符在当前源字符集中无效(代码页 65001)。
  (编译源文件“x64/Release/qt/moc/moc_frmEdgeWidthMeasure.cpp”)
  
G:\QMacVisual(CV3)(25000)\QMacVisual(CV3)2022.9.21(25000)\QMacVisual(CV3)\QPlugins\GeometryMeasure\EdgeWidthMeasure\mytitlebar.h(1,1): warning C4828: 文件包含在偏移 0x38f 处开始的字符，该字符在当前源字符集中无效(代码页 65001)。
  (编译源文件“x64/Release/qt/moc/moc_frmEdgeWidthMeasure.cpp”)
  
G:\QMacVisual(CV3)(25000)\QMacVisual(CV3)2022.9.21(25000)\QMacVisual(CV3)\QPlugins\GeometryMeasure\EdgeWidthMeasure\mytitlebar.h(1,1): warning C4828: 文件包含在偏移 0x390 处开始的字符，该字符在当前源字符集中无效(代码页 65001)。
  (编译源文件“x64/Release/qt/moc/moc_frmEdgeWidthMeasure.cpp”)
  
G:\QMacVisual(CV3)(25000)\QMacVisual(CV3)2022.9.21(25000)\QMacVisual(CV3)\QPlugins\GeometryMeasure\EdgeWidthMeasure\mytitlebar.h(1,1): warning C4828: 文件包含在偏移 0x391 处开始的字符，该字符在当前源字符集中无效(代码页 65001)。
  (编译源文件“x64/Release/qt/moc/moc_frmEdgeWidthMeasure.cpp”)
  
G:\QMacVisual(CV3)(25000)\QMacVisual(CV3)2022.9.21(25000)\QMacVisual(CV3)\QPlugins\GeometryMeasure\EdgeWidthMeasure\mytitlebar.h(1,1): warning C4828: 文件包含在偏移 0x4b6 处开始的字符，该字符在当前源字符集中无效(代码页 65001)。
  (编译源文件“x64/Release/qt/moc/moc_frmEdgeWidthMeasure.cpp”)
  
G:\QMacVisual(CV3)(25000)\QMacVisual(CV3)2022.9.21(25000)\QMacVisual(CV3)\QPlugins\GeometryMeasure\EdgeWidthMeasure\mytitlebar.h(1,1): warning C4828: 文件包含在偏移 0x4b7 处开始的字符，该字符在当前源字符集中无效(代码页 65001)。
  (编译源文件“x64/Release/qt/moc/moc_frmEdgeWidthMeasure.cpp”)
  
G:\QMacVisual(CV3)(25000)\QMacVisual(CV3)2022.9.21(25000)\QMacVisual(CV3)\QPlugins\GeometryMeasure\EdgeWidthMeasure\mytitlebar.h(1,1): warning C4828: 文件包含在偏移 0x4bb 处开始的字符，该字符在当前源字符集中无效(代码页 65001)。
  (编译源文件“x64/Release/qt/moc/moc_frmEdgeWidthMeasure.cpp”)
  
G:\QMacVisual(CV3)(25000)\QMacVisual(CV3)2022.9.21(25000)\QMacVisual(CV3)\QPlugins\GeometryMeasure\EdgeWidthMeasure\mytitlebar.h(1,1): warning C4828: 文件包含在偏移 0x4bc 处开始的字符，该字符在当前源字符集中无效(代码页 65001)。
  (编译源文件“x64/Release/qt/moc/moc_frmEdgeWidthMeasure.cpp”)
  
G:\QMacVisual(CV3)(25000)\QMacVisual(CV3)2022.9.21(25000)\QMacVisual(CV3)\QPlugins\GeometryMeasure\EdgeWidthMeasure\mytitlebar.h(1,1): warning C4828: 文件包含在偏移 0x4bf 处开始的字符，该字符在当前源字符集中无效(代码页 65001)。
  (编译源文件“x64/Release/qt/moc/moc_frmEdgeWidthMeasure.cpp”)
  
G:\QMacVisual(CV3)(25000)\QMacVisual(CV3)2022.9.21(25000)\QMacVisual(CV3)\QPlugins\GeometryMeasure\EdgeWidthMeasure\mytitlebar.h(1,1): warning C4828: 文件包含在偏移 0x4db 处开始的字符，该字符在当前源字符集中无效(代码页 65001)。
  (编译源文件“x64/Release/qt/moc/moc_frmEdgeWidthMeasure.cpp”)
  
G:\QMacVisual(CV3)(25000)\QMacVisual(CV3)2022.9.21(25000)\QMacVisual(CV3)\QPlugins\GeometryMeasure\EdgeWidthMeasure\mytitlebar.h(1,1): warning C4828: 文件包含在偏移 0x4dd 处开始的字符，该字符在当前源字符集中无效(代码页 65001)。
  (编译源文件“x64/Release/qt/moc/moc_frmEdgeWidthMeasure.cpp”)
  
G:\QMacVisual(CV3)(25000)\QMacVisual(CV3)2022.9.21(25000)\QMacVisual(CV3)\QPlugins\GeometryMeasure\EdgeWidthMeasure\mytitlebar.h(1,1): warning C4828: 文件包含在偏移 0x4e4 处开始的字符，该字符在当前源字符集中无效(代码页 65001)。
  (编译源文件“x64/Release/qt/moc/moc_frmEdgeWidthMeasure.cpp”)
  
G:\QMacVisual(CV3)(25000)\QMacVisual(CV3)2022.9.21(25000)\QMacVisual(CV3)\QPlugins\GeometryMeasure\EdgeWidthMeasure\mytitlebar.h(1,1): warning C4828: 文件包含在偏移 0x506 处开始的字符，该字符在当前源字符集中无效(代码页 65001)。
  (编译源文件“x64/Release/qt/moc/moc_frmEdgeWidthMeasure.cpp”)
  
G:\QMacVisual(CV3)(25000)\QMacVisual(CV3)2022.9.21(25000)\QMacVisual(CV3)\QPlugins\GeometryMeasure\EdgeWidthMeasure\mytitlebar.h(1,1): warning C4828: 文件包含在偏移 0x507 处开始的字符，该字符在当前源字符集中无效(代码页 65001)。
  (编译源文件“x64/Release/qt/moc/moc_frmEdgeWidthMeasure.cpp”)
  
G:\QMacVisual(CV3)(25000)\QMacVisual(CV3)2022.9.21(25000)\QMacVisual(CV3)\QPlugins\GeometryMeasure\EdgeWidthMeasure\mytitlebar.h(1,1): warning C4828: 文件包含在偏移 0x509 处开始的字符，该字符在当前源字符集中无效(代码页 65001)。
  (编译源文件“x64/Release/qt/moc/moc_frmEdgeWidthMeasure.cpp”)
  
G:\QMacVisual(CV3)(25000)\QMacVisual(CV3)2022.9.21(25000)\QMacVisual(CV3)\QPlugins\GeometryMeasure\EdgeWidthMeasure\mytitlebar.h(1,1): warning C4828: 文件包含在偏移 0x50b 处开始的字符，该字符在当前源字符集中无效(代码页 65001)。
  (编译源文件“x64/Release/qt/moc/moc_frmEdgeWidthMeasure.cpp”)
  
G:\QMacVisual(CV3)(25000)\QMacVisual(CV3)2022.9.21(25000)\QMacVisual(CV3)\QPlugins\GeometryMeasure\EdgeWidthMeasure\mytitlebar.h(1,1): warning C4828: 文件包含在偏移 0x50e 处开始的字符，该字符在当前源字符集中无效(代码页 65001)。
  (编译源文件“x64/Release/qt/moc/moc_frmEdgeWidthMeasure.cpp”)
  
G:\QMacVisual(CV3)(25000)\QMacVisual(CV3)2022.9.21(25000)\QMacVisual(CV3)\QPlugins\GeometryMeasure\EdgeWidthMeasure\mytitlebar.h(1,1): warning C4828: 文件包含在偏移 0x510 处开始的字符，该字符在当前源字符集中无效(代码页 65001)。
  (编译源文件“x64/Release/qt/moc/moc_frmEdgeWidthMeasure.cpp”)
  
G:\QMacVisual(CV3)(25000)\QMacVisual(CV3)2022.9.21(25000)\QMacVisual(CV3)\QPlugins\GeometryMeasure\EdgeWidthMeasure\mytitlebar.h(1,1): warning C4828: 文件包含在偏移 0x511 处开始的字符，该字符在当前源字符集中无效(代码页 65001)。
  (编译源文件“x64/Release/qt/moc/moc_frmEdgeWidthMeasure.cpp”)
  
G:\QMacVisual(CV3)(25000)\QMacVisual(CV3)2022.9.21(25000)\QMacVisual(CV3)\QPlugins\GeometryMeasure\EdgeWidthMeasure\mytitlebar.h(1,1): warning C4828: 文件包含在偏移 0x554 处开始的字符，该字符在当前源字符集中无效(代码页 65001)。
  (编译源文件“x64/Release/qt/moc/moc_frmEdgeWidthMeasure.cpp”)
  
G:\QMacVisual(CV3)(25000)\QMacVisual(CV3)2022.9.21(25000)\QMacVisual(CV3)\QPlugins\GeometryMeasure\EdgeWidthMeasure\mytitlebar.h(1,1): warning C4828: 文件包含在偏移 0x555 处开始的字符，该字符在当前源字符集中无效(代码页 65001)。
  (编译源文件“x64/Release/qt/moc/moc_frmEdgeWidthMeasure.cpp”)
  
G:\QMacVisual(CV3)(25000)\QMacVisual(CV3)2022.9.21(25000)\QMacVisual(CV3)\QPlugins\GeometryMeasure\EdgeWidthMeasure\mytitlebar.h(1,1): warning C4828: 文件包含在偏移 0x558 处开始的字符，该字符在当前源字符集中无效(代码页 65001)。
  (编译源文件“x64/Release/qt/moc/moc_frmEdgeWidthMeasure.cpp”)
  
G:\QMacVisual(CV3)(25000)\QMacVisual(CV3)2022.9.21(25000)\QMacVisual(CV3)\QPlugins\GeometryMeasure\EdgeWidthMeasure\mytitlebar.h(1,1): warning C4828: 文件包含在偏移 0x559 处开始的字符，该字符在当前源字符集中无效(代码页 65001)。
  (编译源文件“x64/Release/qt/moc/moc_frmEdgeWidthMeasure.cpp”)
  
G:\QMacVisual(CV3)(25000)\QMacVisual(CV3)2022.9.21(25000)\QMacVisual(CV3)\QPlugins\GeometryMeasure\EdgeWidthMeasure\mytitlebar.h(1,1): warning C4828: 文件包含在偏移 0x55a 处开始的字符，该字符在当前源字符集中无效(代码页 65001)。
  (编译源文件“x64/Release/qt/moc/moc_frmEdgeWidthMeasure.cpp”)
  
G:\QMacVisual(CV3)(25000)\QMacVisual(CV3)2022.9.21(25000)\QMacVisual(CV3)\QPlugins\GeometryMeasure\EdgeWidthMeasure\mytitlebar.h(1,1): warning C4828: 文件包含在偏移 0x55b 处开始的字符，该字符在当前源字符集中无效(代码页 65001)。
  (编译源文件“x64/Release/qt/moc/moc_frmEdgeWidthMeasure.cpp”)
  
G:\QMacVisual(CV3)(25000)\QMacVisual(CV3)2022.9.21(25000)\QMacVisual(CV3)\QPlugins\GeometryMeasure\EdgeWidthMeasure\mytitlebar.h(1,1): warning C4828: 文件包含在偏移 0x55c 处开始的字符，该字符在当前源字符集中无效(代码页 65001)。
  (编译源文件“x64/Release/qt/moc/moc_frmEdgeWidthMeasure.cpp”)
  
G:\QMacVisual(CV3)(25000)\QMacVisual(CV3)2022.9.21(25000)\QMacVisual(CV3)\QPlugins\GeometryMeasure\EdgeWidthMeasure\mytitlebar.h(1,1): warning C4828: 文件包含在偏移 0x55d 处开始的字符，该字符在当前源字符集中无效(代码页 65001)。
  (编译源文件“x64/Release/qt/moc/moc_frmEdgeWidthMeasure.cpp”)
  
G:\QMacVisual(CV3)(25000)\QMacVisual(CV3)2022.9.21(25000)\QMacVisual(CV3)\QPlugins\GeometryMeasure\EdgeWidthMeasure\mytitlebar.h(1,1): warning C4828: 文件包含在偏移 0x561 处开始的字符，该字符在当前源字符集中无效(代码页 65001)。
  (编译源文件“x64/Release/qt/moc/moc_frmEdgeWidthMeasure.cpp”)
  
G:\QMacVisual(CV3)(25000)\QMacVisual(CV3)2022.9.21(25000)\QMacVisual(CV3)\QPlugins\GeometryMeasure\EdgeWidthMeasure\mytitlebar.h(1,1): warning C4828: 文件包含在偏移 0x603 处开始的字符，该字符在当前源字符集中无效(代码页 65001)。
  (编译源文件“x64/Release/qt/moc/moc_frmEdgeWidthMeasure.cpp”)
  
G:\QMacVisual(CV3)(25000)\QMacVisual(CV3)2022.9.21(25000)\QMacVisual(CV3)\QPlugins\GeometryMeasure\EdgeWidthMeasure\mytitlebar.h(1,1): warning C4828: 文件包含在偏移 0x604 处开始的字符，该字符在当前源字符集中无效(代码页 65001)。
  (编译源文件“x64/Release/qt/moc/moc_frmEdgeWidthMeasure.cpp”)
  
G:\QMacVisual(CV3)(25000)\QMacVisual(CV3)2022.9.21(25000)\QMacVisual(CV3)\QPlugins\GeometryMeasure\EdgeWidthMeasure\mytitlebar.h(1,1): warning C4828: 文件包含在偏移 0x607 处开始的字符，该字符在当前源字符集中无效(代码页 65001)。
  (编译源文件“x64/Release/qt/moc/moc_frmEdgeWidthMeasure.cpp”)
  
G:\QMacVisual(CV3)(25000)\QMacVisual(CV3)2022.9.21(25000)\QMacVisual(CV3)\QPlugins\GeometryMeasure\EdgeWidthMeasure\mytitlebar.h(1,1): warning C4828: 文件包含在偏移 0x608 处开始的字符，该字符在当前源字符集中无效(代码页 65001)。
  (编译源文件“x64/Release/qt/moc/moc_frmEdgeWidthMeasure.cpp”)
  
G:\QMacVisual(CV3)(25000)\QMacVisual(CV3)2022.9.21(25000)\QMacVisual(CV3)\QPlugins\GeometryMeasure\EdgeWidthMeasure\mytitlebar.h(1,1): warning C4828: 文件包含在偏移 0x609 处开始的字符，该字符在当前源字符集中无效(代码页 65001)。
  (编译源文件“x64/Release/qt/moc/moc_frmEdgeWidthMeasure.cpp”)
  
G:\QMacVisual(CV3)(25000)\QMacVisual(CV3)2022.9.21(25000)\QMacVisual(CV3)\QPlugins\GeometryMeasure\EdgeWidthMeasure\mytitlebar.h(1,1): warning C4828: 文件包含在偏移 0x60a 处开始的字符，该字符在当前源字符集中无效(代码页 65001)。
  (编译源文件“x64/Release/qt/moc/moc_frmEdgeWidthMeasure.cpp”)
  
G:\QMacVisual(CV3)(25000)\QMacVisual(CV3)2022.9.21(25000)\QMacVisual(CV3)\QPlugins\GeometryMeasure\EdgeWidthMeasure\mytitlebar.h(1,1): warning C4828: 文件包含在偏移 0x60b 处开始的字符，该字符在当前源字符集中无效(代码页 65001)。
  (编译源文件“x64/Release/qt/moc/moc_frmEdgeWidthMeasure.cpp”)
  
G:\QMacVisual(CV3)(25000)\QMacVisual(CV3)2022.9.21(25000)\QMacVisual(CV3)\QPlugins\GeometryMeasure\EdgeWidthMeasure\mytitlebar.h(1,1): warning C4828: 文件包含在偏移 0x610 处开始的字符，该字符在当前源字符集中无效(代码页 65001)。
  (编译源文件“x64/Release/qt/moc/moc_frmEdgeWidthMeasure.cpp”)
  
G:\QMacVisual(CV3)(25000)\QMacVisual(CV3)2022.9.21(25000)\QMacVisual(CV3)\QPlugins\GeometryMeasure\EdgeWidthMeasure\mytitlebar.h(1,1): warning C4828: 文件包含在偏移 0x611 处开始的字符，该字符在当前源字符集中无效(代码页 65001)。
  (编译源文件“x64/Release/qt/moc/moc_frmEdgeWidthMeasure.cpp”)
  
G:\QMacVisual(CV3)(25000)\QMacVisual(CV3)2022.9.21(25000)\QMacVisual(CV3)\QPlugins\GeometryMeasure\EdgeWidthMeasure\mytitlebar.h(1,1): warning C4828: 文件包含在偏移 0x6c9 处开始的字符，该字符在当前源字符集中无效(代码页 65001)。
  (编译源文件“x64/Release/qt/moc/moc_frmEdgeWidthMeasure.cpp”)
  
G:\QMacVisual(CV3)(25000)\QMacVisual(CV3)2022.9.21(25000)\QMacVisual(CV3)\QPlugins\GeometryMeasure\EdgeWidthMeasure\mytitlebar.h(1,1): warning C4828: 文件包含在偏移 0x6ca 处开始的字符，该字符在当前源字符集中无效(代码页 65001)。
  (编译源文件“x64/Release/qt/moc/moc_frmEdgeWidthMeasure.cpp”)
  
G:\QMacVisual(CV3)(25000)\QMacVisual(CV3)2022.9.21(25000)\QMacVisual(CV3)\QPlugins\GeometryMeasure\EdgeWidthMeasure\mytitlebar.h(1,1): warning C4828: 文件包含在偏移 0x6cd 处开始的字符，该字符在当前源字符集中无效(代码页 65001)。
  (编译源文件“x64/Release/qt/moc/moc_frmEdgeWidthMeasure.cpp”)
  
G:\QMacVisual(CV3)(25000)\QMacVisual(CV3)2022.9.21(25000)\QMacVisual(CV3)\QPlugins\GeometryMeasure\EdgeWidthMeasure\mytitlebar.h(1,1): warning C4828: 文件包含在偏移 0x6ce 处开始的字符，该字符在当前源字符集中无效(代码页 65001)。
  (编译源文件“x64/Release/qt/moc/moc_frmEdgeWidthMeasure.cpp”)
  
G:\QMacVisual(CV3)(25000)\QMacVisual(CV3)2022.9.21(25000)\QMacVisual(CV3)\QPlugins\GeometryMeasure\EdgeWidthMeasure\mytitlebar.h(1,1): warning C4828: 文件包含在偏移 0x6d1 处开始的字符，该字符在当前源字符集中无效(代码页 65001)。
  (编译源文件“x64/Release/qt/moc/moc_frmEdgeWidthMeasure.cpp”)
  
G:\QMacVisual(CV3)(25000)\QMacVisual(CV3)2022.9.21(25000)\QMacVisual(CV3)\QPlugins\GeometryMeasure\EdgeWidthMeasure\mytitlebar.h(1,1): warning C4828: 文件包含在偏移 0x6d2 处开始的字符，该字符在当前源字符集中无效(代码页 65001)。
  (编译源文件“x64/Release/qt/moc/moc_frmEdgeWidthMeasure.cpp”)
  
G:\QMacVisual(CV3)(25000)\QMacVisual(CV3)2022.9.21(25000)\QMacVisual(CV3)\QPlugins\GeometryMeasure\EdgeWidthMeasure\mytitlebar.h(1,1): warning C4828: 文件包含在偏移 0x6f3 处开始的字符，该字符在当前源字符集中无效(代码页 65001)。
  (编译源文件“x64/Release/qt/moc/moc_frmEdgeWidthMeasure.cpp”)
  
G:\QMacVisual(CV3)(25000)\QMacVisual(CV3)2022.9.21(25000)\QMacVisual(CV3)\QPlugins\GeometryMeasure\EdgeWidthMeasure\mytitlebar.h(1,1): warning C4828: 文件包含在偏移 0x6f4 处开始的字符，该字符在当前源字符集中无效(代码页 65001)。
  (编译源文件“x64/Release/qt/moc/moc_frmEdgeWidthMeasure.cpp”)
  
G:\QMacVisual(CV3)(25000)\QMacVisual(CV3)2022.9.21(25000)\QMacVisual(CV3)\QPlugins\GeometryMeasure\EdgeWidthMeasure\mytitlebar.h(1,1): warning C4828: 文件包含在偏移 0x6f7 处开始的字符，该字符在当前源字符集中无效(代码页 65001)。
  (编译源文件“x64/Release/qt/moc/moc_frmEdgeWidthMeasure.cpp”)
  
G:\QMacVisual(CV3)(25000)\QMacVisual(CV3)2022.9.21(25000)\QMacVisual(CV3)\QPlugins\GeometryMeasure\EdgeWidthMeasure\mytitlebar.h(1,1): warning C4828: 文件包含在偏移 0x6f8 处开始的字符，该字符在当前源字符集中无效(代码页 65001)。
  (编译源文件“x64/Release/qt/moc/moc_frmEdgeWidthMeasure.cpp”)
  
G:\QMacVisual(CV3)(25000)\QMacVisual(CV3)2022.9.21(25000)\QMacVisual(CV3)\QPlugins\GeometryMeasure\EdgeWidthMeasure\mytitlebar.h(1,1): warning C4828: 文件包含在偏移 0x6f9 处开始的字符，该字符在当前源字符集中无效(代码页 65001)。
  (编译源文件“x64/Release/qt/moc/moc_frmEdgeWidthMeasure.cpp”)
  
G:\QMacVisual(CV3)(25000)\QMacVisual(CV3)2022.9.21(25000)\QMacVisual(CV3)\QPlugins\GeometryMeasure\EdgeWidthMeasure\mytitlebar.h(1,1): warning C4828: 文件包含在偏移 0x6fb 处开始的字符，该字符在当前源字符集中无效(代码页 65001)。
  (编译源文件“x64/Release/qt/moc/moc_frmEdgeWidthMeasure.cpp”)
  
G:\QMacVisual(CV3)(25000)\QMacVisual(CV3)2022.9.21(25000)\QMacVisual(CV3)\QPlugins\GeometryMeasure\EdgeWidthMeasure\mytitlebar.h(1,1): warning C4828: 文件包含在偏移 0x71f 处开始的字符，该字符在当前源字符集中无效(代码页 65001)。
  (编译源文件“x64/Release/qt/moc/moc_frmEdgeWidthMeasure.cpp”)
  
G:\QMacVisual(CV3)(25000)\QMacVisual(CV3)2022.9.21(25000)\QMacVisual(CV3)\QPlugins\GeometryMeasure\EdgeWidthMeasure\mytitlebar.h(1,1): warning C4828: 文件包含在偏移 0x723 处开始的字符，该字符在当前源字符集中无效(代码页 65001)。
  (编译源文件“x64/Release/qt/moc/moc_frmEdgeWidthMeasure.cpp”)
  
G:\QMacVisual(CV3)(25000)\QMacVisual(CV3)2022.9.21(25000)\QMacVisual(CV3)\QPlugins\GeometryMeasure\EdgeWidthMeasure\mytitlebar.h(1,1): warning C4828: 文件包含在偏移 0x724 处开始的字符，该字符在当前源字符集中无效(代码页 65001)。
  (编译源文件“x64/Release/qt/moc/moc_frmEdgeWidthMeasure.cpp”)
  
G:\QMacVisual(CV3)(25000)\QMacVisual(CV3)2022.9.21(25000)\QMacVisual(CV3)\QPlugins\GeometryMeasure\EdgeWidthMeasure\mytitlebar.h(1,1): warning C4828: 文件包含在偏移 0x725 处开始的字符，该字符在当前源字符集中无效(代码页 65001)。
  (编译源文件“x64/Release/qt/moc/moc_frmEdgeWidthMeasure.cpp”)
  
G:\QMacVisual(CV3)(25000)\QMacVisual(CV3)2022.9.21(25000)\QMacVisual(CV3)\QPlugins\GeometryMeasure\EdgeWidthMeasure\mytitlebar.h(1,1): warning C4828: 文件包含在偏移 0x726 处开始的字符，该字符在当前源字符集中无效(代码页 65001)。
  (编译源文件“x64/Release/qt/moc/moc_frmEdgeWidthMeasure.cpp”)
  
G:\QMacVisual(CV3)(25000)\QMacVisual(CV3)2022.9.21(25000)\QMacVisual(CV3)\QPlugins\GeometryMeasure\EdgeWidthMeasure\mytitlebar.h(1,1): warning C4828: 文件包含在偏移 0x74e 处开始的字符，该字符在当前源字符集中无效(代码页 65001)。
  (编译源文件“x64/Release/qt/moc/moc_frmEdgeWidthMeasure.cpp”)
  
G:\QMacVisual(CV3)(25000)\QMacVisual(CV3)2022.9.21(25000)\QMacVisual(CV3)\QPlugins\GeometryMeasure\EdgeWidthMeasure\mytitlebar.h(1,1): warning C4828: 文件包含在偏移 0x750 处开始的字符，该字符在当前源字符集中无效(代码页 65001)。
  (编译源文件“x64/Release/qt/moc/moc_frmEdgeWidthMeasure.cpp”)
  
G:\QMacVisual(CV3)(25000)\QMacVisual(CV3)2022.9.21(25000)\QMacVisual(CV3)\QPlugins\GeometryMeasure\EdgeWidthMeasure\mytitlebar.h(1,1): warning C4828: 文件包含在偏移 0x755 处开始的字符，该字符在当前源字符集中无效(代码页 65001)。
  (编译源文件“x64/Release/qt/moc/moc_frmEdgeWidthMeasure.cpp”)
  
G:\QMacVisual(CV3)(25000)\QMacVisual(CV3)2022.9.21(25000)\QMacVisual(CV3)\QPlugins\GeometryMeasure\EdgeWidthMeasure\mytitlebar.h(1,1): warning C4828: 文件包含在偏移 0x758 处开始的字符，该字符在当前源字符集中无效(代码页 65001)。
  (编译源文件“x64/Release/qt/moc/moc_frmEdgeWidthMeasure.cpp”)
  
G:\QMacVisual(CV3)(25000)\QMacVisual(CV3)2022.9.21(25000)\QMacVisual(CV3)\QPlugins\GeometryMeasure\EdgeWidthMeasure\mytitlebar.h(1,1): warning C4828: 文件包含在偏移 0x759 处开始的字符，该字符在当前源字符集中无效(代码页 65001)。
  (编译源文件“x64/Release/qt/moc/moc_frmEdgeWidthMeasure.cpp”)
  
G:\QMacVisual(CV3)(25000)\QMacVisual(CV3)2022.9.21(25000)\QMacVisual(CV3)\QPlugins\GeometryMeasure\EdgeWidthMeasure\mytitlebar.h(1,1): warning C4828: 文件包含在偏移 0x77e 处开始的字符，该字符在当前源字符集中无效(代码页 65001)。
  (编译源文件“x64/Release/qt/moc/moc_frmEdgeWidthMeasure.cpp”)
  
G:\QMacVisual(CV3)(25000)\QMacVisual(CV3)2022.9.21(25000)\QMacVisual(CV3)\QPlugins\GeometryMeasure\EdgeWidthMeasure\mytitlebar.h(1,1): warning C4828: 文件包含在偏移 0x780 处开始的字符，该字符在当前源字符集中无效(代码页 65001)。
  (编译源文件“x64/Release/qt/moc/moc_frmEdgeWidthMeasure.cpp”)
  
G:\QMacVisual(CV3)(25000)\QMacVisual(CV3)2022.9.21(25000)\QMacVisual(CV3)\QPlugins\GeometryMeasure\EdgeWidthMeasure\mytitlebar.h(1,1): warning C4828: 文件包含在偏移 0x785 处开始的字符，该字符在当前源字符集中无效(代码页 65001)。
  (编译源文件“x64/Release/qt/moc/moc_frmEdgeWidthMeasure.cpp”)
  
G:\QMacVisual(CV3)(25000)\QMacVisual(CV3)2022.9.21(25000)\QMacVisual(CV3)\QPlugins\GeometryMeasure\EdgeWidthMeasure\mytitlebar.h(1,1): warning C4828: 文件包含在偏移 0x7ab 处开始的字符，该字符在当前源字符集中无效(代码页 65001)。
  (编译源文件“x64/Release/qt/moc/moc_frmEdgeWidthMeasure.cpp”)
  
G:\QMacVisual(CV3)(25000)\QMacVisual(CV3)2022.9.21(25000)\QMacVisual(CV3)\QPlugins\GeometryMeasure\EdgeWidthMeasure\mytitlebar.h(1,1): warning C4828: 文件包含在偏移 0x7b0 处开始的字符，该字符在当前源字符集中无效(代码页 65001)。
  (编译源文件“x64/Release/qt/moc/moc_frmEdgeWidthMeasure.cpp”)
  
G:\QMacVisual(CV3)(25000)\QMacVisual(CV3)2022.9.21(25000)\QMacVisual(CV3)\QPlugins\GeometryMeasure\EdgeWidthMeasure\mytitlebar.h(1,1): warning C4828: 文件包含在偏移 0x7b9 处开始的字符，该字符在当前源字符集中无效(代码页 65001)。
  (编译源文件“x64/Release/qt/moc/moc_frmEdgeWidthMeasure.cpp”)
  
G:\QMacVisual(CV3)(25000)\QMacVisual(CV3)2022.9.21(25000)\QMacVisual(CV3)\QPlugins\GeometryMeasure\EdgeWidthMeasure\mytitlebar.h(1,1): warning C4828: 文件包含在偏移 0x7ba 处开始的字符，该字符在当前源字符集中无效(代码页 65001)。
  (编译源文件“x64/Release/qt/moc/moc_frmEdgeWidthMeasure.cpp”)
  
G:\QMacVisual(CV3)(25000)\QMacVisual(CV3)2022.9.21(25000)\QMacVisual(CV3)\QPlugins\GeometryMeasure\EdgeWidthMeasure\mytitlebar.h(1,1): warning C4828: 文件包含在偏移 0x7bd 处开始的字符，该字符在当前源字符集中无效(代码页 65001)。
  (编译源文件“x64/Release/qt/moc/moc_frmEdgeWidthMeasure.cpp”)
  
G:\QMacVisual(CV3)(25000)\QMacVisual(CV3)2022.9.21(25000)\QMacVisual(CV3)\QPlugins\GeometryMeasure\EdgeWidthMeasure\mytitlebar.h(1,1): warning C4828: 文件包含在偏移 0x7be 处开始的字符，该字符在当前源字符集中无效(代码页 65001)。
  (编译源文件“x64/Release/qt/moc/moc_frmEdgeWidthMeasure.cpp”)
  
G:\QMacVisual(CV3)(25000)\QMacVisual(CV3)2022.9.21(25000)\QMacVisual(CV3)\QPlugins\GeometryMeasure\EdgeWidthMeasure\mytitlebar.h(1,1): warning C4828: 文件包含在偏移 0x7bf 处开始的字符，该字符在当前源字符集中无效(代码页 65001)。
  (编译源文件“x64/Release/qt/moc/moc_frmEdgeWidthMeasure.cpp”)
  
G:\QMacVisual(CV3)(25000)\QMacVisual(CV3)2022.9.21(25000)\QMacVisual(CV3)\QPlugins\GeometryMeasure\EdgeWidthMeasure\mytitlebar.h(1,1): warning C4828: 文件包含在偏移 0x7c0 处开始的字符，该字符在当前源字符集中无效(代码页 65001)。
  (编译源文件“x64/Release/qt/moc/moc_frmEdgeWidthMeasure.cpp”)
  
G:\QMacVisual(CV3)(25000)\QMacVisual(CV3)2022.9.21(25000)\QMacVisual(CV3)\QPlugins\GeometryMeasure\EdgeWidthMeasure\mytitlebar.h(1,1): warning C4828: 文件包含在偏移 0x7c1 处开始的字符，该字符在当前源字符集中无效(代码页 65001)。
  (编译源文件“x64/Release/qt/moc/moc_frmEdgeWidthMeasure.cpp”)
  
G:\QMacVisual(CV3)(25000)\QMacVisual(CV3)2022.9.21(25000)\QMacVisual(CV3)\QPlugins\GeometryMeasure\EdgeWidthMeasure\mytitlebar.h(1,1): warning C4828: 文件包含在偏移 0x7c2 处开始的字符，该字符在当前源字符集中无效(代码页 65001)。
  (编译源文件“x64/Release/qt/moc/moc_frmEdgeWidthMeasure.cpp”)
  
G:\QMacVisual(CV3)(25000)\QMacVisual(CV3)2022.9.21(25000)\QMacVisual(CV3)\QPlugins\GeometryMeasure\EdgeWidthMeasure\mytitlebar.h(1,1): warning C4828: 文件包含在偏移 0x7fa 处开始的字符，该字符在当前源字符集中无效(代码页 65001)。
  (编译源文件“x64/Release/qt/moc/moc_frmEdgeWidthMeasure.cpp”)
  
G:\QMacVisual(CV3)(25000)\QMacVisual(CV3)2022.9.21(25000)\QMacVisual(CV3)\QPlugins\GeometryMeasure\EdgeWidthMeasure\mytitlebar.h(1,1): warning C4828: 文件包含在偏移 0x7fc 处开始的字符，该字符在当前源字符集中无效(代码页 65001)。
  (编译源文件“x64/Release/qt/moc/moc_frmEdgeWidthMeasure.cpp”)
  
G:\QMacVisual(CV3)(25000)\QMacVisual(CV3)2022.9.21(25000)\QMacVisual(CV3)\QPlugins\GeometryMeasure\EdgeWidthMeasure\mytitlebar.h(1,1): warning C4828: 文件包含在偏移 0x801 处开始的字符，该字符在当前源字符集中无效(代码页 65001)。
  (编译源文件“x64/Release/qt/moc/moc_frmEdgeWidthMeasure.cpp”)
  
G:\QMacVisual(CV3)(25000)\QMacVisual(CV3)2022.9.21(25000)\QMacVisual(CV3)\QPlugins\GeometryMeasure\EdgeWidthMeasure\mytitlebar.h(1,1): warning C4828: 文件包含在偏移 0x802 处开始的字符，该字符在当前源字符集中无效(代码页 65001)。
  (编译源文件“x64/Release/qt/moc/moc_frmEdgeWidthMeasure.cpp”)
  
G:\QMacVisual(CV3)(25000)\QMacVisual(CV3)2022.9.21(25000)\QMacVisual(CV3)\QPlugins\GeometryMeasure\EdgeWidthMeasure\mytitlebar.h(1,1): warning C4828: 文件包含在偏移 0x806 处开始的字符，该字符在当前源字符集中无效(代码页 65001)。
  (编译源文件“x64/Release/qt/moc/moc_frmEdgeWidthMeasure.cpp”)
  
G:\QMacVisual(CV3)(25000)\QMacVisual(CV3)2022.9.21(25000)\QMacVisual(CV3)\QPlugins\GeometryMeasure\EdgeWidthMeasure\mytitlebar.h(1,1): warning C4828: 文件包含在偏移 0x807 处开始的字符，该字符在当前源字符集中无效(代码页 65001)。
  (编译源文件“x64/Release/qt/moc/moc_frmEdgeWidthMeasure.cpp”)
  
G:\QMacVisual(CV3)(25000)\QMacVisual(CV3)2022.9.21(25000)\QMacVisual(CV3)\QPlugins\GeometryMeasure\EdgeWidthMeasure\mytitlebar.h(1,1): warning C4828: 文件包含在偏移 0x808 处开始的字符，该字符在当前源字符集中无效(代码页 65001)。
  (编译源文件“x64/Release/qt/moc/moc_frmEdgeWidthMeasure.cpp”)
  
G:\QMacVisual(CV3)(25000)\QMacVisual(CV3)2022.9.21(25000)\QMacVisual(CV3)\QPlugins\GeometryMeasure\EdgeWidthMeasure\mytitlebar.h(1,1): warning C4828: 文件包含在偏移 0x809 处开始的字符，该字符在当前源字符集中无效(代码页 65001)。
  (编译源文件“x64/Release/qt/moc/moc_frmEdgeWidthMeasure.cpp”)
  
G:\QMacVisual(CV3)(25000)\QMacVisual(CV3)2022.9.21(25000)\QMacVisual(CV3)\QPlugins\GeometryMeasure\EdgeWidthMeasure\mytitlebar.h(1,1): warning C4828: 文件包含在偏移 0x83f 处开始的字符，该字符在当前源字符集中无效(代码页 65001)。
  (编译源文件“x64/Release/qt/moc/moc_frmEdgeWidthMeasure.cpp”)
  
G:\QMacVisual(CV3)(25000)\QMacVisual(CV3)2022.9.21(25000)\QMacVisual(CV3)\QPlugins\GeometryMeasure\EdgeWidthMeasure\mytitlebar.h(1,1): warning C4828: 文件包含在偏移 0x841 处开始的字符，该字符在当前源字符集中无效(代码页 65001)。
  (编译源文件“x64/Release/qt/moc/moc_frmEdgeWidthMeasure.cpp”)
  
G:\QMacVisual(CV3)(25000)\QMacVisual(CV3)2022.9.21(25000)\QMacVisual(CV3)\QPlugins\GeometryMeasure\EdgeWidthMeasure\mytitlebar.h(1,1): warning C4828: 文件包含在偏移 0x842 处开始的字符，该字符在当前源字符集中无效(代码页 65001)。
  (编译源文件“x64/Release/qt/moc/moc_frmEdgeWidthMeasure.cpp”)
  
G:\QMacVisual(CV3)(25000)\QMacVisual(CV3)2022.9.21(25000)\QMacVisual(CV3)\QPlugins\GeometryMeasure\EdgeWidthMeasure\mytitlebar.h(1,1): warning C4828: 文件包含在偏移 0x843 处开始的字符，该字符在当前源字符集中无效(代码页 65001)。
  (编译源文件“x64/Release/qt/moc/moc_frmEdgeWidthMeasure.cpp”)
  
G:\QMacVisual(CV3)(25000)\QMacVisual(CV3)2022.9.21(25000)\QMacVisual(CV3)\QPlugins\GeometryMeasure\EdgeWidthMeasure\mytitlebar.h(1,1): warning C4828: 文件包含在偏移 0x844 处开始的字符，该字符在当前源字符集中无效(代码页 65001)。
  (编译源文件“x64/Release/qt/moc/moc_frmEdgeWidthMeasure.cpp”)
  
G:\QMacVisual(CV3)(25000)\QMacVisual(CV3)2022.9.21(25000)\QMacVisual(CV3)\QPlugins\GeometryMeasure\EdgeWidthMeasure\mytitlebar.h(1,1): warning C4828: 文件包含在偏移 0x845 处开始的字符，该字符在当前源字符集中无效(代码页 65001)。
  (编译源文件“x64/Release/qt/moc/moc_frmEdgeWidthMeasure.cpp”)
  
G:\QMacVisual(CV3)(25000)\QMacVisual(CV3)2022.9.21(25000)\QMacVisual(CV3)\QPlugins\GeometryMeasure\EdgeWidthMeasure\mytitlebar.h(1,1): warning C4828: 文件包含在偏移 0x84a 处开始的字符，该字符在当前源字符集中无效(代码页 65001)。
  (编译源文件“x64/Release/qt/moc/moc_frmEdgeWidthMeasure.cpp”)
  
G:\QMacVisual(CV3)(25000)\QMacVisual(CV3)2022.9.21(25000)\QMacVisual(CV3)\QPlugins\GeometryMeasure\EdgeWidthMeasure\mytitlebar.h(1,1): warning C4828: 文件包含在偏移 0x87f 处开始的字符，该字符在当前源字符集中无效(代码页 65001)。
  (编译源文件“x64/Release/qt/moc/moc_frmEdgeWidthMeasure.cpp”)
  
G:\QMacVisual(CV3)(25000)\QMacVisual(CV3)2022.9.21(25000)\QMacVisual(CV3)\QPlugins\GeometryMeasure\EdgeWidthMeasure\mytitlebar.h(1,1): warning C4828: 文件包含在偏移 0x880 处开始的字符，该字符在当前源字符集中无效(代码页 65001)。
  (编译源文件“x64/Release/qt/moc/moc_frmEdgeWidthMeasure.cpp”)
  
G:\QMacVisual(CV3)(25000)\QMacVisual(CV3)2022.9.21(25000)\QMacVisual(CV3)\QPlugins\GeometryMeasure\EdgeWidthMeasure\mytitlebar.h(1,1): warning C4828: 文件包含在偏移 0x883 处开始的字符，该字符在当前源字符集中无效(代码页 65001)。
  (编译源文件“x64/Release/qt/moc/moc_frmEdgeWidthMeasure.cpp”)
  
G:\QMacVisual(CV3)(25000)\QMacVisual(CV3)2022.9.21(25000)\QMacVisual(CV3)\QPlugins\GeometryMeasure\EdgeWidthMeasure\mytitlebar.h(1,1): warning C4828: 文件包含在偏移 0x884 处开始的字符，该字符在当前源字符集中无效(代码页 65001)。
  (编译源文件“x64/Release/qt/moc/moc_frmEdgeWidthMeasure.cpp”)
  
G:\QMacVisual(CV3)(25000)\QMacVisual(CV3)2022.9.21(25000)\QMacVisual(CV3)\QPlugins\GeometryMeasure\EdgeWidthMeasure\mytitlebar.h(1,1): warning C4828: 文件包含在偏移 0x885 处开始的字符，该字符在当前源字符集中无效(代码页 65001)。
  (编译源文件“x64/Release/qt/moc/moc_frmEdgeWidthMeasure.cpp”)
  
G:\QMacVisual(CV3)(25000)\QMacVisual(CV3)2022.9.21(25000)\QMacVisual(CV3)\QPlugins\GeometryMeasure\EdgeWidthMeasure\mytitlebar.h(1,1): warning C4828: 文件包含在偏移 0x887 处开始的字符，该字符在当前源字符集中无效(代码页 65001)。
  (编译源文件“x64/Release/qt/moc/moc_frmEdgeWidthMeasure.cpp”)
  
G:\QMacVisual(CV3)(25000)\QMacVisual(CV3)2022.9.21(25000)\QMacVisual(CV3)\QPlugins\GeometryMeasure\EdgeWidthMeasure\mytitlebar.h(1,1): warning C4828: 文件包含在偏移 0x889 处开始的字符，该字符在当前源字符集中无效(代码页 65001)。
  (编译源文件“x64/Release/qt/moc/moc_frmEdgeWidthMeasure.cpp”)
  
G:\QMacVisual(CV3)(25000)\QMacVisual(CV3)2022.9.21(25000)\QMacVisual(CV3)\QPlugins\GeometryMeasure\EdgeWidthMeasure\mytitlebar.h(1,1): warning C4828: 文件包含在偏移 0x88a 处开始的字符，该字符在当前源字符集中无效(代码页 65001)。
  (编译源文件“x64/Release/qt/moc/moc_frmEdgeWidthMeasure.cpp”)
  
G:\QMacVisual(CV3)(25000)\QMacVisual(CV3)2022.9.21(25000)\QMacVisual(CV3)\QPlugins\GeometryMeasure\EdgeWidthMeasure\mytitlebar.h(1,1): warning C4828: 文件包含在偏移 0x88c 处开始的字符，该字符在当前源字符集中无效(代码页 65001)。
  (编译源文件“x64/Release/qt/moc/moc_frmEdgeWidthMeasure.cpp”)
  
G:\QMacVisual(CV3)(25000)\QMacVisual(CV3)2022.9.21(25000)\QMacVisual(CV3)\QPlugins\GeometryMeasure\EdgeWidthMeasure\mytitlebar.h(1,1): warning C4828: 文件包含在偏移 0x88d 处开始的字符，该字符在当前源字符集中无效(代码页 65001)。
  (编译源文件“x64/Release/qt/moc/moc_frmEdgeWidthMeasure.cpp”)
  
G:\QMacVisual(CV3)(25000)\QMacVisual(CV3)2022.9.21(25000)\QMacVisual(CV3)\QPlugins\GeometryMeasure\EdgeWidthMeasure\mytitlebar.h(1,1): warning C4828: 文件包含在偏移 0x88e 处开始的字符，该字符在当前源字符集中无效(代码页 65001)。
  (编译源文件“x64/Release/qt/moc/moc_frmEdgeWidthMeasure.cpp”)
  
G:\QMacVisual(CV3)(25000)\QMacVisual(CV3)2022.9.21(25000)\QMacVisual(CV3)\QPlugins\GeometryMeasure\EdgeWidthMeasure\mytitlebar.h(1,1): warning C4828: 文件包含在偏移 0x891 处开始的字符，该字符在当前源字符集中无效(代码页 65001)。
  (编译源文件“x64/Release/qt/moc/moc_frmEdgeWidthMeasure.cpp”)
  
G:\QMacVisual(CV3)(25000)\QMacVisual(CV3)2022.9.21(25000)\QMacVisual(CV3)\QPlugins\GeometryMeasure\EdgeWidthMeasure\mytitlebar.h(1,1): warning C4828: 文件包含在偏移 0x8b3 处开始的字符，该字符在当前源字符集中无效(代码页 65001)。
  (编译源文件“x64/Release/qt/moc/moc_frmEdgeWidthMeasure.cpp”)
  
G:\QMacVisual(CV3)(25000)\QMacVisual(CV3)2022.9.21(25000)\QMacVisual(CV3)\QPlugins\GeometryMeasure\EdgeWidthMeasure\mytitlebar.h(1,1): warning C4828: 文件包含在偏移 0x8b4 处开始的字符，该字符在当前源字符集中无效(代码页 65001)。
  (编译源文件“x64/Release/qt/moc/moc_frmEdgeWidthMeasure.cpp”)
  
G:\QMacVisual(CV3)(25000)\QMacVisual(CV3)2022.9.21(25000)\QMacVisual(CV3)\QPlugins\GeometryMeasure\EdgeWidthMeasure\mytitlebar.h(1,1): warning C4828: 文件包含在偏移 0x8b7 处开始的字符，该字符在当前源字符集中无效(代码页 65001)。
  (编译源文件“x64/Release/qt/moc/moc_frmEdgeWidthMeasure.cpp”)
  
G:\QMacVisual(CV3)(25000)\QMacVisual(CV3)2022.9.21(25000)\QMacVisual(CV3)\QPlugins\GeometryMeasure\EdgeWidthMeasure\mytitlebar.h(1,1): warning C4828: 文件包含在偏移 0x8b8 处开始的字符，该字符在当前源字符集中无效(代码页 65001)。
  (编译源文件“x64/Release/qt/moc/moc_frmEdgeWidthMeasure.cpp”)
  
G:\QMacVisual(CV3)(25000)\QMacVisual(CV3)2022.9.21(25000)\QMacVisual(CV3)\QPlugins\GeometryMeasure\EdgeWidthMeasure\mytitlebar.h(1,1): warning C4828: 文件包含在偏移 0x8b9 处开始的字符，该字符在当前源字符集中无效(代码页 65001)。
  (编译源文件“x64/Release/qt/moc/moc_frmEdgeWidthMeasure.cpp”)
  
G:\QMacVisual(CV3)(25000)\QMacVisual(CV3)2022.9.21(25000)\QMacVisual(CV3)\QPlugins\GeometryMeasure\EdgeWidthMeasure\mytitlebar.h(1,1): warning C4828: 文件包含在偏移 0x8bb 处开始的字符，该字符在当前源字符集中无效(代码页 65001)。
  (编译源文件“x64/Release/qt/moc/moc_frmEdgeWidthMeasure.cpp”)
  
G:\QMacVisual(CV3)(25000)\QMacVisual(CV3)2022.9.21(25000)\QMacVisual(CV3)\QPlugins\GeometryMeasure\EdgeWidthMeasure\mytitlebar.h(1,1): warning C4828: 文件包含在偏移 0x8dc 处开始的字符，该字符在当前源字符集中无效(代码页 65001)。
  (编译源文件“x64/Release/qt/moc/moc_frmEdgeWidthMeasure.cpp”)
  
G:\QMacVisual(CV3)(25000)\QMacVisual(CV3)2022.9.21(25000)\QMacVisual(CV3)\QPlugins\GeometryMeasure\EdgeWidthMeasure\mytitlebar.h(1,1): warning C4828: 文件包含在偏移 0x8dd 处开始的字符，该字符在当前源字符集中无效(代码页 65001)。
  (编译源文件“x64/Release/qt/moc/moc_frmEdgeWidthMeasure.cpp”)
  
G:\QMacVisual(CV3)(25000)\QMacVisual(CV3)2022.9.21(25000)\QMacVisual(CV3)\QPlugins\GeometryMeasure\EdgeWidthMeasure\mytitlebar.h(1,1): warning C4828: 文件包含在偏移 0x8e0 处开始的字符，该字符在当前源字符集中无效(代码页 65001)。
  (编译源文件“x64/Release/qt/moc/moc_frmEdgeWidthMeasure.cpp”)
  
G:\QMacVisual(CV3)(25000)\QMacVisual(CV3)2022.9.21(25000)\QMacVisual(CV3)\QPlugins\GeometryMeasure\EdgeWidthMeasure\mytitlebar.h(1,1): warning C4828: 文件包含在偏移 0x8e1 处开始的字符，该字符在当前源字符集中无效(代码页 65001)。
  (编译源文件“x64/Release/qt/moc/moc_frmEdgeWidthMeasure.cpp”)
  
G:\QMacVisual(CV3)(25000)\QMacVisual(CV3)2022.9.21(25000)\QMacVisual(CV3)\QPlugins\GeometryMeasure\EdgeWidthMeasure\gvariable.h(1,1): warning C4828: 文件包含在偏移 0xa1 处开始的字符，该字符在当前源字符集中无效(代码页 65001)。
  (编译源文件“x64/Release/qt/moc/moc_frmEdgeWidthMeasure.cpp”)
  
G:\QMacVisual(CV3)(25000)\QMacVisual(CV3)2022.9.21(25000)\QMacVisual(CV3)\QPlugins\GeometryMeasure\EdgeWidthMeasure\gvariable.h(1,1): warning C4828: 文件包含在偏移 0xa2 处开始的字符，该字符在当前源字符集中无效(代码页 65001)。
  (编译源文件“x64/Release/qt/moc/moc_frmEdgeWidthMeasure.cpp”)
  
G:\QMacVisual(CV3)(25000)\QMacVisual(CV3)2022.9.21(25000)\QMacVisual(CV3)\QPlugins\GeometryMeasure\EdgeWidthMeasure\gvariable.h(1,1): warning C4828: 文件包含在偏移 0xa3 处开始的字符，该字符在当前源字符集中无效(代码页 65001)。
  (编译源文件“x64/Release/qt/moc/moc_frmEdgeWidthMeasure.cpp”)
  
G:\QMacVisual(CV3)(25000)\QMacVisual(CV3)2022.9.21(25000)\QMacVisual(CV3)\QPlugins\GeometryMeasure\EdgeWidthMeasure\gvariable.h(1,1): warning C4828: 文件包含在偏移 0xa7 处开始的字符，该字符在当前源字符集中无效(代码页 65001)。
  (编译源文件“x64/Release/qt/moc/moc_frmEdgeWidthMeasure.cpp”)
  
G:\QMacVisual(CV3)(25000)\QMacVisual(CV3)2022.9.21(25000)\QMacVisual(CV3)\QPlugins\GeometryMeasure\EdgeWidthMeasure\gvariable.h(1,1): warning C4828: 文件包含在偏移 0xaa 处开始的字符，该字符在当前源字符集中无效(代码页 65001)。
  (编译源文件“x64/Release/qt/moc/moc_frmEdgeWidthMeasure.cpp”)
  
G:\QMacVisual(CV3)(25000)\QMacVisual(CV3)2022.9.21(25000)\QMacVisual(CV3)\QPlugins\GeometryMeasure\EdgeWidthMeasure\gvariable.h(1,1): warning C4828: 文件包含在偏移 0xad 处开始的字符，该字符在当前源字符集中无效(代码页 65001)。
  (编译源文件“x64/Release/qt/moc/moc_frmEdgeWidthMeasure.cpp”)
  
G:\QMacVisual(CV3)(25000)\QMacVisual(CV3)2022.9.21(25000)\QMacVisual(CV3)\QPlugins\GeometryMeasure\EdgeWidthMeasure\gvariable.h(1,1): warning C4828: 文件包含在偏移 0xb1 处开始的字符，该字符在当前源字符集中无效(代码页 65001)。
  (编译源文件“x64/Release/qt/moc/moc_frmEdgeWidthMeasure.cpp”)
  
G:\QMacVisual(CV3)(25000)\QMacVisual(CV3)2022.9.21(25000)\QMacVisual(CV3)\QPlugins\GeometryMeasure\EdgeWidthMeasure\gvariable.h(1,1): warning C4828: 文件包含在偏移 0x304 处开始的字符，该字符在当前源字符集中无效(代码页 65001)。
  (编译源文件“x64/Release/qt/moc/moc_frmEdgeWidthMeasure.cpp”)
  
G:\QMacVisual(CV3)(25000)\QMacVisual(CV3)2022.9.21(25000)\QMacVisual(CV3)\QPlugins\GeometryMeasure\EdgeWidthMeasure\gvariable.h(1,1): warning C4828: 文件包含在偏移 0x305 处开始的字符，该字符在当前源字符集中无效(代码页 65001)。
  (编译源文件“x64/Release/qt/moc/moc_frmEdgeWidthMeasure.cpp”)
  
G:\QMacVisual(CV3)(25000)\QMacVisual(CV3)2022.9.21(25000)\QMacVisual(CV3)\QPlugins\GeometryMeasure\EdgeWidthMeasure\gvariable.h(1,1): warning C4828: 文件包含在偏移 0x306 处开始的字符，该字符在当前源字符集中无效(代码页 65001)。
  (编译源文件“x64/Release/qt/moc/moc_frmEdgeWidthMeasure.cpp”)
  
G:\QMacVisual(CV3)(25000)\QMacVisual(CV3)2022.9.21(25000)\QMacVisual(CV3)\QPlugins\GeometryMeasure\EdgeWidthMeasure\gvariable.h(1,1): warning C4828: 文件包含在偏移 0x308 处开始的字符，该字符在当前源字符集中无效(代码页 65001)。
  (编译源文件“x64/Release/qt/moc/moc_frmEdgeWidthMeasure.cpp”)
  
G:\QMacVisual(CV3)(25000)\QMacVisual(CV3)2022.9.21(25000)\QMacVisual(CV3)\QPlugins\GeometryMeasure\EdgeWidthMeasure\gvariable.h(1,1): warning C4828: 文件包含在偏移 0x30c 处开始的字符，该字符在当前源字符集中无效(代码页 65001)。
  (编译源文件“x64/Release/qt/moc/moc_frmEdgeWidthMeasure.cpp”)
  
G:\QMacVisual(CV3)(25000)\QMacVisual(CV3)2022.9.21(25000)\QMacVisual(CV3)\QPlugins\GeometryMeasure\EdgeWidthMeasure\gvariable.h(1,1): warning C4828: 文件包含在偏移 0x30d 处开始的字符，该字符在当前源字符集中无效(代码页 65001)。
  (编译源文件“x64/Release/qt/moc/moc_frmEdgeWidthMeasure.cpp”)
  
G:\QMacVisual(CV3)(25000)\QMacVisual(CV3)2022.9.21(25000)\QMacVisual(CV3)\QPlugins\GeometryMeasure\EdgeWidthMeasure\gvariable.h(1,1): warning C4828: 文件包含在偏移 0x30e 处开始的字符，该字符在当前源字符集中无效(代码页 65001)。
  (编译源文件“x64/Release/qt/moc/moc_frmEdgeWidthMeasure.cpp”)
  
G:\QMacVisual(CV3)(25000)\QMacVisual(CV3)2022.9.21(25000)\QMacVisual(CV3)\QPlugins\GeometryMeasure\EdgeWidthMeasure\gvariable.h(1,1): warning C4828: 文件包含在偏移 0x314 处开始的字符，该字符在当前源字符集中无效(代码页 65001)。
  (编译源文件“x64/Release/qt/moc/moc_frmEdgeWidthMeasure.cpp”)
  
G:\QMacVisual(CV3)(25000)\QMacVisual(CV3)2022.9.21(25000)\QMacVisual(CV3)\QPlugins\GeometryMeasure\EdgeWidthMeasure\gvariable.h(1,1): warning C4828: 文件包含在偏移 0x3bb 处开始的字符，该字符在当前源字符集中无效(代码页 65001)。
  (编译源文件“x64/Release/qt/moc/moc_frmEdgeWidthMeasure.cpp”)
  
G:\QMacVisual(CV3)(25000)\QMacVisual(CV3)2022.9.21(25000)\QMacVisual(CV3)\QPlugins\GeometryMeasure\EdgeWidthMeasure\gvariable.h(1,1): warning C4828: 文件包含在偏移 0x3bc 处开始的字符，该字符在当前源字符集中无效(代码页 65001)。
  (编译源文件“x64/Release/qt/moc/moc_frmEdgeWidthMeasure.cpp”)
  
G:\QMacVisual(CV3)(25000)\QMacVisual(CV3)2022.9.21(25000)\QMacVisual(CV3)\QPlugins\GeometryMeasure\EdgeWidthMeasure\gvariable.h(1,1): warning C4828: 文件包含在偏移 0x3bd 处开始的字符，该字符在当前源字符集中无效(代码页 65001)。
  (编译源文件“x64/Release/qt/moc/moc_frmEdgeWidthMeasure.cpp”)
  
G:\QMacVisual(CV3)(25000)\QMacVisual(CV3)2022.9.21(25000)\QMacVisual(CV3)\QPlugins\GeometryMeasure\EdgeWidthMeasure\gvariable.h(1,1): warning C4828: 文件包含在偏移 0x3c3 处开始的字符，该字符在当前源字符集中无效(代码页 65001)。
  (编译源文件“x64/Release/qt/moc/moc_frmEdgeWidthMeasure.cpp”)
  
G:\QMacVisual(CV3)(25000)\QMacVisual(CV3)2022.9.21(25000)\QMacVisual(CV3)\QPlugins\GeometryMeasure\EdgeWidthMeasure\gvariable.h(1,1): warning C4828: 文件包含在偏移 0x3c7 处开始的字符，该字符在当前源字符集中无效(代码页 65001)。
  (编译源文件“x64/Release/qt/moc/moc_frmEdgeWidthMeasure.cpp”)
  
G:\QMacVisual(CV3)(25000)\QMacVisual(CV3)2022.9.21(25000)\QMacVisual(CV3)\QPlugins\GeometryMeasure\EdgeWidthMeasure\gvariable.h(1,1): warning C4828: 文件包含在偏移 0x3e8 处开始的字符，该字符在当前源字符集中无效(代码页 65001)。
  (编译源文件“x64/Release/qt/moc/moc_frmEdgeWidthMeasure.cpp”)
  
G:\QMacVisual(CV3)(25000)\QMacVisual(CV3)2022.9.21(25000)\QMacVisual(CV3)\QPlugins\GeometryMeasure\EdgeWidthMeasure\gvariable.h(1,1): warning C4828: 文件包含在偏移 0x3ea 处开始的字符，该字符在当前源字符集中无效(代码页 65001)。
  (编译源文件“x64/Release/qt/moc/moc_frmEdgeWidthMeasure.cpp”)
  
G:\QMacVisual(CV3)(25000)\QMacVisual(CV3)2022.9.21(25000)\QMacVisual(CV3)\QPlugins\GeometryMeasure\EdgeWidthMeasure\gvariable.h(1,1): warning C4828: 文件包含在偏移 0x3eb 处开始的字符，该字符在当前源字符集中无效(代码页 65001)。
  (编译源文件“x64/Release/qt/moc/moc_frmEdgeWidthMeasure.cpp”)
  
G:\QMacVisual(CV3)(25000)\QMacVisual(CV3)2022.9.21(25000)\QMacVisual(CV3)\QPlugins\GeometryMeasure\EdgeWidthMeasure\gvariable.h(1,1): warning C4828: 文件包含在偏移 0x472 处开始的字符，该字符在当前源字符集中无效(代码页 65001)。
  (编译源文件“x64/Release/qt/moc/moc_frmEdgeWidthMeasure.cpp”)
  
G:\QMacVisual(CV3)(25000)\QMacVisual(CV3)2022.9.21(25000)\QMacVisual(CV3)\QPlugins\GeometryMeasure\EdgeWidthMeasure\gvariable.h(1,1): warning C4828: 文件包含在偏移 0x514 处开始的字符，该字符在当前源字符集中无效(代码页 65001)。
  (编译源文件“x64/Release/qt/moc/moc_frmEdgeWidthMeasure.cpp”)
  
G:\QMacVisual(CV3)(25000)\QMacVisual(CV3)2022.9.21(25000)\QMacVisual(CV3)\QPlugins\GeometryMeasure\EdgeWidthMeasure\gvariable.h(1,1): warning C4828: 文件包含在偏移 0x5c3 处开始的字符，该字符在当前源字符集中无效(代码页 65001)。
  (编译源文件“x64/Release/qt/moc/moc_frmEdgeWidthMeasure.cpp”)
  
G:\QMacVisual(CV3)(25000)\QMacVisual(CV3)2022.9.21(25000)\QMacVisual(CV3)\QPlugins\GeometryMeasure\EdgeWidthMeasure\gvariable.h(1,1): warning C4828: 文件包含在偏移 0x5c4 处开始的字符，该字符在当前源字符集中无效(代码页 65001)。
  (编译源文件“x64/Release/qt/moc/moc_frmEdgeWidthMeasure.cpp”)
  
G:\QMacVisual(CV3)(25000)\QMacVisual(CV3)2022.9.21(25000)\QMacVisual(CV3)\QPlugins\GeometryMeasure\EdgeWidthMeasure\gvariable.h(1,1): warning C4828: 文件包含在偏移 0x5c5 处开始的字符，该字符在当前源字符集中无效(代码页 65001)。
  (编译源文件“x64/Release/qt/moc/moc_frmEdgeWidthMeasure.cpp”)
  
G:\QMacVisual(CV3)(25000)\QMacVisual(CV3)2022.9.21(25000)\QMacVisual(CV3)\QPlugins\GeometryMeasure\EdgeWidthMeasure\gvariable.h(1,1): warning C4828: 文件包含在偏移 0x5c6 处开始的字符，该字符在当前源字符集中无效(代码页 65001)。
  (编译源文件“x64/Release/qt/moc/moc_frmEdgeWidthMeasure.cpp”)
  
G:\QMacVisual(CV3)(25000)\QMacVisual(CV3)2022.9.21(25000)\QMacVisual(CV3)\QPlugins\GeometryMeasure\EdgeWidthMeasure\gvariable.h(1,1): warning C4828: 文件包含在偏移 0x5c8 处开始的字符，该字符在当前源字符集中无效(代码页 65001)。
  (编译源文件“x64/Release/qt/moc/moc_frmEdgeWidthMeasure.cpp”)
  
G:\QMacVisual(CV3)(25000)\QMacVisual(CV3)2022.9.21(25000)\QMacVisual(CV3)\QPlugins\GeometryMeasure\EdgeWidthMeasure\gvariable.h(1,1): warning C4828: 文件包含在偏移 0x5c9 处开始的字符，该字符在当前源字符集中无效(代码页 65001)。
  (编译源文件“x64/Release/qt/moc/moc_frmEdgeWidthMeasure.cpp”)
  
G:\QMacVisual(CV3)(25000)\QMacVisual(CV3)2022.9.21(25000)\QMacVisual(CV3)\QPlugins\GeometryMeasure\EdgeWidthMeasure\gvariable.h(1,1): warning C4828: 文件包含在偏移 0x66f 处开始的字符，该字符在当前源字符集中无效(代码页 65001)。
  (编译源文件“x64/Release/qt/moc/moc_frmEdgeWidthMeasure.cpp”)
  
G:\QMacVisual(CV3)(25000)\QMacVisual(CV3)2022.9.21(25000)\QMacVisual(CV3)\QPlugins\GeometryMeasure\EdgeWidthMeasure\gvariable.h(1,1): warning C4828: 文件包含在偏移 0x670 处开始的字符，该字符在当前源字符集中无效(代码页 65001)。
  (编译源文件“x64/Release/qt/moc/moc_frmEdgeWidthMeasure.cpp”)
  
G:\QMacVisual(CV3)(25000)\QMacVisual(CV3)2022.9.21(25000)\QMacVisual(CV3)\QPlugins\GeometryMeasure\EdgeWidthMeasure\gvariable.h(1,1): warning C4828: 文件包含在偏移 0x671 处开始的字符，该字符在当前源字符集中无效(代码页 65001)。
  (编译源文件“x64/Release/qt/moc/moc_frmEdgeWidthMeasure.cpp”)
  
G:\QMacVisual(CV3)(25000)\QMacVisual(CV3)2022.9.21(25000)\QMacVisual(CV3)\QPlugins\GeometryMeasure\EdgeWidthMeasure\gvariable.h(1,1): warning C4828: 文件包含在偏移 0x673 处开始的字符，该字符在当前源字符集中无效(代码页 65001)。
  (编译源文件“x64/Release/qt/moc/moc_frmEdgeWidthMeasure.cpp”)
  
G:\QMacVisual(CV3)(25000)\QMacVisual(CV3)2022.9.21(25000)\QMacVisual(CV3)\QPlugins\GeometryMeasure\EdgeWidthMeasure\gvariable.h(1,1): warning C4828: 文件包含在偏移 0x732 处开始的字符，该字符在当前源字符集中无效(代码页 65001)。
  (编译源文件“x64/Release/qt/moc/moc_frmEdgeWidthMeasure.cpp”)
  
G:\QMacVisual(CV3)(25000)\QMacVisual(CV3)2022.9.21(25000)\QMacVisual(CV3)\QPlugins\GeometryMeasure\EdgeWidthMeasure\gvariable.h(1,1): warning C4828: 文件包含在偏移 0x735 处开始的字符，该字符在当前源字符集中无效(代码页 65001)。
  (编译源文件“x64/Release/qt/moc/moc_frmEdgeWidthMeasure.cpp”)
  
G:\QMacVisual(CV3)(25000)\QMacVisual(CV3)2022.9.21(25000)\QMacVisual(CV3)\QPlugins\GeometryMeasure\EdgeWidthMeasure\gvariable.h(1,1): warning C4828: 文件包含在偏移 0x736 处开始的字符，该字符在当前源字符集中无效(代码页 65001)。
  (编译源文件“x64/Release/qt/moc/moc_frmEdgeWidthMeasure.cpp”)
  
G:\QMacVisual(CV3)(25000)\QMacVisual(CV3)2022.9.21(25000)\QMacVisual(CV3)\QPlugins\GeometryMeasure\EdgeWidthMeasure\gvariable.h(1,1): warning C4828: 文件包含在偏移 0x737 处开始的字符，该字符在当前源字符集中无效(代码页 65001)。
  (编译源文件“x64/Release/qt/moc/moc_frmEdgeWidthMeasure.cpp”)
  
G:\QMacVisual(CV3)(25000)\QMacVisual(CV3)2022.9.21(25000)\QMacVisual(CV3)\QPlugins\GeometryMeasure\EdgeWidthMeasure\gvariable.h(1,1): warning C4828: 文件包含在偏移 0x7ea 处开始的字符，该字符在当前源字符集中无效(代码页 65001)。
  (编译源文件“x64/Release/qt/moc/moc_frmEdgeWidthMeasure.cpp”)
  
G:\QMacVisual(CV3)(25000)\QMacVisual(CV3)2022.9.21(25000)\QMacVisual(CV3)\QPlugins\GeometryMeasure\EdgeWidthMeasure\gvariable.h(1,1): warning C4828: 文件包含在偏移 0x7ed 处开始的字符，该字符在当前源字符集中无效(代码页 65001)。
  (编译源文件“x64/Release/qt/moc/moc_frmEdgeWidthMeasure.cpp”)
  
G:\QMacVisual(CV3)(25000)\QMacVisual(CV3)2022.9.21(25000)\QMacVisual(CV3)\QPlugins\GeometryMeasure\EdgeWidthMeasure\gvariable.h(1,1): warning C4828: 文件包含在偏移 0x7ee 处开始的字符，该字符在当前源字符集中无效(代码页 65001)。
  (编译源文件“x64/Release/qt/moc/moc_frmEdgeWidthMeasure.cpp”)
  
    正在创建库 ../../../QSoftExe/Release/Plugins/Z_EdgeWidthMeasure.lib 和对象 ../../../QSoftExe/Release/Plugins/Z_EdgeWidthMeasure.exp
  Z_EdgeWidthMeasure.vcxproj -> G:\QMacVisual(CV3)(25000)\QMacVisual(CV3)2022.9.21(25000)\QMacVisual(CV3)\QSoftExe\Release\Plugins\Z_EdgeWidthMeasure.dll
